[2025-11-03 00:00:40:238762][http-nio-9090-exec-3] INFO  back.code.filter.JWTFilter - acessToken is null
[2025-11-03 00:00:40:238829][http-nio-9090-exec-3] DEBUG org.hibernate.SQL - 
    SELECT
        CASE 
            WHEN COUNT(*) > 0 
                THEN 1 
            ELSE 0 
    END 
FROM
    user 
WHERE
    REPLACE(phone, '-', '') = ?
[2025-11-03 00:00:40:238859][http-nio-9090-exec-3] INFO  p6spy - 2025-11-03 00:00:40 | OperationTime : 28ms | 
(P6Spy sql, Hibernate format):

    SELECT
        CASE 
            WHEN COUNT(*) > 0 
                THEN 1 
            ELSE 0 
    END 
FROM
    user 
WHERE
    REPLACE(phone, '-', '') = '01082540386'
[2025-11-03 00:00:40:238870][http-nio-9090-exec-3] INFO  p6spy - 
[2025-11-03 00:00:43:241355][http-nio-9090-exec-6] INFO  back.code.filter.JWTFilter - acessToken is null
[2025-11-03 00:00:58:256758][http-nio-9090-exec-7] INFO  back.code.filter.JWTFilter - acessToken is null
[2025-11-03 00:01:49:307508][http-nio-9090-exec-8] INFO  back.code.filter.JWTFilter - acessToken is null
[2025-11-03 00:01:51:309542][File Watcher] INFO  o.s.b.d.a.LocalDevToolsAutoConfiguration$RestartingClassPathChangeChangedEventListener - Restarting due to 1 class path change (0 additions, 1 deletion, 0 modifications)
[2025-11-03 00:01:51:309547][Thread-11] INFO  o.s.b.w.e.tomcat.GracefulShutdown - Commencing graceful shutdown. Waiting for active requests to complete
[2025-11-03 00:01:51:309550][tomcat-shutdown] INFO  o.a.coyote.http11.Http11NioProtocol - Pausing ProtocolHandler ["http-nio-9090"]
[2025-11-03 00:01:51:309559][tomcat-shutdown] INFO  o.s.b.w.e.tomcat.GracefulShutdown - Graceful shutdown complete
[2025-11-03 00:01:51:309559][Thread-11] INFO  o.a.coyote.http11.Http11NioProtocol - Stopping ProtocolHandler ["http-nio-9090"]
[2025-11-03 00:01:51:309589][Thread-11] INFO  o.s.o.j.LocalContainerEntityManagerFactoryBean - Closing JPA EntityManagerFactory for persistence unit 'default'
[2025-11-03 00:01:51:309604][Thread-11] INFO  com.zaxxer.hikari.HikariDataSource - HikariPool-1 - Shutdown initiated...
[2025-11-03 00:01:51:309610][Thread-11] INFO  com.zaxxer.hikari.HikariDataSource - HikariPool-1 - Shutdown completed.
[2025-11-03 00:01:51:309813][restartedMain] INFO  back.code.ModuBackApplication - Starting ModuBackApplication using Java 21.0.7 with PID 13744 (C:\modu_project\modu_back\build\classes\java\main started by sm002 in C:\modu_project\modu_back)
[2025-11-03 00:01:51:309813][restartedMain] INFO  back.code.ModuBackApplication - No active profile set, falling back to 1 default profile: "default"
[2025-11-03 00:01:52:310490][restartedMain] INFO  o.s.d.r.c.RepositoryConfigurationDelegate - Bootstrapping Spring Data JPA repositories in DEFAULT mode.
[2025-11-03 00:01:52:310537][restartedMain] INFO  o.s.d.r.c.RepositoryConfigurationDelegate - Finished Spring Data repository scanning in 50 ms. Found 3 JPA repository interfaces.
[2025-11-03 00:01:52:310904][restartedMain] INFO  o.s.b.w.e.tomcat.TomcatWebServer - Tomcat initialized with port 9090 (http)
[2025-11-03 00:01:52:310906][restartedMain] INFO  o.a.coyote.http11.Http11NioProtocol - Initializing ProtocolHandler ["http-nio-9090"]
[2025-11-03 00:01:52:310911][restartedMain] INFO  o.a.catalina.core.StandardService - Starting service [Tomcat]
[2025-11-03 00:01:52:310919][restartedMain] INFO  o.a.catalina.core.StandardEngine - Starting Servlet engine: [Apache Tomcat/10.1.48]
[2025-11-03 00:01:52:311013][restartedMain] INFO  o.a.c.c.C.[Tomcat].[localhost].[/] - Initializing Spring embedded WebApplicationContext
[2025-11-03 00:01:52:311013][restartedMain] INFO  o.s.b.w.s.c.ServletWebServerApplicationContext - Root WebApplicationContext: initialization completed in 1196 ms
[2025-11-03 00:01:52:311096][restartedMain] INFO  o.h.jpa.internal.util.LogHelper - HHH000204: Processing PersistenceUnitInfo [name: default]
[2025-11-03 00:01:52:311101][restartedMain] INFO  o.h.c.i.RegionFactoryInitiator - HHH000026: Second-level cache disabled
[2025-11-03 00:01:52:311121][restartedMain] INFO  o.s.o.j.p.SpringPersistenceUnitInfo - No LoadTimeWeaver setup: ignoring JPA class transformer
[2025-11-03 00:01:52:311124][restartedMain] INFO  com.zaxxer.hikari.HikariDataSource - HikariPool-2 - Starting...
[2025-11-03 00:01:52:311134][restartedMain] INFO  com.zaxxer.hikari.pool.HikariPool - HikariPool-2 - Added connection org.mariadb.jdbc.Connection@524aa643
[2025-11-03 00:01:52:311134][restartedMain] INFO  com.zaxxer.hikari.HikariDataSource - HikariPool-2 - Start completed.
[2025-11-03 00:01:52:311136][restartedMain] WARN  org.hibernate.orm.deprecation - HHH90000025: MariaDBDialect does not need to be specified explicitly using 'hibernate.dialect' (remove the property setting and it will be selected by default)
[2025-11-03 00:01:52:311137][restartedMain] INFO  o.hibernate.orm.connections.pooling - HHH10001005: Database info:
	Database JDBC URL [Connecting through datasource 'p6SpyDataSourceDecorator [com.p6spy.engine.spy.P6DataSource] -> dataSource [com.zaxxer.hikari.HikariDataSource]']
	Database driver: undefined/unknown
	Database version: 11.8.2
	Autocommit mode: undefined/unknown
	Isolation level: undefined/unknown
	Minimum pool size: undefined/unknown
	Maximum pool size: undefined/unknown
[2025-11-03 00:01:52:311138][restartedMain] DEBUG o.h.t.d.sql.spi.DdlTypeRegistry - addDescriptor(12, org.hibernate.type.descriptor.sql.internal.CapacityDependentDdlType@7ff1f778) replaced previous registration(org.hibernate.type.descriptor.sql.internal.CapacityDependentDdlType@1d1cbdec)
[2025-11-03 00:01:52:311138][restartedMain] DEBUG o.h.t.d.sql.spi.DdlTypeRegistry - addDescriptor(-9, org.hibernate.type.descriptor.sql.internal.CapacityDependentDdlType@3d301f62) replaced previous registration(org.hibernate.type.descriptor.sql.internal.CapacityDependentDdlType@1b557498)
[2025-11-03 00:01:52:311138][restartedMain] DEBUG o.h.t.d.sql.spi.DdlTypeRegistry - addDescriptor(-3, org.hibernate.type.descriptor.sql.internal.CapacityDependentDdlType@6b6f1abd) replaced previous registration(org.hibernate.type.descriptor.sql.internal.CapacityDependentDdlType@13e429e1)
[2025-11-03 00:01:52:311138][restartedMain] DEBUG o.h.t.d.sql.spi.DdlTypeRegistry - addDescriptor(4003, org.hibernate.type.descriptor.sql.internal.DdlTypeImpl@2e92fff0) replaced previous registration(org.hibernate.type.descriptor.sql.internal.DdlTypeImpl@1e53bf0e)
[2025-11-03 00:01:52:311138][restartedMain] DEBUG o.h.t.d.sql.spi.DdlTypeRegistry - addDescriptor(4001, org.hibernate.type.descriptor.sql.internal.DdlTypeImpl@d7af48b) replaced previous registration(org.hibernate.type.descriptor.sql.internal.DdlTypeImpl@3f636fe4)
[2025-11-03 00:01:52:311138][restartedMain] DEBUG o.h.t.d.sql.spi.DdlTypeRegistry - addDescriptor(4002, org.hibernate.type.descriptor.sql.internal.DdlTypeImpl@6b77a87) replaced previous registration(org.hibernate.type.descriptor.sql.internal.DdlTypeImpl@59f0e90)
[2025-11-03 00:01:52:311138][restartedMain] DEBUG o.h.t.d.sql.spi.DdlTypeRegistry - addDescriptor(2004, org.hibernate.type.descriptor.sql.internal.CapacityDependentDdlType@5f1b7c04) replaced previous registration(org.hibernate.type.descriptor.sql.internal.DdlTypeImpl@7b23244c)
[2025-11-03 00:01:52:311139][restartedMain] DEBUG o.h.t.d.sql.spi.DdlTypeRegistry - addDescriptor(2005, org.hibernate.type.descriptor.sql.internal.CapacityDependentDdlType@467d0aed) replaced previous registration(org.hibernate.type.descriptor.sql.internal.DdlTypeImpl@3b6b673c)
[2025-11-03 00:01:52:311139][restartedMain] DEBUG o.h.t.d.sql.spi.DdlTypeRegistry - addDescriptor(2011, org.hibernate.type.descriptor.sql.internal.CapacityDependentDdlType@3f14d709) replaced previous registration(org.hibernate.type.descriptor.sql.internal.DdlTypeImpl@5d7795e3)
[2025-11-03 00:01:52:311272][restartedMain] INFO  o.h.e.t.j.p.i.JtaPlatformInitiator - HHH000489: No JTA platform available (set 'hibernate.transaction.jta.platform' to enable JTA platform integration)
[2025-11-03 00:01:52:311274][restartedMain] INFO  p6spy - #1762095712948 | took 1ms | statement | connection 8| url jdbc:mariadb://localhost/modu?user=root&password=***&prepStmtCacheSqlLimit=2048&useServerPrepStmts=true
select table_name from information_schema.TABLES where table_schema=database() and table_type='SEQUENCE'
select table_name from information_schema.TABLES where table_schema=database() and table_type='SEQUENCE';
[2025-11-03 00:01:52:311311][restartedMain] INFO  o.s.o.j.LocalContainerEntityManagerFactoryBean - Initialized JPA EntityManagerFactory for persistence unit 'default'
[2025-11-03 00:01:53:311873][restartedMain] INFO  o.s.s.c.a.a.c.InitializeAuthenticationProviderBeanManagerConfigurer$InitializeAuthenticationProviderManagerConfigurer - Global AuthenticationManager configured with AuthenticationProvider bean with name authProvider
[2025-11-03 00:01:53:311874][restartedMain] WARN  o.s.s.c.a.a.c.InitializeUserDetailsBeanManagerConfigurer$InitializeUserDetailsManagerConfigurer - Global AuthenticationManager configured with an AuthenticationProvider bean. UserDetailsService beans will not be used by Spring Security for automatically configuring username/password login. Consider removing the AuthenticationProvider bean. Alternatively, consider using the UserDetailsService in a manually instantiated DaoAuthenticationProvider. If the current configuration is intentional, to turn off this warning, increase the logging level of 'org.springframework.security.config.annotation.authentication.configuration.InitializeUserDetailsBeanManagerConfigurer' to ERROR
[2025-11-03 00:01:53:311933][restartedMain] WARN  o.s.s.c.a.web.builders.WebSecurity - You are asking Spring Security to ignore Deferred [Mvc [pattern='/static/imgs/**'], Ant [pattern='/static/imgs/**']]. This is not recommended -- please use permitAll via HttpSecurity#authorizeHttpRequests instead.
[2025-11-03 00:01:53:311933][restartedMain] WARN  o.s.s.c.a.web.builders.WebSecurity - You are asking Spring Security to ignore org.springframework.boot.autoconfigure.security.servlet.StaticResourceRequest$StaticResourceRequestMatcher@3710ed5. This is not recommended -- please use permitAll via HttpSecurity#authorizeHttpRequests instead.
[2025-11-03 00:01:53:312143][restartedMain] INFO  o.s.b.d.a.OptionalLiveReloadServer - LiveReload server is running on port 35729
[2025-11-03 00:01:53:312164][restartedMain] INFO  o.a.coyote.http11.Http11NioProtocol - Starting ProtocolHandler ["http-nio-9090"]
[2025-11-03 00:01:53:312168][restartedMain] INFO  o.s.b.w.e.tomcat.TomcatWebServer - Tomcat started on port 9090 (http) with context path '/'
[2025-11-03 00:01:53:312174][restartedMain] INFO  back.code.ModuBackApplication - Started ModuBackApplication in 2.471 seconds (process running for 313.295)
[2025-11-03 00:01:53:312177][restartedMain] INFO  o.s.b.d.a.ConditionEvaluationDeltaLoggingListener - Condition evaluation unchanged
[2025-11-03 00:01:55:313593][File Watcher] INFO  o.s.b.d.a.LocalDevToolsAutoConfiguration$RestartingClassPathChangeChangedEventListener - Restarting due to 1 class path change (1 addition, 0 deletions, 0 modifications)
[2025-11-03 00:01:55:313595][Thread-13] INFO  o.s.b.w.e.tomcat.GracefulShutdown - Commencing graceful shutdown. Waiting for active requests to complete
[2025-11-03 00:01:55:313596][tomcat-shutdown] INFO  o.a.coyote.http11.Http11NioProtocol - Pausing ProtocolHandler ["http-nio-9090"]
[2025-11-03 00:01:55:313602][tomcat-shutdown] INFO  o.s.b.w.e.tomcat.GracefulShutdown - Graceful shutdown complete
[2025-11-03 00:01:55:313603][Thread-13] INFO  o.a.coyote.http11.Http11NioProtocol - Stopping ProtocolHandler ["http-nio-9090"]
[2025-11-03 00:01:55:313607][Thread-13] INFO  o.s.o.j.LocalContainerEntityManagerFactoryBean - Closing JPA EntityManagerFactory for persistence unit 'default'
[2025-11-03 00:01:55:313625][Thread-13] INFO  com.zaxxer.hikari.HikariDataSource - HikariPool-2 - Shutdown initiated...
[2025-11-03 00:01:55:313643][Thread-13] INFO  com.zaxxer.hikari.HikariDataSource - HikariPool-2 - Shutdown completed.
[2025-11-03 00:01:55:313849][restartedMain] INFO  back.code.ModuBackApplication - Starting ModuBackApplication using Java 21.0.7 with PID 13744 (C:\modu_project\modu_back\build\classes\java\main started by sm002 in C:\modu_project\modu_back)
[2025-11-03 00:01:55:313849][restartedMain] INFO  back.code.ModuBackApplication - No active profile set, falling back to 1 default profile: "default"
[2025-11-03 00:01:56:314450][restartedMain] INFO  o.s.d.r.c.RepositoryConfigurationDelegate - Bootstrapping Spring Data JPA repositories in DEFAULT mode.
[2025-11-03 00:01:56:314498][restartedMain] INFO  o.s.d.r.c.RepositoryConfigurationDelegate - Finished Spring Data repository scanning in 50 ms. Found 3 JPA repository interfaces.
[2025-11-03 00:01:56:314773][restartedMain] INFO  o.s.b.w.e.tomcat.TomcatWebServer - Tomcat initialized with port 9090 (http)
[2025-11-03 00:01:56:314773][restartedMain] INFO  o.a.coyote.http11.Http11NioProtocol - Initializing ProtocolHandler ["http-nio-9090"]
[2025-11-03 00:01:56:314773][restartedMain] INFO  o.a.catalina.core.StandardService - Starting service [Tomcat]
[2025-11-03 00:01:56:314773][restartedMain] INFO  o.a.catalina.core.StandardEngine - Starting Servlet engine: [Apache Tomcat/10.1.48]
[2025-11-03 00:01:56:314847][restartedMain] INFO  o.a.c.c.C.[Tomcat].[localhost].[/] - Initializing Spring embedded WebApplicationContext
[2025-11-03 00:01:56:314847][restartedMain] INFO  o.s.b.w.s.c.ServletWebServerApplicationContext - Root WebApplicationContext: initialization completed in 991 ms
[2025-11-03 00:01:56:314957][restartedMain] INFO  o.h.jpa.internal.util.LogHelper - HHH000204: Processing PersistenceUnitInfo [name: default]
[2025-11-03 00:01:56:314964][restartedMain] INFO  o.h.c.i.RegionFactoryInitiator - HHH000026: Second-level cache disabled
[2025-11-03 00:01:56:314979][restartedMain] INFO  o.s.o.j.p.SpringPersistenceUnitInfo - No LoadTimeWeaver setup: ignoring JPA class transformer
[2025-11-03 00:01:56:314981][restartedMain] INFO  com.zaxxer.hikari.HikariDataSource - HikariPool-3 - Starting...
[2025-11-03 00:01:56:314986][restartedMain] INFO  com.zaxxer.hikari.pool.HikariPool - HikariPool-3 - Added connection org.mariadb.jdbc.Connection@7f4cc64f
[2025-11-03 00:01:56:314986][restartedMain] INFO  com.zaxxer.hikari.HikariDataSource - HikariPool-3 - Start completed.
[2025-11-03 00:01:56:314987][restartedMain] WARN  org.hibernate.orm.deprecation - HHH90000025: MariaDBDialect does not need to be specified explicitly using 'hibernate.dialect' (remove the property setting and it will be selected by default)
[2025-11-03 00:01:56:314988][restartedMain] INFO  o.hibernate.orm.connections.pooling - HHH10001005: Database info:
	Database JDBC URL [Connecting through datasource 'p6SpyDataSourceDecorator [com.p6spy.engine.spy.P6DataSource] -> dataSource [com.zaxxer.hikari.HikariDataSource]']
	Database driver: undefined/unknown
	Database version: 11.8.2
	Autocommit mode: undefined/unknown
	Isolation level: undefined/unknown
	Minimum pool size: undefined/unknown
	Maximum pool size: undefined/unknown
[2025-11-03 00:01:56:314988][restartedMain] DEBUG o.h.t.d.sql.spi.DdlTypeRegistry - addDescriptor(12, org.hibernate.type.descriptor.sql.internal.CapacityDependentDdlType@5320a647) replaced previous registration(org.hibernate.type.descriptor.sql.internal.CapacityDependentDdlType@661dbf30)
[2025-11-03 00:01:56:314988][restartedMain] DEBUG o.h.t.d.sql.spi.DdlTypeRegistry - addDescriptor(-9, org.hibernate.type.descriptor.sql.internal.CapacityDependentDdlType@2f51b322) replaced previous registration(org.hibernate.type.descriptor.sql.internal.CapacityDependentDdlType@414ea00f)
[2025-11-03 00:01:56:314988][restartedMain] DEBUG o.h.t.d.sql.spi.DdlTypeRegistry - addDescriptor(-3, org.hibernate.type.descriptor.sql.internal.CapacityDependentDdlType@170a24ff) replaced previous registration(org.hibernate.type.descriptor.sql.internal.CapacityDependentDdlType@1c65fd11)
[2025-11-03 00:01:56:314988][restartedMain] DEBUG o.h.t.d.sql.spi.DdlTypeRegistry - addDescriptor(4003, org.hibernate.type.descriptor.sql.internal.DdlTypeImpl@3e0f851c) replaced previous registration(org.hibernate.type.descriptor.sql.internal.DdlTypeImpl@a75140a)
[2025-11-03 00:01:56:314990][restartedMain] DEBUG o.h.t.d.sql.spi.DdlTypeRegistry - addDescriptor(4001, org.hibernate.type.descriptor.sql.internal.DdlTypeImpl@4c1ee467) replaced previous registration(org.hibernate.type.descriptor.sql.internal.DdlTypeImpl@7f201580)
[2025-11-03 00:01:56:314990][restartedMain] DEBUG o.h.t.d.sql.spi.DdlTypeRegistry - addDescriptor(4002, org.hibernate.type.descriptor.sql.internal.DdlTypeImpl@3d45481d) replaced previous registration(org.hibernate.type.descriptor.sql.internal.DdlTypeImpl@1f32cefb)
[2025-11-03 00:01:56:314990][restartedMain] DEBUG o.h.t.d.sql.spi.DdlTypeRegistry - addDescriptor(2004, org.hibernate.type.descriptor.sql.internal.CapacityDependentDdlType@24b42ca6) replaced previous registration(org.hibernate.type.descriptor.sql.internal.DdlTypeImpl@5bc7a1a5)
[2025-11-03 00:01:56:314990][restartedMain] DEBUG o.h.t.d.sql.spi.DdlTypeRegistry - addDescriptor(2005, org.hibernate.type.descriptor.sql.internal.CapacityDependentDdlType@4c550f60) replaced previous registration(org.hibernate.type.descriptor.sql.internal.DdlTypeImpl@45994507)
[2025-11-03 00:01:56:314990][restartedMain] DEBUG o.h.t.d.sql.spi.DdlTypeRegistry - addDescriptor(2011, org.hibernate.type.descriptor.sql.internal.CapacityDependentDdlType@404d800e) replaced previous registration(org.hibernate.type.descriptor.sql.internal.DdlTypeImpl@26e1cb2b)
[2025-11-03 00:01:56:315128][restartedMain] INFO  o.h.e.t.j.p.i.JtaPlatformInitiator - HHH000489: No JTA platform available (set 'hibernate.transaction.jta.platform' to enable JTA platform integration)
[2025-11-03 00:01:56:315130][restartedMain] INFO  p6spy - #1762095716804 | took 1ms | statement | connection 10| url jdbc:mariadb://localhost/modu?user=root&password=***&prepStmtCacheSqlLimit=2048&useServerPrepStmts=true
select table_name from information_schema.TABLES where table_schema=database() and table_type='SEQUENCE'
select table_name from information_schema.TABLES where table_schema=database() and table_type='SEQUENCE';
[2025-11-03 00:01:56:315167][restartedMain] INFO  o.s.o.j.LocalContainerEntityManagerFactoryBean - Initialized JPA EntityManagerFactory for persistence unit 'default'
[2025-11-03 00:01:57:315548][restartedMain] INFO  o.s.s.c.a.a.c.InitializeAuthenticationProviderBeanManagerConfigurer$InitializeAuthenticationProviderManagerConfigurer - Global AuthenticationManager configured with AuthenticationProvider bean with name authProvider
[2025-11-03 00:01:57:315549][restartedMain] WARN  o.s.s.c.a.a.c.InitializeUserDetailsBeanManagerConfigurer$InitializeUserDetailsManagerConfigurer - Global AuthenticationManager configured with an AuthenticationProvider bean. UserDetailsService beans will not be used by Spring Security for automatically configuring username/password login. Consider removing the AuthenticationProvider bean. Alternatively, consider using the UserDetailsService in a manually instantiated DaoAuthenticationProvider. If the current configuration is intentional, to turn off this warning, increase the logging level of 'org.springframework.security.config.annotation.authentication.configuration.InitializeUserDetailsBeanManagerConfigurer' to ERROR
[2025-11-03 00:01:57:315598][restartedMain] WARN  o.s.s.c.a.web.builders.WebSecurity - You are asking Spring Security to ignore Deferred [Mvc [pattern='/static/imgs/**'], Ant [pattern='/static/imgs/**']]. This is not recommended -- please use permitAll via HttpSecurity#authorizeHttpRequests instead.
[2025-11-03 00:01:57:315598][restartedMain] WARN  o.s.s.c.a.web.builders.WebSecurity - You are asking Spring Security to ignore org.springframework.boot.autoconfigure.security.servlet.StaticResourceRequest$StaticResourceRequestMatcher@7456b179. This is not recommended -- please use permitAll via HttpSecurity#authorizeHttpRequests instead.
[2025-11-03 00:01:57:315722][restartedMain] INFO  o.s.b.d.a.OptionalLiveReloadServer - LiveReload server is running on port 35729
[2025-11-03 00:01:57:315740][restartedMain] INFO  o.a.coyote.http11.Http11NioProtocol - Starting ProtocolHandler ["http-nio-9090"]
[2025-11-03 00:01:57:315745][restartedMain] INFO  o.s.b.w.e.tomcat.TomcatWebServer - Tomcat started on port 9090 (http) with context path '/'
[2025-11-03 00:01:57:315750][restartedMain] INFO  back.code.ModuBackApplication - Started ModuBackApplication in 1.978 seconds (process running for 316.871)
[2025-11-03 00:01:57:315752][restartedMain] INFO  o.s.b.d.a.ConditionEvaluationDeltaLoggingListener - Condition evaluation unchanged
[2025-11-03 00:02:04:322972][SpringApplicationShutdownHook] INFO  o.s.b.w.e.tomcat.GracefulShutdown - Commencing graceful shutdown. Waiting for active requests to complete
[2025-11-03 00:02:04:322980][tomcat-shutdown] INFO  o.s.b.w.e.tomcat.GracefulShutdown - Graceful shutdown complete
[2025-11-03 00:02:04:322985][SpringApplicationShutdownHook] INFO  o.s.o.j.LocalContainerEntityManagerFactoryBean - Closing JPA EntityManagerFactory for persistence unit 'default'
[2025-11-03 00:02:04:322986][SpringApplicationShutdownHook] INFO  com.zaxxer.hikari.HikariDataSource - HikariPool-3 - Shutdown initiated...
[2025-11-03 00:02:04:322991][SpringApplicationShutdownHook] INFO  com.zaxxer.hikari.HikariDataSource - HikariPool-3 - Shutdown completed.
[2025-11-03 00:02:08:1113][background-preinit] INFO  o.h.validator.internal.util.Version - HV000001: Hibernate Validator 8.0.3.Final
[2025-11-03 00:02:08:1188][restartedMain] INFO  back.code.ModuBackApplication - Starting ModuBackApplication using Java 21.0.7 with PID 24212 (C:\modu_project\modu_back\build\classes\java\main started by sm002 in C:\modu_project\modu_back)
[2025-11-03 00:02:08:1188][restartedMain] INFO  back.code.ModuBackApplication - No active profile set, falling back to 1 default profile: "default"
[2025-11-03 00:02:09:1247][restartedMain] INFO  o.s.b.d.e.DevToolsPropertyDefaultsPostProcessor - Devtools property defaults active! Set 'spring.devtools.add-properties' to 'false' to disable
[2025-11-03 00:02:09:1247][restartedMain] INFO  o.s.b.d.e.DevToolsPropertyDefaultsPostProcessor - For additional web related logging consider setting the 'logging.level.web' property to 'DEBUG'
[2025-11-03 00:02:10:2551][restartedMain] INFO  o.s.d.r.c.RepositoryConfigurationDelegate - Bootstrapping Spring Data JPA repositories in DEFAULT mode.
[2025-11-03 00:02:10:2782][restartedMain] INFO  o.s.d.r.c.RepositoryConfigurationDelegate - Finished Spring Data repository scanning in 220 ms. Found 3 JPA repository interfaces.
[2025-11-03 00:02:11:3770][restartedMain] INFO  o.s.b.w.e.tomcat.TomcatWebServer - Tomcat initialized with port 9090 (http)
[2025-11-03 00:02:11:3786][restartedMain] INFO  o.a.coyote.http11.Http11NioProtocol - Initializing ProtocolHandler ["http-nio-9090"]
[2025-11-03 00:02:11:3788][restartedMain] INFO  o.a.catalina.core.StandardService - Starting service [Tomcat]
[2025-11-03 00:02:11:3788][restartedMain] INFO  o.a.catalina.core.StandardEngine - Starting Servlet engine: [Apache Tomcat/10.1.48]
[2025-11-03 00:02:11:3876][restartedMain] INFO  o.a.c.c.C.[Tomcat].[localhost].[/] - Initializing Spring embedded WebApplicationContext
[2025-11-03 00:02:11:3876][restartedMain] INFO  o.s.b.w.s.c.ServletWebServerApplicationContext - Root WebApplicationContext: initialization completed in 2628 ms
[2025-11-03 00:02:11:4149][restartedMain] INFO  o.h.jpa.internal.util.LogHelper - HHH000204: Processing PersistenceUnitInfo [name: default]
[2025-11-03 00:02:11:4221][restartedMain] INFO  org.hibernate.Version - HHH000412: Hibernate ORM core version 6.6.33.Final
[2025-11-03 00:02:12:4264][restartedMain] INFO  o.h.c.i.RegionFactoryInitiator - HHH000026: Second-level cache disabled
[2025-11-03 00:02:12:4684][restartedMain] INFO  o.s.o.j.p.SpringPersistenceUnitInfo - No LoadTimeWeaver setup: ignoring JPA class transformer
[2025-11-03 00:02:12:4731][restartedMain] INFO  com.zaxxer.hikari.HikariDataSource - HikariPool-1 - Starting...
[2025-11-03 00:02:12:4846][restartedMain] INFO  com.zaxxer.hikari.pool.HikariPool - HikariPool-1 - Added connection org.mariadb.jdbc.Connection@253dba35
[2025-11-03 00:02:12:4849][restartedMain] INFO  com.zaxxer.hikari.HikariDataSource - HikariPool-1 - Start completed.
[2025-11-03 00:02:12:4880][restartedMain] WARN  org.hibernate.orm.deprecation - HHH90000025: MariaDBDialect does not need to be specified explicitly using 'hibernate.dialect' (remove the property setting and it will be selected by default)
[2025-11-03 00:02:12:4903][restartedMain] INFO  o.hibernate.orm.connections.pooling - HHH10001005: Database info:
	Database JDBC URL [Connecting through datasource 'p6SpyDataSourceDecorator [com.p6spy.engine.spy.P6DataSource] -> dataSource [com.zaxxer.hikari.HikariDataSource]']
	Database driver: undefined/unknown
	Database version: 11.8.2
	Autocommit mode: undefined/unknown
	Isolation level: undefined/unknown
	Minimum pool size: undefined/unknown
	Maximum pool size: undefined/unknown
[2025-11-03 00:02:12:4913][restartedMain] DEBUG o.h.t.d.sql.spi.DdlTypeRegistry - addDescriptor(12, org.hibernate.type.descriptor.sql.internal.CapacityDependentDdlType@5f23555f) replaced previous registration(org.hibernate.type.descriptor.sql.internal.CapacityDependentDdlType@13936a9a)
[2025-11-03 00:02:12:4913][restartedMain] DEBUG o.h.t.d.sql.spi.DdlTypeRegistry - addDescriptor(-9, org.hibernate.type.descriptor.sql.internal.CapacityDependentDdlType@5e8b4c6) replaced previous registration(org.hibernate.type.descriptor.sql.internal.CapacityDependentDdlType@4254c84)
[2025-11-03 00:02:12:4913][restartedMain] DEBUG o.h.t.d.sql.spi.DdlTypeRegistry - addDescriptor(-3, org.hibernate.type.descriptor.sql.internal.CapacityDependentDdlType@41e978f2) replaced previous registration(org.hibernate.type.descriptor.sql.internal.CapacityDependentDdlType@49261def)
[2025-11-03 00:02:12:4913][restartedMain] DEBUG o.h.t.d.sql.spi.DdlTypeRegistry - addDescriptor(4003, org.hibernate.type.descriptor.sql.internal.DdlTypeImpl@928ce89) replaced previous registration(org.hibernate.type.descriptor.sql.internal.DdlTypeImpl@27c7f244)
[2025-11-03 00:02:12:4913][restartedMain] DEBUG o.h.t.d.sql.spi.DdlTypeRegistry - addDescriptor(4001, org.hibernate.type.descriptor.sql.internal.DdlTypeImpl@2d6330a6) replaced previous registration(org.hibernate.type.descriptor.sql.internal.DdlTypeImpl@54538980)
[2025-11-03 00:02:12:4914][restartedMain] DEBUG o.h.t.d.sql.spi.DdlTypeRegistry - addDescriptor(4002, org.hibernate.type.descriptor.sql.internal.DdlTypeImpl@1bc05905) replaced previous registration(org.hibernate.type.descriptor.sql.internal.DdlTypeImpl@38dcdeb)
[2025-11-03 00:02:12:4914][restartedMain] DEBUG o.h.t.d.sql.spi.DdlTypeRegistry - addDescriptor(2004, org.hibernate.type.descriptor.sql.internal.CapacityDependentDdlType@37df3b3c) replaced previous registration(org.hibernate.type.descriptor.sql.internal.DdlTypeImpl@7f08abce)
[2025-11-03 00:02:12:4914][restartedMain] DEBUG o.h.t.d.sql.spi.DdlTypeRegistry - addDescriptor(2005, org.hibernate.type.descriptor.sql.internal.CapacityDependentDdlType@6699cd5b) replaced previous registration(org.hibernate.type.descriptor.sql.internal.DdlTypeImpl@b96b6f6)
[2025-11-03 00:02:12:4914][restartedMain] DEBUG o.h.t.d.sql.spi.DdlTypeRegistry - addDescriptor(2011, org.hibernate.type.descriptor.sql.internal.CapacityDependentDdlType@455e7a63) replaced previous registration(org.hibernate.type.descriptor.sql.internal.DdlTypeImpl@7fb2ffdd)
[2025-11-03 00:02:13:5874][restartedMain] INFO  o.h.e.t.j.p.i.JtaPlatformInitiator - HHH000489: No JTA platform available (set 'hibernate.transaction.jta.platform' to enable JTA platform integration)
[2025-11-03 00:02:13:5905][restartedMain] INFO  p6spy - #1762095733664 | took 4ms | statement | connection 1| url jdbc:mariadb://localhost/modu?user=root&password=***&prepStmtCacheSqlLimit=2048&useServerPrepStmts=true
select table_name from information_schema.TABLES where table_schema=database() and table_type='SEQUENCE'
select table_name from information_schema.TABLES where table_schema=database() and table_type='SEQUENCE';
[2025-11-03 00:02:13:5943][restartedMain] INFO  o.s.o.j.LocalContainerEntityManagerFactoryBean - Initialized JPA EntityManagerFactory for persistence unit 'default'
[2025-11-03 00:02:14:6251][restartedMain] INFO  o.s.d.j.r.q.QueryEnhancerFactory - Hibernate is in classpath; If applicable, HQL parser will be used.
[2025-11-03 00:02:15:7646][restartedMain] INFO  o.s.s.c.a.a.c.InitializeAuthenticationProviderBeanManagerConfigurer$InitializeAuthenticationProviderManagerConfigurer - Global AuthenticationManager configured with AuthenticationProvider bean with name authProvider
[2025-11-03 00:02:15:7647][restartedMain] WARN  o.s.s.c.a.a.c.InitializeUserDetailsBeanManagerConfigurer$InitializeUserDetailsManagerConfigurer - Global AuthenticationManager configured with an AuthenticationProvider bean. UserDetailsService beans will not be used by Spring Security for automatically configuring username/password login. Consider removing the AuthenticationProvider bean. Alternatively, consider using the UserDetailsService in a manually instantiated DaoAuthenticationProvider. If the current configuration is intentional, to turn off this warning, increase the logging level of 'org.springframework.security.config.annotation.authentication.configuration.InitializeUserDetailsBeanManagerConfigurer' to ERROR
[2025-11-03 00:02:15:7758][restartedMain] WARN  o.s.s.c.a.web.builders.WebSecurity - You are asking Spring Security to ignore Deferred [Mvc [pattern='/static/imgs/**'], Ant [pattern='/static/imgs/**']]. This is not recommended -- please use permitAll via HttpSecurity#authorizeHttpRequests instead.
[2025-11-03 00:02:15:7758][restartedMain] WARN  o.s.s.c.a.web.builders.WebSecurity - You are asking Spring Security to ignore org.springframework.boot.autoconfigure.security.servlet.StaticResourceRequest$StaticResourceRequestMatcher@2c2d540b. This is not recommended -- please use permitAll via HttpSecurity#authorizeHttpRequests instead.
[2025-11-03 00:02:15:8094][restartedMain] INFO  o.s.b.d.a.OptionalLiveReloadServer - LiveReload server is running on port 35729
[2025-11-03 00:02:15:8125][restartedMain] INFO  o.a.coyote.http11.Http11NioProtocol - Starting ProtocolHandler ["http-nio-9090"]
[2025-11-03 00:02:15:8143][restartedMain] INFO  o.s.b.w.e.tomcat.TomcatWebServer - Tomcat started on port 9090 (http) with context path '/'
[2025-11-03 00:02:15:8155][restartedMain] INFO  back.code.ModuBackApplication - Started ModuBackApplication in 7.567 seconds (process running for 8.96)
[2025-11-03 00:02:50:43095][http-nio-9090-exec-2] INFO  o.a.c.c.C.[Tomcat].[localhost].[/] - Initializing Spring DispatcherServlet 'dispatcherServlet'
[2025-11-03 00:02:50:43095][http-nio-9090-exec-2] INFO  o.s.web.servlet.DispatcherServlet - Initializing Servlet 'dispatcherServlet'
[2025-11-03 00:02:50:43096][http-nio-9090-exec-2] INFO  o.s.web.servlet.DispatcherServlet - Completed initialization in 1 ms
[2025-11-03 00:02:50:43135][http-nio-9090-exec-2] INFO  back.code.filter.JWTFilter - acessToken is null
[2025-11-03 00:02:51:43308][http-nio-9090-exec-2] DEBUG org.hibernate.SQL - 
    select
        count(*) 
    from
        user ue1_0 
    where
        ue1_0.user_id=?
[2025-11-03 00:02:51:43315][http-nio-9090-exec-2] INFO  p6spy - 2025-11-03 00:02:51 | OperationTime : 0ms | 
(P6Spy sql, Hibernate format):

    select
        count(*) 
    from
        user ue1_0 
    where
        ue1_0.user_id='sm00216'
[2025-11-03 00:02:51:43335][http-nio-9090-exec-2] INFO  p6spy - 
[2025-11-03 00:03:02:54608][http-nio-9090-exec-1] INFO  back.code.filter.JWTFilter - acessToken is null
[2025-11-03 00:03:02:54643][http-nio-9090-exec-1] DEBUG org.hibernate.SQL - 
    select
        ue1_0.user_id,
        ue1_0.addr,
        ue1_0.addr_detail,
        ue1_0.agency,
        ue1_0.birth,
        ue1_0.create_at,
        ue1_0.email,
        ue1_0.password,
        ue1_0.phone,
        ue1_0.social_type,
        ue1_0.status,
        ue1_0.update_at,
        ue1_0.user_name,
        ue1_0.user_nick,
        ue1_0.user_role,
        ue1_0.withdraw_at,
        ue1_0.withdraw_reason 
    from
        user ue1_0 
    where
        ue1_0.email=?
[2025-11-03 00:03:02:54645][http-nio-9090-exec-1] INFO  p6spy - 2025-11-03 00:03:02 | OperationTime : 1ms | 
(P6Spy sql, Hibernate format):

    select
        ue1_0.user_id,
        ue1_0.addr,
        ue1_0.addr_detail,
        ue1_0.agency,
        ue1_0.birth,
        ue1_0.create_at,
        ue1_0.email,
        ue1_0.password,
        ue1_0.phone,
        ue1_0.social_type,
        ue1_0.status,
        ue1_0.update_at,
        ue1_0.user_name,
        ue1_0.user_nick,
        ue1_0.user_role,
        ue1_0.withdraw_at,
        ue1_0.withdraw_reason 
    from
        user ue1_0 
    where
        ue1_0.email='sm00216@naver.com'
[2025-11-03 00:03:08:60762][http-nio-9090-exec-1] INFO  b.code.user.service.EmailService - [이메일 인증코드 전송] email=sm00216@naver.com, code=086427
[2025-11-03 00:03:08:60763][http-nio-9090-exec-1] INFO  p6spy - 
[2025-11-03 00:03:28:80633][http-nio-9090-exec-3] INFO  back.code.filter.JWTFilter - acessToken is null
[2025-11-03 00:03:28:80641][http-nio-9090-exec-3] DEBUG org.hibernate.SQL - 
    select
        ue1_0.user_id,
        ue1_0.addr,
        ue1_0.addr_detail,
        ue1_0.agency,
        ue1_0.birth,
        ue1_0.create_at,
        ue1_0.email,
        ue1_0.password,
        ue1_0.phone,
        ue1_0.social_type,
        ue1_0.status,
        ue1_0.update_at,
        ue1_0.user_name,
        ue1_0.user_nick,
        ue1_0.user_role,
        ue1_0.withdraw_at,
        ue1_0.withdraw_reason 
    from
        user ue1_0 
    where
        ue1_0.user_nick=?
[2025-11-03 00:03:28:80643][http-nio-9090-exec-3] INFO  p6spy - 2025-11-03 00:03:28 | OperationTime : 0ms | 
(P6Spy sql, Hibernate format):

    select
        ue1_0.user_id,
        ue1_0.addr,
        ue1_0.addr_detail,
        ue1_0.agency,
        ue1_0.birth,
        ue1_0.create_at,
        ue1_0.email,
        ue1_0.password,
        ue1_0.phone,
        ue1_0.social_type,
        ue1_0.status,
        ue1_0.update_at,
        ue1_0.user_name,
        ue1_0.user_nick,
        ue1_0.user_role,
        ue1_0.withdraw_at,
        ue1_0.withdraw_reason 
    from
        user ue1_0 
    where
        ue1_0.user_nick='테스트'
[2025-11-03 00:03:28:80644][http-nio-9090-exec-3] INFO  p6spy - 
[2025-11-03 00:03:53:105956][http-nio-9090-exec-4] INFO  back.code.filter.JWTFilter - acessToken is null
[2025-11-03 00:03:53:106008][http-nio-9090-exec-4] DEBUG org.hibernate.SQL - 
    SELECT
        CASE 
            WHEN COUNT(*) > 0 
                THEN 1 
            ELSE 0 
    END 
FROM
    user 
WHERE
    REPLACE(phone, '-', '') = ?
[2025-11-03 00:03:53:106008][http-nio-9090-exec-4] INFO  p6spy - 2025-11-03 00:03:53 | OperationTime : 1ms | 
(P6Spy sql, Hibernate format):

    SELECT
        CASE 
            WHEN COUNT(*) > 0 
                THEN 1 
            ELSE 0 
    END 
FROM
    user 
WHERE
    REPLACE(phone, '-', '') = '01082540386'
[2025-11-03 00:03:53:106019][http-nio-9090-exec-4] INFO  p6spy - 
[2025-11-03 00:03:55:108092][http-nio-9090-exec-5] INFO  back.code.filter.JWTFilter - acessToken is null
[2025-11-03 00:03:55:108126][http-nio-9090-exec-6] INFO  back.code.filter.JWTFilter - acessToken is null
[2025-11-03 00:03:55:108239][http-nio-9090-exec-6] DEBUG org.hibernate.SQL - 
    select
        count(*) 
    from
        user ue1_0 
    where
        ue1_0.user_id=?
[2025-11-03 00:03:55:108239][http-nio-9090-exec-6] INFO  p6spy - 2025-11-03 00:03:55 | OperationTime : 3ms | 
(P6Spy sql, Hibernate format):

    select
        count(*) 
    from
        user ue1_0 
    where
        ue1_0.user_id='sm00216'
[2025-11-03 00:03:56:108254][http-nio-9090-exec-6] DEBUG org.hibernate.SQL - 
    select
        ue1_0.user_id,
        ue1_0.addr,
        ue1_0.addr_detail,
        ue1_0.agency,
        ue1_0.birth,
        ue1_0.create_at,
        ue1_0.email,
        ue1_0.password,
        ue1_0.phone,
        ue1_0.social_type,
        ue1_0.status,
        ue1_0.update_at,
        ue1_0.user_name,
        ue1_0.user_nick,
        ue1_0.user_role,
        ue1_0.withdraw_at,
        ue1_0.withdraw_reason 
    from
        user ue1_0 
    where
        ue1_0.email=?
[2025-11-03 00:03:56:108255][http-nio-9090-exec-6] INFO  p6spy - 2025-11-03 00:03:56 | OperationTime : 0ms | 
(P6Spy sql, Hibernate format):

    select
        ue1_0.user_id,
        ue1_0.addr,
        ue1_0.addr_detail,
        ue1_0.agency,
        ue1_0.birth,
        ue1_0.create_at,
        ue1_0.email,
        ue1_0.password,
        ue1_0.phone,
        ue1_0.social_type,
        ue1_0.status,
        ue1_0.update_at,
        ue1_0.user_name,
        ue1_0.user_nick,
        ue1_0.user_role,
        ue1_0.withdraw_at,
        ue1_0.withdraw_reason 
    from
        user ue1_0 
    where
        ue1_0.email='sm00216@naver.com'
[2025-11-03 00:03:56:108257][http-nio-9090-exec-6] DEBUG org.hibernate.SQL - 
    select
        ue1_0.user_id,
        ue1_0.addr,
        ue1_0.addr_detail,
        ue1_0.agency,
        ue1_0.birth,
        ue1_0.create_at,
        ue1_0.email,
        ue1_0.password,
        ue1_0.phone,
        ue1_0.social_type,
        ue1_0.status,
        ue1_0.update_at,
        ue1_0.user_name,
        ue1_0.user_nick,
        ue1_0.user_role,
        ue1_0.withdraw_at,
        ue1_0.withdraw_reason 
    from
        user ue1_0 
    where
        ue1_0.user_nick=?
[2025-11-03 00:03:56:108257][http-nio-9090-exec-6] INFO  p6spy - 2025-11-03 00:03:56 | OperationTime : 0ms | 
(P6Spy sql, Hibernate format):

    select
        ue1_0.user_id,
        ue1_0.addr,
        ue1_0.addr_detail,
        ue1_0.agency,
        ue1_0.birth,
        ue1_0.create_at,
        ue1_0.email,
        ue1_0.password,
        ue1_0.phone,
        ue1_0.social_type,
        ue1_0.status,
        ue1_0.update_at,
        ue1_0.user_name,
        ue1_0.user_nick,
        ue1_0.user_role,
        ue1_0.withdraw_at,
        ue1_0.withdraw_reason 
    from
        user ue1_0 
    where
        ue1_0.user_nick='테스트'
[2025-11-03 00:03:56:108257][http-nio-9090-exec-6] DEBUG org.hibernate.SQL - 
    SELECT
        CASE 
            WHEN COUNT(*) > 0 
                THEN 1 
            ELSE 0 
    END 
FROM
    user 
WHERE
    REPLACE(phone, '-', '') = ?
[2025-11-03 00:03:56:108257][http-nio-9090-exec-6] INFO  p6spy - 2025-11-03 00:03:56 | OperationTime : 0ms | 
(P6Spy sql, Hibernate format):

    SELECT
        CASE 
            WHEN COUNT(*) > 0 
                THEN 1 
            ELSE 0 
    END 
FROM
    user 
WHERE
    REPLACE(phone, '-', '') = '01082540386'
[2025-11-03 00:03:56:108281][http-nio-9090-exec-6] DEBUG org.hibernate.SQL - 
    select
        ure1_0.role_id,
        ure1_0.role_name 
    from
        user_role ure1_0 
    where
        ure1_0.role_id=?
[2025-11-03 00:03:56:108302][http-nio-9090-exec-6] INFO  p6spy - 2025-11-03 00:03:56 | OperationTime : 20ms | 
(P6Spy sql, Hibernate format):

    select
        ure1_0.role_id,
        ure1_0.role_name 
    from
        user_role ure1_0 
    where
        ure1_0.role_id='USER'
[2025-11-03 00:03:56:108471][http-nio-9090-exec-6] DEBUG org.hibernate.SQL - 
    select
        ue1_0.user_id,
        ue1_0.addr,
        ue1_0.addr_detail,
        ue1_0.agency,
        ue1_0.birth,
        ue1_0.create_at,
        ue1_0.email,
        ue1_0.password,
        ue1_0.phone,
        ue1_0.social_type,
        ue1_0.status,
        ue1_0.update_at,
        ue1_0.user_name,
        ue1_0.user_nick,
        ur1_0.role_id,
        ur1_0.role_name,
        ue1_0.withdraw_at,
        ue1_0.withdraw_reason 
    from
        user ue1_0 
    left join
        user_role ur1_0 
            on ur1_0.role_id=ue1_0.user_role 
    where
        ue1_0.user_id=?
[2025-11-03 00:03:56:108481][http-nio-9090-exec-6] INFO  p6spy - 2025-11-03 00:03:56 | OperationTime : 9ms | 
(P6Spy sql, Hibernate format):

    select
        ue1_0.user_id,
        ue1_0.addr,
        ue1_0.addr_detail,
        ue1_0.agency,
        ue1_0.birth,
        ue1_0.create_at,
        ue1_0.email,
        ue1_0.password,
        ue1_0.phone,
        ue1_0.social_type,
        ue1_0.status,
        ue1_0.update_at,
        ue1_0.user_name,
        ue1_0.user_nick,
        ur1_0.role_id,
        ur1_0.role_name,
        ue1_0.withdraw_at,
        ue1_0.withdraw_reason 
    from
        user ue1_0 
    left join
        user_role ur1_0 
            on ur1_0.role_id=ue1_0.user_role 
    where
        ue1_0.user_id='sm00216'
[2025-11-03 00:03:56:108547][http-nio-9090-exec-6] INFO  back.code.user.service.UserService - [회원가입 성공] userId=sm00216, email=sm00216@naver.com
[2025-11-03 00:03:56:108581][http-nio-9090-exec-6] DEBUG org.hibernate.SQL - 
    insert 
    into
        user
        (addr, addr_detail, agency, birth, create_at, email, password, phone, social_type, status, update_at, user_name, user_nick, user_role, withdraw_at, withdraw_reason, user_id) 
    values
        (?, ?, ?, ?, ?, ?, ?, ?, ?, ?, ?, ?, ?, ?, ?, ?, ?)
[2025-11-03 00:03:56:108672][http-nio-9090-exec-6] INFO  p6spy - 2025-11-03 00:03:56 | OperationTime : 83ms | 
(P6Spy sql, Hibernate format):

    insert 
    into
        user
        (addr, addr_detail, agency, birth, create_at, email, password, phone, social_type, status, update_at, user_name, user_nick, user_role, withdraw_at, withdraw_reason, user_id) 
    values
        ('서울 서대문구 성산로20길 22-7 (창천동)', '206호', 'SKT', '2000-03-21T00:00:00.000+0900', '2025-11-03T00:03:56.273+0900', 'sm00216@naver.com', '$2a$10$K3oypzi5nCuBiV3gj57WNui0LVVFCD05N8536u.w5PNzJ8dAfK3S6', '01082540386', NULL, 'active', '2025-11-03T00:03:56.273+0900', '이세민', '테스트', 'USER', NULL, NULL, 'sm00216')
[2025-11-03 00:03:56:108676][http-nio-9090-exec-6] INFO  p6spy - 
[2025-11-03 00:05:08:180419][http-nio-9090-exec-8] INFO  back.code.filter.JWTFilter - acessToken is null
[2025-11-03 00:05:08:180606][http-nio-9090-exec-8] DEBUG org.hibernate.SQL - 
    select
        ue1_0.user_id,
        ue1_0.user_name,
        ue1_0.password,
        ur1_0.role_name 
    from
        user ue1_0 
    join
        user_role ur1_0 
            on ur1_0.role_id=ue1_0.user_role 
    where
        ue1_0.user_id=?
[2025-11-03 00:05:08:180608][http-nio-9090-exec-8] INFO  p6spy - 2025-11-03 00:05:08 | OperationTime : 0ms | 
(P6Spy sql, Hibernate format):

    select
        ue1_0.user_id,
        ue1_0.user_name,
        ue1_0.password,
        ur1_0.role_name 
    from
        user ue1_0 
    join
        user_role ur1_0 
            on ur1_0.role_id=ue1_0.user_role 
    where
        ue1_0.user_id='sm00216'
[2025-11-03 00:05:23:196037][http-nio-9090-exec-7] INFO  back.code.filter.JWTFilter - acessToken is null
[2025-11-03 00:05:23:196040][http-nio-9090-exec-7] DEBUG org.hibernate.SQL - 
    select
        count(*) 
    from
        user ue1_0 
    where
        ue1_0.user_id=?
[2025-11-03 00:05:23:196040][http-nio-9090-exec-7] INFO  p6spy - 2025-11-03 00:05:23 | OperationTime : 0ms | 
(P6Spy sql, Hibernate format):

    select
        count(*) 
    from
        user ue1_0 
    where
        ue1_0.user_id='sm00216'
[2025-11-03 00:05:23:196040][http-nio-9090-exec-7] INFO  p6spy - 
[2025-11-03 00:05:23:196040][http-nio-9090-exec-7] ERROR b.c.c.h.CommonExceptionHandler - ==== RuntimeException 발생 ====
java.lang.IllegalArgumentException: 이미 존재하는 아이디입니다
	at back.code.user.service.UserService.checkDuplicateUserId(UserService.java:36)
	at java.base/jdk.internal.reflect.DirectMethodHandleAccessor.invoke(DirectMethodHandleAccessor.java:103)
	at java.base/java.lang.reflect.Method.invoke(Method.java:580)
	at org.springframework.aop.support.AopUtils.invokeJoinpointUsingReflection(AopUtils.java:360)
	at org.springframework.aop.framework.ReflectiveMethodInvocation.invokeJoinpoint(ReflectiveMethodInvocation.java:196)
	at org.springframework.aop.framework.ReflectiveMethodInvocation.proceed(ReflectiveMethodInvocation.java:163)
	at org.springframework.transaction.interceptor.TransactionAspectSupport.invokeWithinTransaction(TransactionAspectSupport.java:380)
	at org.springframework.transaction.interceptor.TransactionInterceptor.invoke(TransactionInterceptor.java:119)
	at org.springframework.aop.framework.ReflectiveMethodInvocation.proceed(ReflectiveMethodInvocation.java:184)
	at org.springframework.aop.framework.CglibAopProxy$DynamicAdvisedInterceptor.intercept(CglibAopProxy.java:728)
	at back.code.user.service.UserService$$SpringCGLIB$$0.checkDuplicateUserId(<generated>)
	at back.code.user.controller.UserRestController.checkUserId(UserRestController.java:21)
	at java.base/jdk.internal.reflect.DirectMethodHandleAccessor.invoke(DirectMethodHandleAccessor.java:103)
	at java.base/java.lang.reflect.Method.invoke(Method.java:580)
	at org.springframework.web.method.support.InvocableHandlerMethod.doInvoke(InvocableHandlerMethod.java:258)
	at org.springframework.web.method.support.InvocableHandlerMethod.invokeForRequest(InvocableHandlerMethod.java:191)
	at org.springframework.web.servlet.mvc.method.annotation.ServletInvocableHandlerMethod.invokeAndHandle(ServletInvocableHandlerMethod.java:118)
	at org.springframework.web.servlet.mvc.method.annotation.RequestMappingHandlerAdapter.invokeHandlerMethod(RequestMappingHandlerAdapter.java:991)
	at org.springframework.web.servlet.mvc.method.annotation.RequestMappingHandlerAdapter.handleInternal(RequestMappingHandlerAdapter.java:896)
	at org.springframework.web.servlet.mvc.method.AbstractHandlerMethodAdapter.handle(AbstractHandlerMethodAdapter.java:87)
	at org.springframework.web.servlet.DispatcherServlet.doDispatch(DispatcherServlet.java:1089)
	at org.springframework.web.servlet.DispatcherServlet.doService(DispatcherServlet.java:979)
	at org.springframework.web.servlet.FrameworkServlet.processRequest(FrameworkServlet.java:1014)
	at org.springframework.web.servlet.FrameworkServlet.doGet(FrameworkServlet.java:903)
	at jakarta.servlet.http.HttpServlet.service(HttpServlet.java:564)
	at org.springframework.web.servlet.FrameworkServlet.service(FrameworkServlet.java:885)
	at jakarta.servlet.http.HttpServlet.service(HttpServlet.java:658)
	at org.apache.catalina.core.ApplicationFilterChain.internalDoFilter(ApplicationFilterChain.java:193)
	at org.apache.catalina.core.ApplicationFilterChain.doFilter(ApplicationFilterChain.java:138)
	at org.apache.tomcat.websocket.server.WsFilter.doFilter(WsFilter.java:51)
	at org.apache.catalina.core.ApplicationFilterChain.internalDoFilter(ApplicationFilterChain.java:162)
	at org.apache.catalina.core.ApplicationFilterChain.doFilter(ApplicationFilterChain.java:138)
	at org.springframework.web.filter.CompositeFilter$VirtualFilterChain.doFilter(CompositeFilter.java:108)
	at org.springframework.web.filter.CompositeFilter$VirtualFilterChain.doFilter(CompositeFilter.java:108)
	at org.springframework.security.web.FilterChainProxy.lambda$doFilterInternal$3(FilterChainProxy.java:231)
	at org.springframework.security.web.FilterChainProxy$VirtualFilterChain.doFilter(FilterChainProxy.java:365)
	at org.springframework.security.web.access.intercept.AuthorizationFilter.doFilter(AuthorizationFilter.java:101)
	at org.springframework.security.web.FilterChainProxy$VirtualFilterChain.doFilter(FilterChainProxy.java:374)
	at org.springframework.security.web.access.ExceptionTranslationFilter.doFilter(ExceptionTranslationFilter.java:125)
	at org.springframework.security.web.access.ExceptionTranslationFilter.doFilter(ExceptionTranslationFilter.java:119)
	at org.springframework.security.web.FilterChainProxy$VirtualFilterChain.doFilter(FilterChainProxy.java:374)
	at org.springframework.security.web.session.SessionManagementFilter.doFilter(SessionManagementFilter.java:131)
	at org.springframework.security.web.session.SessionManagementFilter.doFilter(SessionManagementFilter.java:85)
	at org.springframework.security.web.FilterChainProxy$VirtualFilterChain.doFilter(FilterChainProxy.java:374)
	at org.springframework.security.web.authentication.AnonymousAuthenticationFilter.doFilter(AnonymousAuthenticationFilter.java:100)
	at org.springframework.security.web.FilterChainProxy$VirtualFilterChain.doFilter(FilterChainProxy.java:374)
	at org.springframework.security.web.servletapi.SecurityContextHolderAwareRequestFilter.doFilter(SecurityContextHolderAwareRequestFilter.java:179)
	at org.springframework.security.web.FilterChainProxy$VirtualFilterChain.doFilter(FilterChainProxy.java:374)
	at org.springframework.security.web.savedrequest.RequestCacheAwareFilter.doFilter(RequestCacheAwareFilter.java:63)
	at org.springframework.security.web.FilterChainProxy$VirtualFilterChain.doFilter(FilterChainProxy.java:374)
	at org.springframework.security.web.authentication.AbstractAuthenticationProcessingFilter.doFilter(AbstractAuthenticationProcessingFilter.java:235)
	at org.springframework.security.web.authentication.AbstractAuthenticationProcessingFilter.doFilter(AbstractAuthenticationProcessingFilter.java:229)
	at org.springframework.security.web.FilterChainProxy$VirtualFilterChain.doFilter(FilterChainProxy.java:374)
	at back.code.filter.JWTFilter.doFilterInternal(JWTFilter.java:45)
	at org.springframework.web.filter.OncePerRequestFilter.doFilter(OncePerRequestFilter.java:116)
	at org.springframework.security.web.FilterChainProxy$VirtualFilterChain.doFilter(FilterChainProxy.java:374)
	at org.springframework.security.web.authentication.logout.LogoutFilter.doFilter(LogoutFilter.java:107)
	at org.springframework.security.web.authentication.logout.LogoutFilter.doFilter(LogoutFilter.java:93)
	at org.springframework.security.web.FilterChainProxy$VirtualFilterChain.doFilter(FilterChainProxy.java:374)
	at back.code.filter.CustomLogoutFilter.process(CustomLogoutFilter.java:46)
	at back.code.filter.CustomLogoutFilter.doFilter(CustomLogoutFilter.java:34)
	at org.springframework.security.web.FilterChainProxy$VirtualFilterChain.doFilter(FilterChainProxy.java:374)
	at org.springframework.web.filter.CorsFilter.doFilterInternal(CorsFilter.java:91)
	at org.springframework.web.filter.OncePerRequestFilter.doFilter(OncePerRequestFilter.java:116)
	at org.springframework.security.web.FilterChainProxy$VirtualFilterChain.doFilter(FilterChainProxy.java:374)
	at org.springframework.security.web.header.HeaderWriterFilter.doHeadersAfter(HeaderWriterFilter.java:90)
	at org.springframework.security.web.header.HeaderWriterFilter.doFilterInternal(HeaderWriterFilter.java:75)
	at org.springframework.web.filter.OncePerRequestFilter.doFilter(OncePerRequestFilter.java:116)
	at org.springframework.security.web.FilterChainProxy$VirtualFilterChain.doFilter(FilterChainProxy.java:374)
	at org.springframework.security.web.context.SecurityContextHolderFilter.doFilter(SecurityContextHolderFilter.java:82)
	at org.springframework.security.web.context.SecurityContextHolderFilter.doFilter(SecurityContextHolderFilter.java:69)
	at org.springframework.security.web.FilterChainProxy$VirtualFilterChain.doFilter(FilterChainProxy.java:374)
	at org.springframework.security.web.context.request.async.WebAsyncManagerIntegrationFilter.doFilterInternal(WebAsyncManagerIntegrationFilter.java:62)
	at org.springframework.web.filter.OncePerRequestFilter.doFilter(OncePerRequestFilter.java:116)
	at org.springframework.security.web.FilterChainProxy$VirtualFilterChain.doFilter(FilterChainProxy.java:374)
	at org.springframework.security.web.session.DisableEncodeUrlFilter.doFilterInternal(DisableEncodeUrlFilter.java:42)
	at org.springframework.web.filter.OncePerRequestFilter.doFilter(OncePerRequestFilter.java:116)
	at org.springframework.security.web.FilterChainProxy$VirtualFilterChain.doFilter(FilterChainProxy.java:374)
	at org.springframework.security.web.FilterChainProxy.doFilterInternal(FilterChainProxy.java:233)
	at org.springframework.security.web.FilterChainProxy.doFilter(FilterChainProxy.java:191)
	at org.springframework.web.filter.CompositeFilter$VirtualFilterChain.doFilter(CompositeFilter.java:113)
	at org.springframework.web.filter.ServletRequestPathFilter.doFilter(ServletRequestPathFilter.java:52)
	at org.springframework.web.filter.CompositeFilter$VirtualFilterChain.doFilter(CompositeFilter.java:113)
	at org.springframework.web.filter.CompositeFilter.doFilter(CompositeFilter.java:74)
	at org.springframework.security.config.annotation.web.configuration.WebSecurityConfiguration$CompositeFilterChainProxy.doFilter(WebSecurityConfiguration.java:319)
	at org.springframework.web.filter.CompositeFilter$VirtualFilterChain.doFilter(CompositeFilter.java:113)
	at org.springframework.web.servlet.handler.HandlerMappingIntrospector.lambda$createCacheFilter$4(HandlerMappingIntrospector.java:267)
	at org.springframework.web.filter.CompositeFilter$VirtualFilterChain.doFilter(CompositeFilter.java:113)
	at org.springframework.web.filter.CompositeFilter.doFilter(CompositeFilter.java:74)
	at org.springframework.security.config.annotation.web.configuration.WebMvcSecurityConfiguration$CompositeFilterChainProxy.doFilter(WebMvcSecurityConfiguration.java:240)
	at org.springframework.web.filter.DelegatingFilterProxy.invokeDelegate(DelegatingFilterProxy.java:362)
	at org.springframework.web.filter.DelegatingFilterProxy.doFilter(DelegatingFilterProxy.java:278)
	at org.apache.catalina.core.ApplicationFilterChain.internalDoFilter(ApplicationFilterChain.java:162)
	at org.apache.catalina.core.ApplicationFilterChain.doFilter(ApplicationFilterChain.java:138)
	at org.springframework.web.filter.RequestContextFilter.doFilterInternal(RequestContextFilter.java:100)
	at org.springframework.web.filter.OncePerRequestFilter.doFilter(OncePerRequestFilter.java:116)
	at org.apache.catalina.core.ApplicationFilterChain.internalDoFilter(ApplicationFilterChain.java:162)
	at org.apache.catalina.core.ApplicationFilterChain.doFilter(ApplicationFilterChain.java:138)
	at org.springframework.web.filter.FormContentFilter.doFilterInternal(FormContentFilter.java:93)
	at org.springframework.web.filter.OncePerRequestFilter.doFilter(OncePerRequestFilter.java:116)
	at org.apache.catalina.core.ApplicationFilterChain.internalDoFilter(ApplicationFilterChain.java:162)
	at org.apache.catalina.core.ApplicationFilterChain.doFilter(ApplicationFilterChain.java:138)
	at org.springframework.web.filter.CharacterEncodingFilter.doFilterInternal(CharacterEncodingFilter.java:201)
	at org.springframework.web.filter.OncePerRequestFilter.doFilter(OncePerRequestFilter.java:116)
	at org.apache.catalina.core.ApplicationFilterChain.internalDoFilter(ApplicationFilterChain.java:162)
	at org.apache.catalina.core.ApplicationFilterChain.doFilter(ApplicationFilterChain.java:138)
	at org.apache.catalina.core.StandardWrapperValve.invoke(StandardWrapperValve.java:165)
	at org.apache.catalina.core.StandardContextValve.invoke(StandardContextValve.java:88)
	at org.apache.catalina.authenticator.AuthenticatorBase.invoke(AuthenticatorBase.java:482)
	at org.apache.catalina.core.StandardHostValve.invoke(StandardHostValve.java:113)
	at org.apache.catalina.valves.ErrorReportValve.invoke(ErrorReportValve.java:83)
	at org.apache.catalina.core.StandardEngineValve.invoke(StandardEngineValve.java:72)
	at org.apache.catalina.connector.CoyoteAdapter.service(CoyoteAdapter.java:342)
	at org.apache.coyote.http11.Http11Processor.service(Http11Processor.java:399)
	at org.apache.coyote.AbstractProcessorLight.process(AbstractProcessorLight.java:63)
	at org.apache.coyote.AbstractProtocol$ConnectionHandler.process(AbstractProtocol.java:903)
	at org.apache.tomcat.util.net.NioEndpoint$SocketProcessor.doRun(NioEndpoint.java:1774)
	at org.apache.tomcat.util.net.SocketProcessorBase.run(SocketProcessorBase.java:52)
	at org.apache.tomcat.util.threads.ThreadPoolExecutor.runWorker(ThreadPoolExecutor.java:973)
	at org.apache.tomcat.util.threads.ThreadPoolExecutor$Worker.run(ThreadPoolExecutor.java:491)
	at org.apache.tomcat.util.threads.TaskThread$WrappingRunnable.run(TaskThread.java:63)
	at java.base/java.lang.Thread.run(Thread.java:1583)
[2025-11-03 00:05:23:196063][http-nio-9090-exec-7] WARN  o.s.w.s.m.m.a.ExceptionHandlerExceptionResolver - Resolved [java.lang.IllegalArgumentException: 이미 존재하는 아이디입니다]
[2025-11-03 00:34:52:1964893][File Watcher] INFO  o.s.b.d.a.LocalDevToolsAutoConfiguration$RestartingClassPathChangeChangedEventListener - Restarting due to 2 class path changes (0 additions, 2 deletions, 0 modifications)
[2025-11-03 00:34:52:1964902][Thread-11] INFO  o.s.b.w.e.tomcat.GracefulShutdown - Commencing graceful shutdown. Waiting for active requests to complete
[2025-11-03 00:34:52:1964906][tomcat-shutdown] INFO  o.a.coyote.http11.Http11NioProtocol - Pausing ProtocolHandler ["http-nio-9090"]
[2025-11-03 00:34:52:1964915][tomcat-shutdown] INFO  o.s.b.w.e.tomcat.GracefulShutdown - Graceful shutdown complete
[2025-11-03 00:34:52:1964916][Thread-11] INFO  o.a.coyote.http11.Http11NioProtocol - Stopping ProtocolHandler ["http-nio-9090"]
[2025-11-03 00:34:52:1964959][Thread-11] INFO  o.s.o.j.LocalContainerEntityManagerFactoryBean - Closing JPA EntityManagerFactory for persistence unit 'default'
[2025-11-03 00:34:52:1964965][Thread-11] INFO  com.zaxxer.hikari.HikariDataSource - HikariPool-1 - Shutdown initiated...
[2025-11-03 00:34:52:1964975][Thread-11] INFO  com.zaxxer.hikari.HikariDataSource - HikariPool-1 - Shutdown completed.
[2025-11-03 00:34:52:1965218][restartedMain] INFO  back.code.ModuBackApplication - Starting ModuBackApplication using Java 21.0.7 with PID 24212 (C:\modu_project\modu_back\build\classes\java\main started by sm002 in C:\modu_project\modu_back)
[2025-11-03 00:34:52:1965219][restartedMain] INFO  back.code.ModuBackApplication - No active profile set, falling back to 1 default profile: "default"
[2025-11-03 00:34:54:1966301][restartedMain] INFO  o.s.d.r.c.RepositoryConfigurationDelegate - Bootstrapping Spring Data JPA repositories in DEFAULT mode.
[2025-11-03 00:34:54:1966368][restartedMain] INFO  o.s.d.r.c.RepositoryConfigurationDelegate - Finished Spring Data repository scanning in 64 ms. Found 3 JPA repository interfaces.
[2025-11-03 00:34:54:1967148][restartedMain] INFO  o.s.b.w.e.tomcat.TomcatWebServer - Tomcat initialized with port 9090 (http)
[2025-11-03 00:34:54:1967155][restartedMain] INFO  o.a.coyote.http11.Http11NioProtocol - Initializing ProtocolHandler ["http-nio-9090"]
[2025-11-03 00:34:54:1967156][restartedMain] INFO  o.a.catalina.core.StandardService - Starting service [Tomcat]
[2025-11-03 00:34:54:1967156][restartedMain] INFO  o.a.catalina.core.StandardEngine - Starting Servlet engine: [Apache Tomcat/10.1.48]
[2025-11-03 00:34:55:1967727][restartedMain] INFO  o.a.c.c.C.[Tomcat].[localhost].[/] - Initializing Spring embedded WebApplicationContext
[2025-11-03 00:34:55:1967727][restartedMain] INFO  o.s.b.w.s.c.ServletWebServerApplicationContext - Root WebApplicationContext: initialization completed in 2504 ms
[2025-11-03 00:34:55:1968007][restartedMain] INFO  o.h.jpa.internal.util.LogHelper - HHH000204: Processing PersistenceUnitInfo [name: default]
[2025-11-03 00:34:55:1968019][restartedMain] INFO  o.h.c.i.RegionFactoryInitiator - HHH000026: Second-level cache disabled
[2025-11-03 00:34:55:1968053][restartedMain] INFO  o.s.o.j.p.SpringPersistenceUnitInfo - No LoadTimeWeaver setup: ignoring JPA class transformer
[2025-11-03 00:34:55:1968058][restartedMain] INFO  com.zaxxer.hikari.HikariDataSource - HikariPool-2 - Starting...
[2025-11-03 00:34:55:1968067][restartedMain] INFO  com.zaxxer.hikari.pool.HikariPool - HikariPool-2 - Added connection org.mariadb.jdbc.Connection@34711bff
[2025-11-03 00:34:55:1968069][restartedMain] INFO  com.zaxxer.hikari.HikariDataSource - HikariPool-2 - Start completed.
[2025-11-03 00:34:55:1968071][restartedMain] WARN  org.hibernate.orm.deprecation - HHH90000025: MariaDBDialect does not need to be specified explicitly using 'hibernate.dialect' (remove the property setting and it will be selected by default)
[2025-11-03 00:34:55:1968073][restartedMain] INFO  o.hibernate.orm.connections.pooling - HHH10001005: Database info:
	Database JDBC URL [Connecting through datasource 'p6SpyDataSourceDecorator [com.p6spy.engine.spy.P6DataSource] -> dataSource [com.zaxxer.hikari.HikariDataSource]']
	Database driver: undefined/unknown
	Database version: 11.8.2
	Autocommit mode: undefined/unknown
	Isolation level: undefined/unknown
	Minimum pool size: undefined/unknown
	Maximum pool size: undefined/unknown
[2025-11-03 00:34:55:1968073][restartedMain] DEBUG o.h.t.d.sql.spi.DdlTypeRegistry - addDescriptor(12, org.hibernate.type.descriptor.sql.internal.CapacityDependentDdlType@5edb37e7) replaced previous registration(org.hibernate.type.descriptor.sql.internal.CapacityDependentDdlType@59c53e74)
[2025-11-03 00:34:55:1968073][restartedMain] DEBUG o.h.t.d.sql.spi.DdlTypeRegistry - addDescriptor(-9, org.hibernate.type.descriptor.sql.internal.CapacityDependentDdlType@620e25d4) replaced previous registration(org.hibernate.type.descriptor.sql.internal.CapacityDependentDdlType@32ee0a35)
[2025-11-03 00:34:55:1968073][restartedMain] DEBUG o.h.t.d.sql.spi.DdlTypeRegistry - addDescriptor(-3, org.hibernate.type.descriptor.sql.internal.CapacityDependentDdlType@350d6780) replaced previous registration(org.hibernate.type.descriptor.sql.internal.CapacityDependentDdlType@45cbd9cb)
[2025-11-03 00:34:55:1968073][restartedMain] DEBUG o.h.t.d.sql.spi.DdlTypeRegistry - addDescriptor(4003, org.hibernate.type.descriptor.sql.internal.DdlTypeImpl@56787423) replaced previous registration(org.hibernate.type.descriptor.sql.internal.DdlTypeImpl@1485737b)
[2025-11-03 00:34:55:1968073][restartedMain] DEBUG o.h.t.d.sql.spi.DdlTypeRegistry - addDescriptor(4001, org.hibernate.type.descriptor.sql.internal.DdlTypeImpl@4a6a370c) replaced previous registration(org.hibernate.type.descriptor.sql.internal.DdlTypeImpl@5174ba0b)
[2025-11-03 00:34:55:1968073][restartedMain] DEBUG o.h.t.d.sql.spi.DdlTypeRegistry - addDescriptor(4002, org.hibernate.type.descriptor.sql.internal.DdlTypeImpl@44b8056a) replaced previous registration(org.hibernate.type.descriptor.sql.internal.DdlTypeImpl@7b19b82d)
[2025-11-03 00:34:55:1968073][restartedMain] DEBUG o.h.t.d.sql.spi.DdlTypeRegistry - addDescriptor(2004, org.hibernate.type.descriptor.sql.internal.CapacityDependentDdlType@60d02215) replaced previous registration(org.hibernate.type.descriptor.sql.internal.DdlTypeImpl@148078e6)
[2025-11-03 00:34:55:1968073][restartedMain] DEBUG o.h.t.d.sql.spi.DdlTypeRegistry - addDescriptor(2005, org.hibernate.type.descriptor.sql.internal.CapacityDependentDdlType@1097bc49) replaced previous registration(org.hibernate.type.descriptor.sql.internal.DdlTypeImpl@2679a6a6)
[2025-11-03 00:34:55:1968073][restartedMain] DEBUG o.h.t.d.sql.spi.DdlTypeRegistry - addDescriptor(2011, org.hibernate.type.descriptor.sql.internal.CapacityDependentDdlType@47d8f8f6) replaced previous registration(org.hibernate.type.descriptor.sql.internal.DdlTypeImpl@5088efa3)
[2025-11-03 00:34:56:1968334][restartedMain] INFO  o.h.e.t.j.p.i.JtaPlatformInitiator - HHH000489: No JTA platform available (set 'hibernate.transaction.jta.platform' to enable JTA platform integration)
[2025-11-03 00:34:56:1968353][restartedMain] INFO  p6spy - #1762097696112 | took 16ms | statement | connection 10| url jdbc:mariadb://localhost/modu?user=root&password=***&prepStmtCacheSqlLimit=2048&useServerPrepStmts=true
select table_name from information_schema.TABLES where table_schema=database() and table_type='SEQUENCE'
select table_name from information_schema.TABLES where table_schema=database() and table_type='SEQUENCE';
[2025-11-03 00:34:56:1968384][restartedMain] INFO  o.s.o.j.LocalContainerEntityManagerFactoryBean - Initialized JPA EntityManagerFactory for persistence unit 'default'
[2025-11-03 00:34:56:1968986][restartedMain] INFO  o.s.s.c.a.a.c.InitializeAuthenticationProviderBeanManagerConfigurer$InitializeAuthenticationProviderManagerConfigurer - Global AuthenticationManager configured with AuthenticationProvider bean with name authProvider
[2025-11-03 00:34:56:1968986][restartedMain] WARN  o.s.s.c.a.a.c.InitializeUserDetailsBeanManagerConfigurer$InitializeUserDetailsManagerConfigurer - Global AuthenticationManager configured with an AuthenticationProvider bean. UserDetailsService beans will not be used by Spring Security for automatically configuring username/password login. Consider removing the AuthenticationProvider bean. Alternatively, consider using the UserDetailsService in a manually instantiated DaoAuthenticationProvider. If the current configuration is intentional, to turn off this warning, increase the logging level of 'org.springframework.security.config.annotation.authentication.configuration.InitializeUserDetailsBeanManagerConfigurer' to ERROR
[2025-11-03 00:34:56:1969059][restartedMain] WARN  o.s.s.c.a.web.builders.WebSecurity - You are asking Spring Security to ignore Deferred [Mvc [pattern='/static/imgs/**'], Ant [pattern='/static/imgs/**']]. This is not recommended -- please use permitAll via HttpSecurity#authorizeHttpRequests instead.
[2025-11-03 00:34:56:1969059][restartedMain] WARN  o.s.s.c.a.web.builders.WebSecurity - You are asking Spring Security to ignore org.springframework.boot.autoconfigure.security.servlet.StaticResourceRequest$StaticResourceRequestMatcher@2da74a9. This is not recommended -- please use permitAll via HttpSecurity#authorizeHttpRequests instead.
[2025-11-03 00:34:57:1969259][restartedMain] INFO  o.s.b.d.a.OptionalLiveReloadServer - LiveReload server is running on port 35729
[2025-11-03 00:34:57:1969295][restartedMain] INFO  o.a.coyote.http11.Http11NioProtocol - Starting ProtocolHandler ["http-nio-9090"]
[2025-11-03 00:34:57:1969358][restartedMain] INFO  o.s.b.w.e.tomcat.TomcatWebServer - Tomcat started on port 9090 (http) with context path '/'
[2025-11-03 00:34:57:1969380][restartedMain] INFO  back.code.ModuBackApplication - Started ModuBackApplication in 4.291 seconds (process running for 1970.189)
[2025-11-03 00:34:57:1969426][restartedMain] INFO  o.s.b.d.a.ConditionEvaluationDeltaLoggingListener - Condition evaluation unchanged
[2025-11-03 00:34:58:1970736][File Watcher] INFO  o.s.b.d.a.LocalDevToolsAutoConfiguration$RestartingClassPathChangeChangedEventListener - Restarting due to 2 class path changes (2 additions, 0 deletions, 0 modifications)
[2025-11-03 00:34:58:1970738][Thread-13] INFO  o.s.b.w.e.tomcat.GracefulShutdown - Commencing graceful shutdown. Waiting for active requests to complete
[2025-11-03 00:34:58:1970739][tomcat-shutdown] INFO  o.a.coyote.http11.Http11NioProtocol - Pausing ProtocolHandler ["http-nio-9090"]
[2025-11-03 00:34:58:1970745][tomcat-shutdown] INFO  o.s.b.w.e.tomcat.GracefulShutdown - Graceful shutdown complete
[2025-11-03 00:34:58:1970745][Thread-13] INFO  o.a.coyote.http11.Http11NioProtocol - Stopping ProtocolHandler ["http-nio-9090"]
[2025-11-03 00:34:58:1970748][Thread-13] INFO  o.s.o.j.LocalContainerEntityManagerFactoryBean - Closing JPA EntityManagerFactory for persistence unit 'default'
[2025-11-03 00:34:58:1970748][Thread-13] INFO  com.zaxxer.hikari.HikariDataSource - HikariPool-2 - Shutdown initiated...
[2025-11-03 00:34:58:1970753][Thread-13] INFO  com.zaxxer.hikari.HikariDataSource - HikariPool-2 - Shutdown completed.
[2025-11-03 00:34:58:1970942][restartedMain] INFO  back.code.ModuBackApplication - Starting ModuBackApplication using Java 21.0.7 with PID 24212 (C:\modu_project\modu_back\build\classes\java\main started by sm002 in C:\modu_project\modu_back)
[2025-11-03 00:34:58:1970942][restartedMain] INFO  back.code.ModuBackApplication - No active profile set, falling back to 1 default profile: "default"
[2025-11-03 00:34:59:1971552][restartedMain] INFO  o.s.d.r.c.RepositoryConfigurationDelegate - Bootstrapping Spring Data JPA repositories in DEFAULT mode.
[2025-11-03 00:34:59:1971630][restartedMain] INFO  o.s.d.r.c.RepositoryConfigurationDelegate - Finished Spring Data repository scanning in 74 ms. Found 3 JPA repository interfaces.
[2025-11-03 00:34:59:1971898][restartedMain] INFO  o.s.b.w.e.tomcat.TomcatWebServer - Tomcat initialized with port 9090 (http)
[2025-11-03 00:34:59:1971900][restartedMain] INFO  o.a.coyote.http11.Http11NioProtocol - Initializing ProtocolHandler ["http-nio-9090"]
[2025-11-03 00:34:59:1971901][restartedMain] INFO  o.a.catalina.core.StandardService - Starting service [Tomcat]
[2025-11-03 00:34:59:1971901][restartedMain] INFO  o.a.catalina.core.StandardEngine - Starting Servlet engine: [Apache Tomcat/10.1.48]
[2025-11-03 00:34:59:1971965][restartedMain] INFO  o.a.c.c.C.[Tomcat].[localhost].[/] - Initializing Spring embedded WebApplicationContext
[2025-11-03 00:34:59:1971965][restartedMain] INFO  o.s.b.w.s.c.ServletWebServerApplicationContext - Root WebApplicationContext: initialization completed in 1021 ms
[2025-11-03 00:34:59:1972042][restartedMain] INFO  o.h.jpa.internal.util.LogHelper - HHH000204: Processing PersistenceUnitInfo [name: default]
[2025-11-03 00:34:59:1972049][restartedMain] INFO  o.h.c.i.RegionFactoryInitiator - HHH000026: Second-level cache disabled
[2025-11-03 00:34:59:1972066][restartedMain] INFO  o.s.o.j.p.SpringPersistenceUnitInfo - No LoadTimeWeaver setup: ignoring JPA class transformer
[2025-11-03 00:34:59:1972067][restartedMain] INFO  com.zaxxer.hikari.HikariDataSource - HikariPool-3 - Starting...
[2025-11-03 00:34:59:1972074][restartedMain] INFO  com.zaxxer.hikari.pool.HikariPool - HikariPool-3 - Added connection org.mariadb.jdbc.Connection@436dc148
[2025-11-03 00:34:59:1972074][restartedMain] INFO  com.zaxxer.hikari.HikariDataSource - HikariPool-3 - Start completed.
[2025-11-03 00:34:59:1972075][restartedMain] WARN  org.hibernate.orm.deprecation - HHH90000025: MariaDBDialect does not need to be specified explicitly using 'hibernate.dialect' (remove the property setting and it will be selected by default)
[2025-11-03 00:34:59:1972076][restartedMain] INFO  o.hibernate.orm.connections.pooling - HHH10001005: Database info:
	Database JDBC URL [Connecting through datasource 'p6SpyDataSourceDecorator [com.p6spy.engine.spy.P6DataSource] -> dataSource [com.zaxxer.hikari.HikariDataSource]']
	Database driver: undefined/unknown
	Database version: 11.8.2
	Autocommit mode: undefined/unknown
	Isolation level: undefined/unknown
	Minimum pool size: undefined/unknown
	Maximum pool size: undefined/unknown
[2025-11-03 00:34:59:1972076][restartedMain] DEBUG o.h.t.d.sql.spi.DdlTypeRegistry - addDescriptor(12, org.hibernate.type.descriptor.sql.internal.CapacityDependentDdlType@1d4831af) replaced previous registration(org.hibernate.type.descriptor.sql.internal.CapacityDependentDdlType@69f00c)
[2025-11-03 00:34:59:1972076][restartedMain] DEBUG o.h.t.d.sql.spi.DdlTypeRegistry - addDescriptor(-9, org.hibernate.type.descriptor.sql.internal.CapacityDependentDdlType@6c5b9b4c) replaced previous registration(org.hibernate.type.descriptor.sql.internal.CapacityDependentDdlType@7aac847b)
[2025-11-03 00:34:59:1972076][restartedMain] DEBUG o.h.t.d.sql.spi.DdlTypeRegistry - addDescriptor(-3, org.hibernate.type.descriptor.sql.internal.CapacityDependentDdlType@263517c8) replaced previous registration(org.hibernate.type.descriptor.sql.internal.CapacityDependentDdlType@69937a92)
[2025-11-03 00:34:59:1972076][restartedMain] DEBUG o.h.t.d.sql.spi.DdlTypeRegistry - addDescriptor(4003, org.hibernate.type.descriptor.sql.internal.DdlTypeImpl@59a21d17) replaced previous registration(org.hibernate.type.descriptor.sql.internal.DdlTypeImpl@47b3c504)
[2025-11-03 00:34:59:1972076][restartedMain] DEBUG o.h.t.d.sql.spi.DdlTypeRegistry - addDescriptor(4001, org.hibernate.type.descriptor.sql.internal.DdlTypeImpl@4936016d) replaced previous registration(org.hibernate.type.descriptor.sql.internal.DdlTypeImpl@3b03b533)
[2025-11-03 00:34:59:1972076][restartedMain] DEBUG o.h.t.d.sql.spi.DdlTypeRegistry - addDescriptor(4002, org.hibernate.type.descriptor.sql.internal.DdlTypeImpl@72004de1) replaced previous registration(org.hibernate.type.descriptor.sql.internal.DdlTypeImpl@2bc22d40)
[2025-11-03 00:34:59:1972076][restartedMain] DEBUG o.h.t.d.sql.spi.DdlTypeRegistry - addDescriptor(2004, org.hibernate.type.descriptor.sql.internal.CapacityDependentDdlType@52866c3c) replaced previous registration(org.hibernate.type.descriptor.sql.internal.DdlTypeImpl@748af172)
[2025-11-03 00:34:59:1972077][restartedMain] DEBUG o.h.t.d.sql.spi.DdlTypeRegistry - addDescriptor(2005, org.hibernate.type.descriptor.sql.internal.CapacityDependentDdlType@415d547) replaced previous registration(org.hibernate.type.descriptor.sql.internal.DdlTypeImpl@3e0740a8)
[2025-11-03 00:34:59:1972077][restartedMain] DEBUG o.h.t.d.sql.spi.DdlTypeRegistry - addDescriptor(2011, org.hibernate.type.descriptor.sql.internal.CapacityDependentDdlType@5f012cd8) replaced previous registration(org.hibernate.type.descriptor.sql.internal.DdlTypeImpl@7c23572b)
[2025-11-03 00:34:59:1972200][restartedMain] INFO  o.h.e.t.j.p.i.JtaPlatformInitiator - HHH000489: No JTA platform available (set 'hibernate.transaction.jta.platform' to enable JTA platform integration)
[2025-11-03 00:34:59:1972202][restartedMain] INFO  p6spy - #1762097699961 | took 1ms | statement | connection 12| url jdbc:mariadb://localhost/modu?user=root&password=***&prepStmtCacheSqlLimit=2048&useServerPrepStmts=true
select table_name from information_schema.TABLES where table_schema=database() and table_type='SEQUENCE'
select table_name from information_schema.TABLES where table_schema=database() and table_type='SEQUENCE';
[2025-11-03 00:34:59:1972225][restartedMain] INFO  o.s.o.j.LocalContainerEntityManagerFactoryBean - Initialized JPA EntityManagerFactory for persistence unit 'default'
[2025-11-03 00:35:00:1972584][restartedMain] INFO  o.s.s.c.a.a.c.InitializeAuthenticationProviderBeanManagerConfigurer$InitializeAuthenticationProviderManagerConfigurer - Global AuthenticationManager configured with AuthenticationProvider bean with name authProvider
[2025-11-03 00:35:00:1972585][restartedMain] WARN  o.s.s.c.a.a.c.InitializeUserDetailsBeanManagerConfigurer$InitializeUserDetailsManagerConfigurer - Global AuthenticationManager configured with an AuthenticationProvider bean. UserDetailsService beans will not be used by Spring Security for automatically configuring username/password login. Consider removing the AuthenticationProvider bean. Alternatively, consider using the UserDetailsService in a manually instantiated DaoAuthenticationProvider. If the current configuration is intentional, to turn off this warning, increase the logging level of 'org.springframework.security.config.annotation.authentication.configuration.InitializeUserDetailsBeanManagerConfigurer' to ERROR
[2025-11-03 00:35:00:1972635][restartedMain] WARN  o.s.s.c.a.web.builders.WebSecurity - You are asking Spring Security to ignore Deferred [Mvc [pattern='/static/imgs/**'], Ant [pattern='/static/imgs/**']]. This is not recommended -- please use permitAll via HttpSecurity#authorizeHttpRequests instead.
[2025-11-03 00:35:00:1972635][restartedMain] WARN  o.s.s.c.a.web.builders.WebSecurity - You are asking Spring Security to ignore org.springframework.boot.autoconfigure.security.servlet.StaticResourceRequest$StaticResourceRequestMatcher@72efe0ae. This is not recommended -- please use permitAll via HttpSecurity#authorizeHttpRequests instead.
[2025-11-03 00:35:00:1972750][restartedMain] INFO  o.s.b.d.a.OptionalLiveReloadServer - LiveReload server is running on port 35729
[2025-11-03 00:35:00:1972763][restartedMain] INFO  o.a.coyote.http11.Http11NioProtocol - Starting ProtocolHandler ["http-nio-9090"]
[2025-11-03 00:35:00:1972767][restartedMain] INFO  o.s.b.w.e.tomcat.TomcatWebServer - Tomcat started on port 9090 (http) with context path '/'
[2025-11-03 00:35:00:1972773][restartedMain] INFO  back.code.ModuBackApplication - Started ModuBackApplication in 1.905 seconds (process running for 1973.578)
[2025-11-03 00:35:00:1972775][restartedMain] INFO  o.s.b.d.a.ConditionEvaluationDeltaLoggingListener - Condition evaluation unchanged
[2025-11-03 00:35:11:1983584][File Watcher] INFO  o.s.b.d.a.LocalDevToolsAutoConfiguration$RestartingClassPathChangeChangedEventListener - Restarting due to 2 class path changes (0 additions, 2 deletions, 0 modifications)
[2025-11-03 00:35:11:1983586][Thread-20] INFO  o.s.b.w.e.tomcat.GracefulShutdown - Commencing graceful shutdown. Waiting for active requests to complete
[2025-11-03 00:35:11:1983587][tomcat-shutdown] INFO  o.a.coyote.http11.Http11NioProtocol - Pausing ProtocolHandler ["http-nio-9090"]
[2025-11-03 00:35:11:1983593][tomcat-shutdown] INFO  o.s.b.w.e.tomcat.GracefulShutdown - Graceful shutdown complete
[2025-11-03 00:35:11:1983593][Thread-20] INFO  o.a.coyote.http11.Http11NioProtocol - Stopping ProtocolHandler ["http-nio-9090"]
[2025-11-03 00:35:11:1983595][Thread-20] INFO  o.s.o.j.LocalContainerEntityManagerFactoryBean - Closing JPA EntityManagerFactory for persistence unit 'default'
[2025-11-03 00:35:11:1983596][Thread-20] INFO  com.zaxxer.hikari.HikariDataSource - HikariPool-3 - Shutdown initiated...
[2025-11-03 00:35:11:1983604][Thread-20] INFO  com.zaxxer.hikari.HikariDataSource - HikariPool-3 - Shutdown completed.
[2025-11-03 00:35:11:1983728][restartedMain] INFO  back.code.ModuBackApplication - Starting ModuBackApplication using Java 21.0.7 with PID 24212 (C:\modu_project\modu_back\build\classes\java\main started by sm002 in C:\modu_project\modu_back)
[2025-11-03 00:35:11:1983728][restartedMain] INFO  back.code.ModuBackApplication - No active profile set, falling back to 1 default profile: "default"
[2025-11-03 00:35:11:1984070][restartedMain] INFO  o.s.d.r.c.RepositoryConfigurationDelegate - Bootstrapping Spring Data JPA repositories in DEFAULT mode.
[2025-11-03 00:35:11:1984109][restartedMain] INFO  o.s.d.r.c.RepositoryConfigurationDelegate - Finished Spring Data repository scanning in 37 ms. Found 3 JPA repository interfaces.
[2025-11-03 00:35:12:1984259][restartedMain] INFO  o.s.b.w.e.tomcat.TomcatWebServer - Tomcat initialized with port 9090 (http)
[2025-11-03 00:35:12:1984260][restartedMain] INFO  o.a.coyote.http11.Http11NioProtocol - Initializing ProtocolHandler ["http-nio-9090"]
[2025-11-03 00:35:12:1984260][restartedMain] INFO  o.a.catalina.core.StandardService - Starting service [Tomcat]
[2025-11-03 00:35:12:1984260][restartedMain] INFO  o.a.catalina.core.StandardEngine - Starting Servlet engine: [Apache Tomcat/10.1.48]
[2025-11-03 00:35:12:1984299][restartedMain] INFO  o.a.c.c.C.[Tomcat].[localhost].[/] - Initializing Spring embedded WebApplicationContext
[2025-11-03 00:35:12:1984299][restartedMain] INFO  o.s.b.w.s.c.ServletWebServerApplicationContext - Root WebApplicationContext: initialization completed in 568 ms
[2025-11-03 00:35:12:1984350][restartedMain] INFO  o.h.jpa.internal.util.LogHelper - HHH000204: Processing PersistenceUnitInfo [name: default]
[2025-11-03 00:35:12:1984354][restartedMain] INFO  o.h.c.i.RegionFactoryInitiator - HHH000026: Second-level cache disabled
[2025-11-03 00:35:12:1984362][restartedMain] INFO  o.s.o.j.p.SpringPersistenceUnitInfo - No LoadTimeWeaver setup: ignoring JPA class transformer
[2025-11-03 00:35:12:1984363][restartedMain] INFO  com.zaxxer.hikari.HikariDataSource - HikariPool-4 - Starting...
[2025-11-03 00:35:12:1984367][restartedMain] INFO  com.zaxxer.hikari.pool.HikariPool - HikariPool-4 - Added connection org.mariadb.jdbc.Connection@4445f2e6
[2025-11-03 00:35:12:1984367][restartedMain] INFO  com.zaxxer.hikari.HikariDataSource - HikariPool-4 - Start completed.
[2025-11-03 00:35:12:1984368][restartedMain] WARN  org.hibernate.orm.deprecation - HHH90000025: MariaDBDialect does not need to be specified explicitly using 'hibernate.dialect' (remove the property setting and it will be selected by default)
[2025-11-03 00:35:12:1984368][restartedMain] INFO  o.hibernate.orm.connections.pooling - HHH10001005: Database info:
	Database JDBC URL [Connecting through datasource 'p6SpyDataSourceDecorator [com.p6spy.engine.spy.P6DataSource] -> dataSource [com.zaxxer.hikari.HikariDataSource]']
	Database driver: undefined/unknown
	Database version: 11.8.2
	Autocommit mode: undefined/unknown
	Isolation level: undefined/unknown
	Minimum pool size: undefined/unknown
	Maximum pool size: undefined/unknown
[2025-11-03 00:35:12:1984369][restartedMain] DEBUG o.h.t.d.sql.spi.DdlTypeRegistry - addDescriptor(12, org.hibernate.type.descriptor.sql.internal.CapacityDependentDdlType@6bf685c0) replaced previous registration(org.hibernate.type.descriptor.sql.internal.CapacityDependentDdlType@69c55386)
[2025-11-03 00:35:12:1984369][restartedMain] DEBUG o.h.t.d.sql.spi.DdlTypeRegistry - addDescriptor(-9, org.hibernate.type.descriptor.sql.internal.CapacityDependentDdlType@673f2048) replaced previous registration(org.hibernate.type.descriptor.sql.internal.CapacityDependentDdlType@4a6bc95f)
[2025-11-03 00:35:12:1984369][restartedMain] DEBUG o.h.t.d.sql.spi.DdlTypeRegistry - addDescriptor(-3, org.hibernate.type.descriptor.sql.internal.CapacityDependentDdlType@15ec8d57) replaced previous registration(org.hibernate.type.descriptor.sql.internal.CapacityDependentDdlType@56f6a50f)
[2025-11-03 00:35:12:1984369][restartedMain] DEBUG o.h.t.d.sql.spi.DdlTypeRegistry - addDescriptor(4003, org.hibernate.type.descriptor.sql.internal.DdlTypeImpl@4855e2f9) replaced previous registration(org.hibernate.type.descriptor.sql.internal.DdlTypeImpl@5ce0fb9d)
[2025-11-03 00:35:12:1984369][restartedMain] DEBUG o.h.t.d.sql.spi.DdlTypeRegistry - addDescriptor(4001, org.hibernate.type.descriptor.sql.internal.DdlTypeImpl@2d975363) replaced previous registration(org.hibernate.type.descriptor.sql.internal.DdlTypeImpl@4e2a5503)
[2025-11-03 00:35:12:1984369][restartedMain] DEBUG o.h.t.d.sql.spi.DdlTypeRegistry - addDescriptor(4002, org.hibernate.type.descriptor.sql.internal.DdlTypeImpl@298f3415) replaced previous registration(org.hibernate.type.descriptor.sql.internal.DdlTypeImpl@72680eaa)
[2025-11-03 00:35:12:1984369][restartedMain] DEBUG o.h.t.d.sql.spi.DdlTypeRegistry - addDescriptor(2004, org.hibernate.type.descriptor.sql.internal.CapacityDependentDdlType@65f347cf) replaced previous registration(org.hibernate.type.descriptor.sql.internal.DdlTypeImpl@796d943f)
[2025-11-03 00:35:12:1984369][restartedMain] DEBUG o.h.t.d.sql.spi.DdlTypeRegistry - addDescriptor(2005, org.hibernate.type.descriptor.sql.internal.CapacityDependentDdlType@2992389b) replaced previous registration(org.hibernate.type.descriptor.sql.internal.DdlTypeImpl@1bbd7e5d)
[2025-11-03 00:35:12:1984369][restartedMain] DEBUG o.h.t.d.sql.spi.DdlTypeRegistry - addDescriptor(2011, org.hibernate.type.descriptor.sql.internal.CapacityDependentDdlType@640f8fda) replaced previous registration(org.hibernate.type.descriptor.sql.internal.DdlTypeImpl@71562308)
[2025-11-03 00:35:12:1984465][restartedMain] INFO  o.h.e.t.j.p.i.JtaPlatformInitiator - HHH000489: No JTA platform available (set 'hibernate.transaction.jta.platform' to enable JTA platform integration)
[2025-11-03 00:35:12:1984466][restartedMain] INFO  p6spy - #1762097712225 | took 1ms | statement | connection 14| url jdbc:mariadb://localhost/modu?user=root&password=***&prepStmtCacheSqlLimit=2048&useServerPrepStmts=true
select table_name from information_schema.TABLES where table_schema=database() and table_type='SEQUENCE'
select table_name from information_schema.TABLES where table_schema=database() and table_type='SEQUENCE';
[2025-11-03 00:35:12:1984505][restartedMain] INFO  o.s.o.j.LocalContainerEntityManagerFactoryBean - Initialized JPA EntityManagerFactory for persistence unit 'default'
[2025-11-03 00:35:12:1984696][restartedMain] INFO  o.s.s.c.a.a.c.InitializeAuthenticationProviderBeanManagerConfigurer$InitializeAuthenticationProviderManagerConfigurer - Global AuthenticationManager configured with AuthenticationProvider bean with name authProvider
[2025-11-03 00:35:12:1984696][restartedMain] WARN  o.s.s.c.a.a.c.InitializeUserDetailsBeanManagerConfigurer$InitializeUserDetailsManagerConfigurer - Global AuthenticationManager configured with an AuthenticationProvider bean. UserDetailsService beans will not be used by Spring Security for automatically configuring username/password login. Consider removing the AuthenticationProvider bean. Alternatively, consider using the UserDetailsService in a manually instantiated DaoAuthenticationProvider. If the current configuration is intentional, to turn off this warning, increase the logging level of 'org.springframework.security.config.annotation.authentication.configuration.InitializeUserDetailsBeanManagerConfigurer' to ERROR
[2025-11-03 00:35:12:1984724][restartedMain] WARN  o.s.s.c.a.web.builders.WebSecurity - You are asking Spring Security to ignore Deferred [Mvc [pattern='/static/imgs/**'], Ant [pattern='/static/imgs/**']]. This is not recommended -- please use permitAll via HttpSecurity#authorizeHttpRequests instead.
[2025-11-03 00:35:12:1984724][restartedMain] WARN  o.s.s.c.a.web.builders.WebSecurity - You are asking Spring Security to ignore org.springframework.boot.autoconfigure.security.servlet.StaticResourceRequest$StaticResourceRequestMatcher@665bcc6. This is not recommended -- please use permitAll via HttpSecurity#authorizeHttpRequests instead.
[2025-11-03 00:35:12:1984812][restartedMain] INFO  o.s.b.d.a.OptionalLiveReloadServer - LiveReload server is running on port 35729
[2025-11-03 00:35:12:1984820][restartedMain] INFO  o.a.coyote.http11.Http11NioProtocol - Starting ProtocolHandler ["http-nio-9090"]
[2025-11-03 00:35:12:1984823][restartedMain] INFO  o.s.b.w.e.tomcat.TomcatWebServer - Tomcat started on port 9090 (http) with context path '/'
[2025-11-03 00:35:12:1984826][restartedMain] INFO  back.code.ModuBackApplication - Started ModuBackApplication in 1.16 seconds (process running for 1985.632)
[2025-11-03 00:35:12:1984828][restartedMain] INFO  o.s.b.d.a.ConditionEvaluationDeltaLoggingListener - Condition evaluation unchanged
[2025-11-03 00:35:14:1986271][File Watcher] INFO  o.s.b.d.a.LocalDevToolsAutoConfiguration$RestartingClassPathChangeChangedEventListener - Restarting due to 2 class path changes (2 additions, 0 deletions, 0 modifications)
[2025-11-03 00:35:14:1986272][Thread-27] INFO  o.s.b.w.e.tomcat.GracefulShutdown - Commencing graceful shutdown. Waiting for active requests to complete
[2025-11-03 00:35:14:1986272][tomcat-shutdown] INFO  o.a.coyote.http11.Http11NioProtocol - Pausing ProtocolHandler ["http-nio-9090"]
[2025-11-03 00:35:14:1986276][tomcat-shutdown] INFO  o.s.b.w.e.tomcat.GracefulShutdown - Graceful shutdown complete
[2025-11-03 00:35:14:1986276][Thread-27] INFO  o.a.coyote.http11.Http11NioProtocol - Stopping ProtocolHandler ["http-nio-9090"]
[2025-11-03 00:35:14:1986279][Thread-27] INFO  o.s.o.j.LocalContainerEntityManagerFactoryBean - Closing JPA EntityManagerFactory for persistence unit 'default'
[2025-11-03 00:35:14:1986279][Thread-27] INFO  com.zaxxer.hikari.HikariDataSource - HikariPool-4 - Shutdown initiated...
[2025-11-03 00:35:14:1986285][Thread-27] INFO  com.zaxxer.hikari.HikariDataSource - HikariPool-4 - Shutdown completed.
[2025-11-03 00:35:14:1986417][restartedMain] INFO  back.code.ModuBackApplication - Starting ModuBackApplication using Java 21.0.7 with PID 24212 (C:\modu_project\modu_back\build\classes\java\main started by sm002 in C:\modu_project\modu_back)
[2025-11-03 00:35:14:1986419][restartedMain] INFO  back.code.ModuBackApplication - No active profile set, falling back to 1 default profile: "default"
[2025-11-03 00:35:14:1986701][restartedMain] INFO  o.s.d.r.c.RepositoryConfigurationDelegate - Bootstrapping Spring Data JPA repositories in DEFAULT mode.
[2025-11-03 00:35:14:1986729][restartedMain] INFO  o.s.d.r.c.RepositoryConfigurationDelegate - Finished Spring Data repository scanning in 28 ms. Found 3 JPA repository interfaces.
[2025-11-03 00:35:14:1986845][restartedMain] INFO  o.s.b.w.e.tomcat.TomcatWebServer - Tomcat initialized with port 9090 (http)
[2025-11-03 00:35:14:1986846][restartedMain] INFO  o.a.coyote.http11.Http11NioProtocol - Initializing ProtocolHandler ["http-nio-9090"]
[2025-11-03 00:35:14:1986846][restartedMain] INFO  o.a.catalina.core.StandardService - Starting service [Tomcat]
[2025-11-03 00:35:14:1986846][restartedMain] INFO  o.a.catalina.core.StandardEngine - Starting Servlet engine: [Apache Tomcat/10.1.48]
[2025-11-03 00:35:14:1986885][restartedMain] INFO  o.a.c.c.C.[Tomcat].[localhost].[/] - Initializing Spring embedded WebApplicationContext
[2025-11-03 00:35:14:1986885][restartedMain] INFO  o.s.b.w.s.c.ServletWebServerApplicationContext - Root WebApplicationContext: initialization completed in 464 ms
[2025-11-03 00:35:14:1986925][restartedMain] INFO  o.h.jpa.internal.util.LogHelper - HHH000204: Processing PersistenceUnitInfo [name: default]
[2025-11-03 00:35:14:1986928][restartedMain] INFO  o.h.c.i.RegionFactoryInitiator - HHH000026: Second-level cache disabled
[2025-11-03 00:35:14:1986936][restartedMain] INFO  o.s.o.j.p.SpringPersistenceUnitInfo - No LoadTimeWeaver setup: ignoring JPA class transformer
[2025-11-03 00:35:14:1986937][restartedMain] INFO  com.zaxxer.hikari.HikariDataSource - HikariPool-5 - Starting...
[2025-11-03 00:35:14:1986941][restartedMain] INFO  com.zaxxer.hikari.pool.HikariPool - HikariPool-5 - Added connection org.mariadb.jdbc.Connection@797c1bc9
[2025-11-03 00:35:14:1986941][restartedMain] INFO  com.zaxxer.hikari.HikariDataSource - HikariPool-5 - Start completed.
[2025-11-03 00:35:14:1986942][restartedMain] WARN  org.hibernate.orm.deprecation - HHH90000025: MariaDBDialect does not need to be specified explicitly using 'hibernate.dialect' (remove the property setting and it will be selected by default)
[2025-11-03 00:35:14:1986942][restartedMain] INFO  o.hibernate.orm.connections.pooling - HHH10001005: Database info:
	Database JDBC URL [Connecting through datasource 'p6SpyDataSourceDecorator [com.p6spy.engine.spy.P6DataSource] -> dataSource [com.zaxxer.hikari.HikariDataSource]']
	Database driver: undefined/unknown
	Database version: 11.8.2
	Autocommit mode: undefined/unknown
	Isolation level: undefined/unknown
	Minimum pool size: undefined/unknown
	Maximum pool size: undefined/unknown
[2025-11-03 00:35:14:1986943][restartedMain] DEBUG o.h.t.d.sql.spi.DdlTypeRegistry - addDescriptor(12, org.hibernate.type.descriptor.sql.internal.CapacityDependentDdlType@164d7912) replaced previous registration(org.hibernate.type.descriptor.sql.internal.CapacityDependentDdlType@77975e10)
[2025-11-03 00:35:14:1986943][restartedMain] DEBUG o.h.t.d.sql.spi.DdlTypeRegistry - addDescriptor(-9, org.hibernate.type.descriptor.sql.internal.CapacityDependentDdlType@7a67a233) replaced previous registration(org.hibernate.type.descriptor.sql.internal.CapacityDependentDdlType@31705d47)
[2025-11-03 00:35:14:1986943][restartedMain] DEBUG o.h.t.d.sql.spi.DdlTypeRegistry - addDescriptor(-3, org.hibernate.type.descriptor.sql.internal.CapacityDependentDdlType@4c082792) replaced previous registration(org.hibernate.type.descriptor.sql.internal.CapacityDependentDdlType@12297dd)
[2025-11-03 00:35:14:1986943][restartedMain] DEBUG o.h.t.d.sql.spi.DdlTypeRegistry - addDescriptor(4003, org.hibernate.type.descriptor.sql.internal.DdlTypeImpl@4693dbf0) replaced previous registration(org.hibernate.type.descriptor.sql.internal.DdlTypeImpl@753a3c00)
[2025-11-03 00:35:14:1986943][restartedMain] DEBUG o.h.t.d.sql.spi.DdlTypeRegistry - addDescriptor(4001, org.hibernate.type.descriptor.sql.internal.DdlTypeImpl@7803a182) replaced previous registration(org.hibernate.type.descriptor.sql.internal.DdlTypeImpl@6d8a5d20)
[2025-11-03 00:35:14:1986943][restartedMain] DEBUG o.h.t.d.sql.spi.DdlTypeRegistry - addDescriptor(4002, org.hibernate.type.descriptor.sql.internal.DdlTypeImpl@359e573a) replaced previous registration(org.hibernate.type.descriptor.sql.internal.DdlTypeImpl@1160a7b5)
[2025-11-03 00:35:14:1986943][restartedMain] DEBUG o.h.t.d.sql.spi.DdlTypeRegistry - addDescriptor(2004, org.hibernate.type.descriptor.sql.internal.CapacityDependentDdlType@748a0baa) replaced previous registration(org.hibernate.type.descriptor.sql.internal.DdlTypeImpl@4b563b46)
[2025-11-03 00:35:14:1986943][restartedMain] DEBUG o.h.t.d.sql.spi.DdlTypeRegistry - addDescriptor(2005, org.hibernate.type.descriptor.sql.internal.CapacityDependentDdlType@c368291) replaced previous registration(org.hibernate.type.descriptor.sql.internal.DdlTypeImpl@18ffc1ad)
[2025-11-03 00:35:14:1986943][restartedMain] DEBUG o.h.t.d.sql.spi.DdlTypeRegistry - addDescriptor(2011, org.hibernate.type.descriptor.sql.internal.CapacityDependentDdlType@3c0c4e43) replaced previous registration(org.hibernate.type.descriptor.sql.internal.DdlTypeImpl@46face8f)
[2025-11-03 00:35:14:1987067][restartedMain] INFO  o.h.e.t.j.p.i.JtaPlatformInitiator - HHH000489: No JTA platform available (set 'hibernate.transaction.jta.platform' to enable JTA platform integration)
[2025-11-03 00:35:14:1987068][restartedMain] INFO  p6spy - #1762097714827 | took 0ms | statement | connection 16| url jdbc:mariadb://localhost/modu?user=root&password=***&prepStmtCacheSqlLimit=2048&useServerPrepStmts=true
select table_name from information_schema.TABLES where table_schema=database() and table_type='SEQUENCE'
select table_name from information_schema.TABLES where table_schema=database() and table_type='SEQUENCE';
[2025-11-03 00:35:14:1987085][restartedMain] INFO  o.s.o.j.LocalContainerEntityManagerFactoryBean - Initialized JPA EntityManagerFactory for persistence unit 'default'
[2025-11-03 00:35:15:1987316][restartedMain] INFO  o.s.s.c.a.a.c.InitializeAuthenticationProviderBeanManagerConfigurer$InitializeAuthenticationProviderManagerConfigurer - Global AuthenticationManager configured with AuthenticationProvider bean with name authProvider
[2025-11-03 00:35:15:1987316][restartedMain] WARN  o.s.s.c.a.a.c.InitializeUserDetailsBeanManagerConfigurer$InitializeUserDetailsManagerConfigurer - Global AuthenticationManager configured with an AuthenticationProvider bean. UserDetailsService beans will not be used by Spring Security for automatically configuring username/password login. Consider removing the AuthenticationProvider bean. Alternatively, consider using the UserDetailsService in a manually instantiated DaoAuthenticationProvider. If the current configuration is intentional, to turn off this warning, increase the logging level of 'org.springframework.security.config.annotation.authentication.configuration.InitializeUserDetailsBeanManagerConfigurer' to ERROR
[2025-11-03 00:35:15:1987350][restartedMain] WARN  o.s.s.c.a.web.builders.WebSecurity - You are asking Spring Security to ignore Deferred [Mvc [pattern='/static/imgs/**'], Ant [pattern='/static/imgs/**']]. This is not recommended -- please use permitAll via HttpSecurity#authorizeHttpRequests instead.
[2025-11-03 00:35:15:1987350][restartedMain] WARN  o.s.s.c.a.web.builders.WebSecurity - You are asking Spring Security to ignore org.springframework.boot.autoconfigure.security.servlet.StaticResourceRequest$StaticResourceRequestMatcher@4b1ab21f. This is not recommended -- please use permitAll via HttpSecurity#authorizeHttpRequests instead.
[2025-11-03 00:35:15:1987420][restartedMain] INFO  o.s.b.d.a.OptionalLiveReloadServer - LiveReload server is running on port 35729
[2025-11-03 00:35:15:1987431][restartedMain] INFO  o.a.coyote.http11.Http11NioProtocol - Starting ProtocolHandler ["http-nio-9090"]
[2025-11-03 00:35:15:1987434][restartedMain] INFO  o.s.b.w.e.tomcat.TomcatWebServer - Tomcat started on port 9090 (http) with context path '/'
[2025-11-03 00:35:15:1987438][restartedMain] INFO  back.code.ModuBackApplication - Started ModuBackApplication in 1.061 seconds (process running for 1988.243)
[2025-11-03 00:35:15:1987439][restartedMain] INFO  o.s.b.d.a.ConditionEvaluationDeltaLoggingListener - Condition evaluation unchanged
[2025-11-03 00:35:24:1997113][File Watcher] INFO  o.s.b.d.a.LocalDevToolsAutoConfiguration$RestartingClassPathChangeChangedEventListener - Restarting due to 2 class path changes (0 additions, 2 deletions, 0 modifications)
[2025-11-03 00:35:24:1997115][Thread-34] INFO  o.s.b.w.e.tomcat.GracefulShutdown - Commencing graceful shutdown. Waiting for active requests to complete
[2025-11-03 00:35:24:1997115][tomcat-shutdown] INFO  o.a.coyote.http11.Http11NioProtocol - Pausing ProtocolHandler ["http-nio-9090"]
[2025-11-03 00:35:24:1997126][tomcat-shutdown] INFO  o.s.b.w.e.tomcat.GracefulShutdown - Graceful shutdown complete
[2025-11-03 00:35:24:1997127][Thread-34] INFO  o.a.coyote.http11.Http11NioProtocol - Stopping ProtocolHandler ["http-nio-9090"]
[2025-11-03 00:35:24:1997130][Thread-34] INFO  o.s.o.j.LocalContainerEntityManagerFactoryBean - Closing JPA EntityManagerFactory for persistence unit 'default'
[2025-11-03 00:35:24:1997131][Thread-34] INFO  com.zaxxer.hikari.HikariDataSource - HikariPool-5 - Shutdown initiated...
[2025-11-03 00:35:24:1997137][Thread-34] INFO  com.zaxxer.hikari.HikariDataSource - HikariPool-5 - Shutdown completed.
[2025-11-03 00:35:25:1997300][restartedMain] INFO  back.code.ModuBackApplication - Starting ModuBackApplication using Java 21.0.7 with PID 24212 (C:\modu_project\modu_back\build\classes\java\main started by sm002 in C:\modu_project\modu_back)
[2025-11-03 00:35:25:1997300][restartedMain] INFO  back.code.ModuBackApplication - No active profile set, falling back to 1 default profile: "default"
[2025-11-03 00:35:25:1997827][restartedMain] INFO  o.s.d.r.c.RepositoryConfigurationDelegate - Bootstrapping Spring Data JPA repositories in DEFAULT mode.
[2025-11-03 00:35:25:1997873][restartedMain] INFO  o.s.d.r.c.RepositoryConfigurationDelegate - Finished Spring Data repository scanning in 44 ms. Found 3 JPA repository interfaces.
[2025-11-03 00:35:25:1998057][restartedMain] INFO  o.s.b.w.e.tomcat.TomcatWebServer - Tomcat initialized with port 9090 (http)
[2025-11-03 00:35:25:1998058][restartedMain] INFO  o.a.coyote.http11.Http11NioProtocol - Initializing ProtocolHandler ["http-nio-9090"]
[2025-11-03 00:35:25:1998058][restartedMain] INFO  o.a.catalina.core.StandardService - Starting service [Tomcat]
[2025-11-03 00:35:25:1998058][restartedMain] INFO  o.a.catalina.core.StandardEngine - Starting Servlet engine: [Apache Tomcat/10.1.48]
[2025-11-03 00:35:25:1998112][restartedMain] INFO  o.a.c.c.C.[Tomcat].[localhost].[/] - Initializing Spring embedded WebApplicationContext
[2025-11-03 00:35:25:1998112][restartedMain] INFO  o.s.b.w.s.c.ServletWebServerApplicationContext - Root WebApplicationContext: initialization completed in 808 ms
[2025-11-03 00:35:25:1998186][restartedMain] INFO  o.h.jpa.internal.util.LogHelper - HHH000204: Processing PersistenceUnitInfo [name: default]
[2025-11-03 00:35:25:1998191][restartedMain] INFO  o.h.c.i.RegionFactoryInitiator - HHH000026: Second-level cache disabled
[2025-11-03 00:35:25:1998207][restartedMain] INFO  o.s.o.j.p.SpringPersistenceUnitInfo - No LoadTimeWeaver setup: ignoring JPA class transformer
[2025-11-03 00:35:25:1998208][restartedMain] INFO  com.zaxxer.hikari.HikariDataSource - HikariPool-6 - Starting...
[2025-11-03 00:35:25:1998214][restartedMain] INFO  com.zaxxer.hikari.pool.HikariPool - HikariPool-6 - Added connection org.mariadb.jdbc.Connection@4a591316
[2025-11-03 00:35:25:1998214][restartedMain] INFO  com.zaxxer.hikari.HikariDataSource - HikariPool-6 - Start completed.
[2025-11-03 00:35:25:1998215][restartedMain] WARN  org.hibernate.orm.deprecation - HHH90000025: MariaDBDialect does not need to be specified explicitly using 'hibernate.dialect' (remove the property setting and it will be selected by default)
[2025-11-03 00:35:25:1998216][restartedMain] INFO  o.hibernate.orm.connections.pooling - HHH10001005: Database info:
	Database JDBC URL [Connecting through datasource 'p6SpyDataSourceDecorator [com.p6spy.engine.spy.P6DataSource] -> dataSource [com.zaxxer.hikari.HikariDataSource]']
	Database driver: undefined/unknown
	Database version: 11.8.2
	Autocommit mode: undefined/unknown
	Isolation level: undefined/unknown
	Minimum pool size: undefined/unknown
	Maximum pool size: undefined/unknown
[2025-11-03 00:35:25:1998216][restartedMain] DEBUG o.h.t.d.sql.spi.DdlTypeRegistry - addDescriptor(12, org.hibernate.type.descriptor.sql.internal.CapacityDependentDdlType@33c991c7) replaced previous registration(org.hibernate.type.descriptor.sql.internal.CapacityDependentDdlType@bac4985)
[2025-11-03 00:35:25:1998218][restartedMain] DEBUG o.h.t.d.sql.spi.DdlTypeRegistry - addDescriptor(-9, org.hibernate.type.descriptor.sql.internal.CapacityDependentDdlType@4d3fe7d2) replaced previous registration(org.hibernate.type.descriptor.sql.internal.CapacityDependentDdlType@12bc0943)
[2025-11-03 00:35:25:1998218][restartedMain] DEBUG o.h.t.d.sql.spi.DdlTypeRegistry - addDescriptor(-3, org.hibernate.type.descriptor.sql.internal.CapacityDependentDdlType@6d04e57a) replaced previous registration(org.hibernate.type.descriptor.sql.internal.CapacityDependentDdlType@48d793e)
[2025-11-03 00:35:25:1998218][restartedMain] DEBUG o.h.t.d.sql.spi.DdlTypeRegistry - addDescriptor(4003, org.hibernate.type.descriptor.sql.internal.DdlTypeImpl@36be1f0a) replaced previous registration(org.hibernate.type.descriptor.sql.internal.DdlTypeImpl@44baee8f)
[2025-11-03 00:35:25:1998218][restartedMain] DEBUG o.h.t.d.sql.spi.DdlTypeRegistry - addDescriptor(4001, org.hibernate.type.descriptor.sql.internal.DdlTypeImpl@e5ffc57) replaced previous registration(org.hibernate.type.descriptor.sql.internal.DdlTypeImpl@61f4202b)
[2025-11-03 00:35:25:1998218][restartedMain] DEBUG o.h.t.d.sql.spi.DdlTypeRegistry - addDescriptor(4002, org.hibernate.type.descriptor.sql.internal.DdlTypeImpl@27f42550) replaced previous registration(org.hibernate.type.descriptor.sql.internal.DdlTypeImpl@34a979b7)
[2025-11-03 00:35:25:1998218][restartedMain] DEBUG o.h.t.d.sql.spi.DdlTypeRegistry - addDescriptor(2004, org.hibernate.type.descriptor.sql.internal.CapacityDependentDdlType@45659631) replaced previous registration(org.hibernate.type.descriptor.sql.internal.DdlTypeImpl@55003ce)
[2025-11-03 00:35:25:1998218][restartedMain] DEBUG o.h.t.d.sql.spi.DdlTypeRegistry - addDescriptor(2005, org.hibernate.type.descriptor.sql.internal.CapacityDependentDdlType@3087891) replaced previous registration(org.hibernate.type.descriptor.sql.internal.DdlTypeImpl@7c93cd86)
[2025-11-03 00:35:25:1998218][restartedMain] DEBUG o.h.t.d.sql.spi.DdlTypeRegistry - addDescriptor(2011, org.hibernate.type.descriptor.sql.internal.CapacityDependentDdlType@15ae083b) replaced previous registration(org.hibernate.type.descriptor.sql.internal.DdlTypeImpl@10652733)
[2025-11-03 00:35:26:1998356][restartedMain] INFO  o.h.e.t.j.p.i.JtaPlatformInitiator - HHH000489: No JTA platform available (set 'hibernate.transaction.jta.platform' to enable JTA platform integration)
[2025-11-03 00:35:26:1998358][restartedMain] INFO  p6spy - #1762097726117 | took 1ms | statement | connection 18| url jdbc:mariadb://localhost/modu?user=root&password=***&prepStmtCacheSqlLimit=2048&useServerPrepStmts=true
select table_name from information_schema.TABLES where table_schema=database() and table_type='SEQUENCE'
select table_name from information_schema.TABLES where table_schema=database() and table_type='SEQUENCE';
[2025-11-03 00:35:26:1998385][restartedMain] INFO  o.s.o.j.LocalContainerEntityManagerFactoryBean - Initialized JPA EntityManagerFactory for persistence unit 'default'
[2025-11-03 00:35:26:1998721][restartedMain] INFO  o.s.s.c.a.a.c.InitializeAuthenticationProviderBeanManagerConfigurer$InitializeAuthenticationProviderManagerConfigurer - Global AuthenticationManager configured with AuthenticationProvider bean with name authProvider
[2025-11-03 00:35:26:1998721][restartedMain] WARN  o.s.s.c.a.a.c.InitializeUserDetailsBeanManagerConfigurer$InitializeUserDetailsManagerConfigurer - Global AuthenticationManager configured with an AuthenticationProvider bean. UserDetailsService beans will not be used by Spring Security for automatically configuring username/password login. Consider removing the AuthenticationProvider bean. Alternatively, consider using the UserDetailsService in a manually instantiated DaoAuthenticationProvider. If the current configuration is intentional, to turn off this warning, increase the logging level of 'org.springframework.security.config.annotation.authentication.configuration.InitializeUserDetailsBeanManagerConfigurer' to ERROR
[2025-11-03 00:35:26:1998772][restartedMain] WARN  o.s.s.c.a.web.builders.WebSecurity - You are asking Spring Security to ignore Deferred [Mvc [pattern='/static/imgs/**'], Ant [pattern='/static/imgs/**']]. This is not recommended -- please use permitAll via HttpSecurity#authorizeHttpRequests instead.
[2025-11-03 00:35:26:1998772][restartedMain] WARN  o.s.s.c.a.web.builders.WebSecurity - You are asking Spring Security to ignore org.springframework.boot.autoconfigure.security.servlet.StaticResourceRequest$StaticResourceRequestMatcher@6095b5cc. This is not recommended -- please use permitAll via HttpSecurity#authorizeHttpRequests instead.
[2025-11-03 00:35:26:1998917][restartedMain] INFO  o.s.b.d.a.OptionalLiveReloadServer - LiveReload server is running on port 35729
[2025-11-03 00:35:26:1998942][restartedMain] INFO  o.a.coyote.http11.Http11NioProtocol - Starting ProtocolHandler ["http-nio-9090"]
[2025-11-03 00:35:26:1998949][restartedMain] INFO  o.s.b.w.e.tomcat.TomcatWebServer - Tomcat started on port 9090 (http) with context path '/'
[2025-11-03 00:35:26:1998953][restartedMain] INFO  back.code.ModuBackApplication - Started ModuBackApplication in 1.729 seconds (process running for 1999.759)
[2025-11-03 00:35:26:1998954][restartedMain] INFO  o.s.b.d.a.ConditionEvaluationDeltaLoggingListener - Condition evaluation unchanged
[2025-11-03 00:35:28:2000396][File Watcher] INFO  o.s.b.d.a.LocalDevToolsAutoConfiguration$RestartingClassPathChangeChangedEventListener - Restarting due to 2 class path changes (2 additions, 0 deletions, 0 modifications)
[2025-11-03 00:35:28:2000398][Thread-41] INFO  o.s.b.w.e.tomcat.GracefulShutdown - Commencing graceful shutdown. Waiting for active requests to complete
[2025-11-03 00:35:28:2000398][tomcat-shutdown] INFO  o.a.coyote.http11.Http11NioProtocol - Pausing ProtocolHandler ["http-nio-9090"]
[2025-11-03 00:35:28:2000404][tomcat-shutdown] INFO  o.s.b.w.e.tomcat.GracefulShutdown - Graceful shutdown complete
[2025-11-03 00:35:28:2000405][Thread-41] INFO  o.a.coyote.http11.Http11NioProtocol - Stopping ProtocolHandler ["http-nio-9090"]
[2025-11-03 00:35:28:2000408][Thread-41] INFO  o.s.o.j.LocalContainerEntityManagerFactoryBean - Closing JPA EntityManagerFactory for persistence unit 'default'
[2025-11-03 00:35:28:2000408][Thread-41] INFO  com.zaxxer.hikari.HikariDataSource - HikariPool-6 - Shutdown initiated...
[2025-11-03 00:35:28:2000413][Thread-41] INFO  com.zaxxer.hikari.HikariDataSource - HikariPool-6 - Shutdown completed.
[2025-11-03 00:35:28:2000528][restartedMain] INFO  back.code.ModuBackApplication - Starting ModuBackApplication using Java 21.0.7 with PID 24212 (C:\modu_project\modu_back\build\classes\java\main started by sm002 in C:\modu_project\modu_back)
[2025-11-03 00:35:28:2000528][restartedMain] INFO  back.code.ModuBackApplication - No active profile set, falling back to 1 default profile: "default"
[2025-11-03 00:35:28:2001000][restartedMain] INFO  o.s.d.r.c.RepositoryConfigurationDelegate - Bootstrapping Spring Data JPA repositories in DEFAULT mode.
[2025-11-03 00:35:28:2001031][restartedMain] INFO  o.s.d.r.c.RepositoryConfigurationDelegate - Finished Spring Data repository scanning in 30 ms. Found 3 JPA repository interfaces.
[2025-11-03 00:35:28:2001152][restartedMain] INFO  o.s.b.w.e.tomcat.TomcatWebServer - Tomcat initialized with port 9090 (http)
[2025-11-03 00:35:28:2001152][restartedMain] INFO  o.a.coyote.http11.Http11NioProtocol - Initializing ProtocolHandler ["http-nio-9090"]
[2025-11-03 00:35:28:2001152][restartedMain] INFO  o.a.catalina.core.StandardService - Starting service [Tomcat]
[2025-11-03 00:35:28:2001153][restartedMain] INFO  o.a.catalina.core.StandardEngine - Starting Servlet engine: [Apache Tomcat/10.1.48]
[2025-11-03 00:35:28:2001197][restartedMain] INFO  o.a.c.c.C.[Tomcat].[localhost].[/] - Initializing Spring embedded WebApplicationContext
[2025-11-03 00:35:28:2001197][restartedMain] INFO  o.s.b.w.s.c.ServletWebServerApplicationContext - Root WebApplicationContext: initialization completed in 667 ms
[2025-11-03 00:35:29:2001279][restartedMain] INFO  o.h.jpa.internal.util.LogHelper - HHH000204: Processing PersistenceUnitInfo [name: default]
[2025-11-03 00:35:29:2001283][restartedMain] INFO  o.h.c.i.RegionFactoryInitiator - HHH000026: Second-level cache disabled
[2025-11-03 00:35:29:2001294][restartedMain] INFO  o.s.o.j.p.SpringPersistenceUnitInfo - No LoadTimeWeaver setup: ignoring JPA class transformer
[2025-11-03 00:35:29:2001295][restartedMain] INFO  com.zaxxer.hikari.HikariDataSource - HikariPool-7 - Starting...
[2025-11-03 00:35:29:2001299][restartedMain] INFO  com.zaxxer.hikari.pool.HikariPool - HikariPool-7 - Added connection org.mariadb.jdbc.Connection@2b8701b4
[2025-11-03 00:35:29:2001299][restartedMain] INFO  com.zaxxer.hikari.HikariDataSource - HikariPool-7 - Start completed.
[2025-11-03 00:35:29:2001300][restartedMain] WARN  org.hibernate.orm.deprecation - HHH90000025: MariaDBDialect does not need to be specified explicitly using 'hibernate.dialect' (remove the property setting and it will be selected by default)
[2025-11-03 00:35:29:2001301][restartedMain] INFO  o.hibernate.orm.connections.pooling - HHH10001005: Database info:
	Database JDBC URL [Connecting through datasource 'p6SpyDataSourceDecorator [com.p6spy.engine.spy.P6DataSource] -> dataSource [com.zaxxer.hikari.HikariDataSource]']
	Database driver: undefined/unknown
	Database version: 11.8.2
	Autocommit mode: undefined/unknown
	Isolation level: undefined/unknown
	Minimum pool size: undefined/unknown
	Maximum pool size: undefined/unknown
[2025-11-03 00:35:29:2001301][restartedMain] DEBUG o.h.t.d.sql.spi.DdlTypeRegistry - addDescriptor(12, org.hibernate.type.descriptor.sql.internal.CapacityDependentDdlType@1aabaf2e) replaced previous registration(org.hibernate.type.descriptor.sql.internal.CapacityDependentDdlType@64bd2e23)
[2025-11-03 00:35:29:2001301][restartedMain] DEBUG o.h.t.d.sql.spi.DdlTypeRegistry - addDescriptor(-9, org.hibernate.type.descriptor.sql.internal.CapacityDependentDdlType@4e6b99e0) replaced previous registration(org.hibernate.type.descriptor.sql.internal.CapacityDependentDdlType@3eaae46e)
[2025-11-03 00:35:29:2001302][restartedMain] DEBUG o.h.t.d.sql.spi.DdlTypeRegistry - addDescriptor(-3, org.hibernate.type.descriptor.sql.internal.CapacityDependentDdlType@793fee4a) replaced previous registration(org.hibernate.type.descriptor.sql.internal.CapacityDependentDdlType@747e1b78)
[2025-11-03 00:35:29:2001302][restartedMain] DEBUG o.h.t.d.sql.spi.DdlTypeRegistry - addDescriptor(4003, org.hibernate.type.descriptor.sql.internal.DdlTypeImpl@66c8388e) replaced previous registration(org.hibernate.type.descriptor.sql.internal.DdlTypeImpl@f2839ad)
[2025-11-03 00:35:29:2001302][restartedMain] DEBUG o.h.t.d.sql.spi.DdlTypeRegistry - addDescriptor(4001, org.hibernate.type.descriptor.sql.internal.DdlTypeImpl@9e3dbbc) replaced previous registration(org.hibernate.type.descriptor.sql.internal.DdlTypeImpl@d42a423)
[2025-11-03 00:35:29:2001302][restartedMain] DEBUG o.h.t.d.sql.spi.DdlTypeRegistry - addDescriptor(4002, org.hibernate.type.descriptor.sql.internal.DdlTypeImpl@2ae9e14d) replaced previous registration(org.hibernate.type.descriptor.sql.internal.DdlTypeImpl@64c240ec)
[2025-11-03 00:35:29:2001302][restartedMain] DEBUG o.h.t.d.sql.spi.DdlTypeRegistry - addDescriptor(2004, org.hibernate.type.descriptor.sql.internal.CapacityDependentDdlType@73eb49f3) replaced previous registration(org.hibernate.type.descriptor.sql.internal.DdlTypeImpl@6b909811)
[2025-11-03 00:35:29:2001302][restartedMain] DEBUG o.h.t.d.sql.spi.DdlTypeRegistry - addDescriptor(2005, org.hibernate.type.descriptor.sql.internal.CapacityDependentDdlType@e96ffa7) replaced previous registration(org.hibernate.type.descriptor.sql.internal.DdlTypeImpl@78250bb9)
[2025-11-03 00:35:29:2001302][restartedMain] DEBUG o.h.t.d.sql.spi.DdlTypeRegistry - addDescriptor(2011, org.hibernate.type.descriptor.sql.internal.CapacityDependentDdlType@51a8619f) replaced previous registration(org.hibernate.type.descriptor.sql.internal.DdlTypeImpl@3e173bab)
[2025-11-03 00:35:29:2001409][restartedMain] INFO  o.h.e.t.j.p.i.JtaPlatformInitiator - HHH000489: No JTA platform available (set 'hibernate.transaction.jta.platform' to enable JTA platform integration)
[2025-11-03 00:35:29:2001411][restartedMain] INFO  p6spy - #1762097729170 | took 1ms | statement | connection 20| url jdbc:mariadb://localhost/modu?user=root&password=***&prepStmtCacheSqlLimit=2048&useServerPrepStmts=true
select table_name from information_schema.TABLES where table_schema=database() and table_type='SEQUENCE'
select table_name from information_schema.TABLES where table_schema=database() and table_type='SEQUENCE';
[2025-11-03 00:35:29:2001431][restartedMain] INFO  o.s.o.j.LocalContainerEntityManagerFactoryBean - Initialized JPA EntityManagerFactory for persistence unit 'default'
[2025-11-03 00:35:29:2001689][restartedMain] INFO  o.s.s.c.a.a.c.InitializeAuthenticationProviderBeanManagerConfigurer$InitializeAuthenticationProviderManagerConfigurer - Global AuthenticationManager configured with AuthenticationProvider bean with name authProvider
[2025-11-03 00:35:29:2001689][restartedMain] WARN  o.s.s.c.a.a.c.InitializeUserDetailsBeanManagerConfigurer$InitializeUserDetailsManagerConfigurer - Global AuthenticationManager configured with an AuthenticationProvider bean. UserDetailsService beans will not be used by Spring Security for automatically configuring username/password login. Consider removing the AuthenticationProvider bean. Alternatively, consider using the UserDetailsService in a manually instantiated DaoAuthenticationProvider. If the current configuration is intentional, to turn off this warning, increase the logging level of 'org.springframework.security.config.annotation.authentication.configuration.InitializeUserDetailsBeanManagerConfigurer' to ERROR
[2025-11-03 00:35:29:2001722][restartedMain] WARN  o.s.s.c.a.web.builders.WebSecurity - You are asking Spring Security to ignore Deferred [Mvc [pattern='/static/imgs/**'], Ant [pattern='/static/imgs/**']]. This is not recommended -- please use permitAll via HttpSecurity#authorizeHttpRequests instead.
[2025-11-03 00:35:29:2001722][restartedMain] WARN  o.s.s.c.a.web.builders.WebSecurity - You are asking Spring Security to ignore org.springframework.boot.autoconfigure.security.servlet.StaticResourceRequest$StaticResourceRequestMatcher@28e3a9ab. This is not recommended -- please use permitAll via HttpSecurity#authorizeHttpRequests instead.
[2025-11-03 00:35:29:2001808][restartedMain] INFO  o.s.b.d.a.OptionalLiveReloadServer - LiveReload server is running on port 35729
[2025-11-03 00:35:29:2001818][restartedMain] INFO  o.a.coyote.http11.Http11NioProtocol - Starting ProtocolHandler ["http-nio-9090"]
[2025-11-03 00:35:29:2001821][restartedMain] INFO  o.s.b.w.e.tomcat.TomcatWebServer - Tomcat started on port 9090 (http) with context path '/'
[2025-11-03 00:35:29:2001826][restartedMain] INFO  back.code.ModuBackApplication - Started ModuBackApplication in 1.348 seconds (process running for 2002.631)
[2025-11-03 00:35:29:2001827][restartedMain] INFO  o.s.b.d.a.ConditionEvaluationDeltaLoggingListener - Condition evaluation unchanged
[2025-11-03 00:35:54:2026964][File Watcher] INFO  o.s.b.d.a.LocalDevToolsAutoConfiguration$RestartingClassPathChangeChangedEventListener - Restarting due to 1 class path change (0 additions, 1 deletion, 0 modifications)
[2025-11-03 00:35:54:2026970][Thread-48] INFO  o.s.b.w.e.tomcat.GracefulShutdown - Commencing graceful shutdown. Waiting for active requests to complete
[2025-11-03 00:35:54:2026970][tomcat-shutdown] INFO  o.a.coyote.http11.Http11NioProtocol - Pausing ProtocolHandler ["http-nio-9090"]
[2025-11-03 00:35:54:2026981][tomcat-shutdown] INFO  o.s.b.w.e.tomcat.GracefulShutdown - Graceful shutdown complete
[2025-11-03 00:35:54:2026981][Thread-48] INFO  o.a.coyote.http11.Http11NioProtocol - Stopping ProtocolHandler ["http-nio-9090"]
[2025-11-03 00:35:54:2026981][Thread-48] INFO  o.s.o.j.LocalContainerEntityManagerFactoryBean - Closing JPA EntityManagerFactory for persistence unit 'default'
[2025-11-03 00:35:54:2026987][Thread-48] INFO  com.zaxxer.hikari.HikariDataSource - HikariPool-7 - Shutdown initiated...
[2025-11-03 00:35:54:2026991][Thread-48] INFO  com.zaxxer.hikari.HikariDataSource - HikariPool-7 - Shutdown completed.
[2025-11-03 00:35:54:2027113][restartedMain] INFO  back.code.ModuBackApplication - Starting ModuBackApplication using Java 21.0.7 with PID 24212 (C:\modu_project\modu_back\build\classes\java\main started by sm002 in C:\modu_project\modu_back)
[2025-11-03 00:35:54:2027113][restartedMain] INFO  back.code.ModuBackApplication - No active profile set, falling back to 1 default profile: "default"
[2025-11-03 00:35:55:2027624][restartedMain] INFO  o.s.d.r.c.RepositoryConfigurationDelegate - Bootstrapping Spring Data JPA repositories in DEFAULT mode.
[2025-11-03 00:35:55:2027672][restartedMain] INFO  o.s.d.r.c.RepositoryConfigurationDelegate - Finished Spring Data repository scanning in 42 ms. Found 3 JPA repository interfaces.
[2025-11-03 00:35:55:2027846][restartedMain] INFO  o.s.b.w.e.tomcat.TomcatWebServer - Tomcat initialized with port 9090 (http)
[2025-11-03 00:35:55:2027846][restartedMain] INFO  o.a.coyote.http11.Http11NioProtocol - Initializing ProtocolHandler ["http-nio-9090"]
[2025-11-03 00:35:55:2027846][restartedMain] INFO  o.a.catalina.core.StandardService - Starting service [Tomcat]
[2025-11-03 00:35:55:2027846][restartedMain] INFO  o.a.catalina.core.StandardEngine - Starting Servlet engine: [Apache Tomcat/10.1.48]
[2025-11-03 00:35:55:2027906][restartedMain] INFO  o.a.c.c.C.[Tomcat].[localhost].[/] - Initializing Spring embedded WebApplicationContext
[2025-11-03 00:35:55:2027906][restartedMain] INFO  o.s.b.w.s.c.ServletWebServerApplicationContext - Root WebApplicationContext: initialization completed in 790 ms
[2025-11-03 00:35:55:2027969][restartedMain] INFO  o.h.jpa.internal.util.LogHelper - HHH000204: Processing PersistenceUnitInfo [name: default]
[2025-11-03 00:35:55:2027981][restartedMain] INFO  o.h.c.i.RegionFactoryInitiator - HHH000026: Second-level cache disabled
[2025-11-03 00:35:55:2028021][restartedMain] INFO  o.s.o.j.p.SpringPersistenceUnitInfo - No LoadTimeWeaver setup: ignoring JPA class transformer
[2025-11-03 00:35:55:2028024][restartedMain] INFO  com.zaxxer.hikari.HikariDataSource - HikariPool-8 - Starting...
[2025-11-03 00:35:55:2028026][restartedMain] INFO  com.zaxxer.hikari.pool.HikariPool - HikariPool-8 - Added connection org.mariadb.jdbc.Connection@6133ac80
[2025-11-03 00:35:55:2028026][restartedMain] INFO  com.zaxxer.hikari.HikariDataSource - HikariPool-8 - Start completed.
[2025-11-03 00:35:55:2028031][restartedMain] WARN  org.hibernate.orm.deprecation - HHH90000025: MariaDBDialect does not need to be specified explicitly using 'hibernate.dialect' (remove the property setting and it will be selected by default)
[2025-11-03 00:35:55:2028031][restartedMain] INFO  o.hibernate.orm.connections.pooling - HHH10001005: Database info:
	Database JDBC URL [Connecting through datasource 'p6SpyDataSourceDecorator [com.p6spy.engine.spy.P6DataSource] -> dataSource [com.zaxxer.hikari.HikariDataSource]']
	Database driver: undefined/unknown
	Database version: 11.8.2
	Autocommit mode: undefined/unknown
	Isolation level: undefined/unknown
	Minimum pool size: undefined/unknown
	Maximum pool size: undefined/unknown
[2025-11-03 00:35:55:2028033][restartedMain] DEBUG o.h.t.d.sql.spi.DdlTypeRegistry - addDescriptor(12, org.hibernate.type.descriptor.sql.internal.CapacityDependentDdlType@64dcd44) replaced previous registration(org.hibernate.type.descriptor.sql.internal.CapacityDependentDdlType@6a8dabed)
[2025-11-03 00:35:55:2028033][restartedMain] DEBUG o.h.t.d.sql.spi.DdlTypeRegistry - addDescriptor(-9, org.hibernate.type.descriptor.sql.internal.CapacityDependentDdlType@51ffc416) replaced previous registration(org.hibernate.type.descriptor.sql.internal.CapacityDependentDdlType@49ca112c)
[2025-11-03 00:35:55:2028033][restartedMain] DEBUG o.h.t.d.sql.spi.DdlTypeRegistry - addDescriptor(-3, org.hibernate.type.descriptor.sql.internal.CapacityDependentDdlType@2105d2bc) replaced previous registration(org.hibernate.type.descriptor.sql.internal.CapacityDependentDdlType@2650d7b2)
[2025-11-03 00:35:55:2028033][restartedMain] DEBUG o.h.t.d.sql.spi.DdlTypeRegistry - addDescriptor(4003, org.hibernate.type.descriptor.sql.internal.DdlTypeImpl@9a0781a) replaced previous registration(org.hibernate.type.descriptor.sql.internal.DdlTypeImpl@10fa4b73)
[2025-11-03 00:35:55:2028033][restartedMain] DEBUG o.h.t.d.sql.spi.DdlTypeRegistry - addDescriptor(4001, org.hibernate.type.descriptor.sql.internal.DdlTypeImpl@1fe5ebe2) replaced previous registration(org.hibernate.type.descriptor.sql.internal.DdlTypeImpl@3fa852eb)
[2025-11-03 00:35:55:2028033][restartedMain] DEBUG o.h.t.d.sql.spi.DdlTypeRegistry - addDescriptor(4002, org.hibernate.type.descriptor.sql.internal.DdlTypeImpl@35c29dac) replaced previous registration(org.hibernate.type.descriptor.sql.internal.DdlTypeImpl@77a1e9b4)
[2025-11-03 00:35:55:2028033][restartedMain] DEBUG o.h.t.d.sql.spi.DdlTypeRegistry - addDescriptor(2004, org.hibernate.type.descriptor.sql.internal.CapacityDependentDdlType@47abb659) replaced previous registration(org.hibernate.type.descriptor.sql.internal.DdlTypeImpl@3ae98b4d)
[2025-11-03 00:35:55:2028033][restartedMain] DEBUG o.h.t.d.sql.spi.DdlTypeRegistry - addDescriptor(2005, org.hibernate.type.descriptor.sql.internal.CapacityDependentDdlType@1be75e41) replaced previous registration(org.hibernate.type.descriptor.sql.internal.DdlTypeImpl@63f3f8c0)
[2025-11-03 00:35:55:2028033][restartedMain] DEBUG o.h.t.d.sql.spi.DdlTypeRegistry - addDescriptor(2011, org.hibernate.type.descriptor.sql.internal.CapacityDependentDdlType@79f08399) replaced previous registration(org.hibernate.type.descriptor.sql.internal.DdlTypeImpl@f35cc09)
[2025-11-03 00:35:56:2028250][restartedMain] INFO  o.h.e.t.j.p.i.JtaPlatformInitiator - HHH000489: No JTA platform available (set 'hibernate.transaction.jta.platform' to enable JTA platform integration)
[2025-11-03 00:35:56:2028250][restartedMain] INFO  p6spy - #1762097756009 | took 1ms | statement | connection 22| url jdbc:mariadb://localhost/modu?user=root&password=***&prepStmtCacheSqlLimit=2048&useServerPrepStmts=true
select table_name from information_schema.TABLES where table_schema=database() and table_type='SEQUENCE'
select table_name from information_schema.TABLES where table_schema=database() and table_type='SEQUENCE';
[2025-11-03 00:35:56:2028291][restartedMain] INFO  o.s.o.j.LocalContainerEntityManagerFactoryBean - Initialized JPA EntityManagerFactory for persistence unit 'default'
[2025-11-03 00:35:56:2028719][restartedMain] INFO  o.s.s.c.a.a.c.InitializeAuthenticationProviderBeanManagerConfigurer$InitializeAuthenticationProviderManagerConfigurer - Global AuthenticationManager configured with AuthenticationProvider bean with name authProvider
[2025-11-03 00:35:56:2028719][restartedMain] WARN  o.s.s.c.a.a.c.InitializeUserDetailsBeanManagerConfigurer$InitializeUserDetailsManagerConfigurer - Global AuthenticationManager configured with an AuthenticationProvider bean. UserDetailsService beans will not be used by Spring Security for automatically configuring username/password login. Consider removing the AuthenticationProvider bean. Alternatively, consider using the UserDetailsService in a manually instantiated DaoAuthenticationProvider. If the current configuration is intentional, to turn off this warning, increase the logging level of 'org.springframework.security.config.annotation.authentication.configuration.InitializeUserDetailsBeanManagerConfigurer' to ERROR
[2025-11-03 00:35:56:2028764][restartedMain] WARN  o.s.s.c.a.web.builders.WebSecurity - You are asking Spring Security to ignore Deferred [Mvc [pattern='/static/imgs/**'], Ant [pattern='/static/imgs/**']]. This is not recommended -- please use permitAll via HttpSecurity#authorizeHttpRequests instead.
[2025-11-03 00:35:56:2028764][restartedMain] WARN  o.s.s.c.a.web.builders.WebSecurity - You are asking Spring Security to ignore org.springframework.boot.autoconfigure.security.servlet.StaticResourceRequest$StaticResourceRequestMatcher@ca1d1ce. This is not recommended -- please use permitAll via HttpSecurity#authorizeHttpRequests instead.
[2025-11-03 00:35:56:2028907][restartedMain] INFO  o.s.b.d.a.OptionalLiveReloadServer - LiveReload server is running on port 35729
[2025-11-03 00:35:56:2028920][restartedMain] INFO  o.a.coyote.http11.Http11NioProtocol - Starting ProtocolHandler ["http-nio-9090"]
[2025-11-03 00:35:56:2028924][restartedMain] INFO  o.s.b.w.e.tomcat.TomcatWebServer - Tomcat started on port 9090 (http) with context path '/'
[2025-11-03 00:35:56:2028929][restartedMain] INFO  back.code.ModuBackApplication - Started ModuBackApplication in 1.875 seconds (process running for 2029.735)
[2025-11-03 00:35:56:2028931][restartedMain] INFO  o.s.b.d.a.ConditionEvaluationDeltaLoggingListener - Condition evaluation unchanged
[2025-11-03 00:35:58:2030568][File Watcher] INFO  o.s.b.d.a.LocalDevToolsAutoConfiguration$RestartingClassPathChangeChangedEventListener - Restarting due to 1 class path change (1 addition, 0 deletions, 0 modifications)
[2025-11-03 00:35:58:2030571][Thread-55] INFO  o.s.b.w.e.tomcat.GracefulShutdown - Commencing graceful shutdown. Waiting for active requests to complete
[2025-11-03 00:35:58:2030572][tomcat-shutdown] INFO  o.a.coyote.http11.Http11NioProtocol - Pausing ProtocolHandler ["http-nio-9090"]
[2025-11-03 00:35:58:2030579][tomcat-shutdown] INFO  o.s.b.w.e.tomcat.GracefulShutdown - Graceful shutdown complete
[2025-11-03 00:35:58:2030579][Thread-55] INFO  o.a.coyote.http11.Http11NioProtocol - Stopping ProtocolHandler ["http-nio-9090"]
[2025-11-03 00:35:58:2030584][Thread-55] INFO  o.s.o.j.LocalContainerEntityManagerFactoryBean - Closing JPA EntityManagerFactory for persistence unit 'default'
[2025-11-03 00:35:58:2030585][Thread-55] INFO  com.zaxxer.hikari.HikariDataSource - HikariPool-8 - Shutdown initiated...
[2025-11-03 00:35:58:2030589][Thread-55] INFO  com.zaxxer.hikari.HikariDataSource - HikariPool-8 - Shutdown completed.
[2025-11-03 00:35:58:2030731][restartedMain] INFO  back.code.ModuBackApplication - Starting ModuBackApplication using Java 21.0.7 with PID 24212 (C:\modu_project\modu_back\build\classes\java\main started by sm002 in C:\modu_project\modu_back)
[2025-11-03 00:35:58:2030731][restartedMain] INFO  back.code.ModuBackApplication - No active profile set, falling back to 1 default profile: "default"
[2025-11-03 00:35:58:2031157][restartedMain] INFO  o.s.d.r.c.RepositoryConfigurationDelegate - Bootstrapping Spring Data JPA repositories in DEFAULT mode.
[2025-11-03 00:35:58:2031195][restartedMain] INFO  o.s.d.r.c.RepositoryConfigurationDelegate - Finished Spring Data repository scanning in 37 ms. Found 3 JPA repository interfaces.
[2025-11-03 00:35:59:2031343][restartedMain] INFO  o.s.b.w.e.tomcat.TomcatWebServer - Tomcat initialized with port 9090 (http)
[2025-11-03 00:35:59:2031343][restartedMain] INFO  o.a.coyote.http11.Http11NioProtocol - Initializing ProtocolHandler ["http-nio-9090"]
[2025-11-03 00:35:59:2031343][restartedMain] INFO  o.a.catalina.core.StandardService - Starting service [Tomcat]
[2025-11-03 00:35:59:2031343][restartedMain] INFO  o.a.catalina.core.StandardEngine - Starting Servlet engine: [Apache Tomcat/10.1.48]
[2025-11-03 00:35:59:2031390][restartedMain] INFO  o.a.c.c.C.[Tomcat].[localhost].[/] - Initializing Spring embedded WebApplicationContext
[2025-11-03 00:35:59:2031390][restartedMain] INFO  o.s.b.w.s.c.ServletWebServerApplicationContext - Root WebApplicationContext: initialization completed in 656 ms
[2025-11-03 00:35:59:2031463][restartedMain] INFO  o.h.jpa.internal.util.LogHelper - HHH000204: Processing PersistenceUnitInfo [name: default]
[2025-11-03 00:35:59:2031463][restartedMain] INFO  o.h.c.i.RegionFactoryInitiator - HHH000026: Second-level cache disabled
[2025-11-03 00:35:59:2031479][restartedMain] INFO  o.s.o.j.p.SpringPersistenceUnitInfo - No LoadTimeWeaver setup: ignoring JPA class transformer
[2025-11-03 00:35:59:2031479][restartedMain] INFO  com.zaxxer.hikari.HikariDataSource - HikariPool-9 - Starting...
[2025-11-03 00:35:59:2031479][restartedMain] INFO  com.zaxxer.hikari.pool.HikariPool - HikariPool-9 - Added connection org.mariadb.jdbc.Connection@31dfae4c
[2025-11-03 00:35:59:2031479][restartedMain] INFO  com.zaxxer.hikari.HikariDataSource - HikariPool-9 - Start completed.
[2025-11-03 00:35:59:2031479][restartedMain] WARN  org.hibernate.orm.deprecation - HHH90000025: MariaDBDialect does not need to be specified explicitly using 'hibernate.dialect' (remove the property setting and it will be selected by default)
[2025-11-03 00:35:59:2031479][restartedMain] INFO  o.hibernate.orm.connections.pooling - HHH10001005: Database info:
	Database JDBC URL [Connecting through datasource 'p6SpyDataSourceDecorator [com.p6spy.engine.spy.P6DataSource] -> dataSource [com.zaxxer.hikari.HikariDataSource]']
	Database driver: undefined/unknown
	Database version: 11.8.2
	Autocommit mode: undefined/unknown
	Isolation level: undefined/unknown
	Minimum pool size: undefined/unknown
	Maximum pool size: undefined/unknown
[2025-11-03 00:35:59:2031479][restartedMain] DEBUG o.h.t.d.sql.spi.DdlTypeRegistry - addDescriptor(12, org.hibernate.type.descriptor.sql.internal.CapacityDependentDdlType@70493774) replaced previous registration(org.hibernate.type.descriptor.sql.internal.CapacityDependentDdlType@79e7933b)
[2025-11-03 00:35:59:2031479][restartedMain] DEBUG o.h.t.d.sql.spi.DdlTypeRegistry - addDescriptor(-9, org.hibernate.type.descriptor.sql.internal.CapacityDependentDdlType@516248a2) replaced previous registration(org.hibernate.type.descriptor.sql.internal.CapacityDependentDdlType@3ec9ee24)
[2025-11-03 00:35:59:2031479][restartedMain] DEBUG o.h.t.d.sql.spi.DdlTypeRegistry - addDescriptor(-3, org.hibernate.type.descriptor.sql.internal.CapacityDependentDdlType@7829c1e) replaced previous registration(org.hibernate.type.descriptor.sql.internal.CapacityDependentDdlType@4239a99e)
[2025-11-03 00:35:59:2031479][restartedMain] DEBUG o.h.t.d.sql.spi.DdlTypeRegistry - addDescriptor(4003, org.hibernate.type.descriptor.sql.internal.DdlTypeImpl@15dce23) replaced previous registration(org.hibernate.type.descriptor.sql.internal.DdlTypeImpl@7014a8e2)
[2025-11-03 00:35:59:2031479][restartedMain] DEBUG o.h.t.d.sql.spi.DdlTypeRegistry - addDescriptor(4001, org.hibernate.type.descriptor.sql.internal.DdlTypeImpl@6365a892) replaced previous registration(org.hibernate.type.descriptor.sql.internal.DdlTypeImpl@6c1f8839)
[2025-11-03 00:35:59:2031479][restartedMain] DEBUG o.h.t.d.sql.spi.DdlTypeRegistry - addDescriptor(4002, org.hibernate.type.descriptor.sql.internal.DdlTypeImpl@35c7f4f) replaced previous registration(org.hibernate.type.descriptor.sql.internal.DdlTypeImpl@56da947e)
[2025-11-03 00:35:59:2031479][restartedMain] DEBUG o.h.t.d.sql.spi.DdlTypeRegistry - addDescriptor(2004, org.hibernate.type.descriptor.sql.internal.CapacityDependentDdlType@18b5970f) replaced previous registration(org.hibernate.type.descriptor.sql.internal.DdlTypeImpl@87b9a60)
[2025-11-03 00:35:59:2031479][restartedMain] DEBUG o.h.t.d.sql.spi.DdlTypeRegistry - addDescriptor(2005, org.hibernate.type.descriptor.sql.internal.CapacityDependentDdlType@683d3a27) replaced previous registration(org.hibernate.type.descriptor.sql.internal.DdlTypeImpl@6a463a3a)
[2025-11-03 00:35:59:2031479][restartedMain] DEBUG o.h.t.d.sql.spi.DdlTypeRegistry - addDescriptor(2011, org.hibernate.type.descriptor.sql.internal.CapacityDependentDdlType@5e7fc592) replaced previous registration(org.hibernate.type.descriptor.sql.internal.DdlTypeImpl@a03eca7)
[2025-11-03 00:35:59:2031559][restartedMain] INFO  o.h.e.t.j.p.i.JtaPlatformInitiator - HHH000489: No JTA platform available (set 'hibernate.transaction.jta.platform' to enable JTA platform integration)
[2025-11-03 00:35:59:2031559][restartedMain] INFO  p6spy - #1762097759318 | took 1ms | statement | connection 24| url jdbc:mariadb://localhost/modu?user=root&password=***&prepStmtCacheSqlLimit=2048&useServerPrepStmts=true
select table_name from information_schema.TABLES where table_schema=database() and table_type='SEQUENCE'
select table_name from information_schema.TABLES where table_schema=database() and table_type='SEQUENCE';
[2025-11-03 00:35:59:2031591][restartedMain] INFO  o.s.o.j.LocalContainerEntityManagerFactoryBean - Initialized JPA EntityManagerFactory for persistence unit 'default'
[2025-11-03 00:35:59:2031926][restartedMain] INFO  o.s.s.c.a.a.c.InitializeAuthenticationProviderBeanManagerConfigurer$InitializeAuthenticationProviderManagerConfigurer - Global AuthenticationManager configured with AuthenticationProvider bean with name authProvider
[2025-11-03 00:35:59:2031926][restartedMain] WARN  o.s.s.c.a.a.c.InitializeUserDetailsBeanManagerConfigurer$InitializeUserDetailsManagerConfigurer - Global AuthenticationManager configured with an AuthenticationProvider bean. UserDetailsService beans will not be used by Spring Security for automatically configuring username/password login. Consider removing the AuthenticationProvider bean. Alternatively, consider using the UserDetailsService in a manually instantiated DaoAuthenticationProvider. If the current configuration is intentional, to turn off this warning, increase the logging level of 'org.springframework.security.config.annotation.authentication.configuration.InitializeUserDetailsBeanManagerConfigurer' to ERROR
[2025-11-03 00:35:59:2032011][restartedMain] WARN  o.s.s.c.a.web.builders.WebSecurity - You are asking Spring Security to ignore Deferred [Mvc [pattern='/static/imgs/**'], Ant [pattern='/static/imgs/**']]. This is not recommended -- please use permitAll via HttpSecurity#authorizeHttpRequests instead.
[2025-11-03 00:35:59:2032011][restartedMain] WARN  o.s.s.c.a.web.builders.WebSecurity - You are asking Spring Security to ignore org.springframework.boot.autoconfigure.security.servlet.StaticResourceRequest$StaticResourceRequestMatcher@198611d3. This is not recommended -- please use permitAll via HttpSecurity#authorizeHttpRequests instead.
[2025-11-03 00:35:59:2032109][restartedMain] INFO  o.s.b.d.a.OptionalLiveReloadServer - LiveReload server is running on port 35729
[2025-11-03 00:35:59:2032127][restartedMain] INFO  o.a.coyote.http11.Http11NioProtocol - Starting ProtocolHandler ["http-nio-9090"]
[2025-11-03 00:35:59:2032127][restartedMain] INFO  o.s.b.w.e.tomcat.TomcatWebServer - Tomcat started on port 9090 (http) with context path '/'
[2025-11-03 00:35:59:2032139][restartedMain] INFO  back.code.ModuBackApplication - Started ModuBackApplication in 1.465 seconds (process running for 2032.944)
[2025-11-03 00:35:59:2032140][restartedMain] INFO  o.s.b.d.a.ConditionEvaluationDeltaLoggingListener - Condition evaluation unchanged
[2025-11-03 00:39:54:2266599][File Watcher] INFO  o.s.b.d.a.LocalDevToolsAutoConfiguration$RestartingClassPathChangeChangedEventListener - Restarting due to 1 class path change (0 additions, 1 deletion, 0 modifications)
[2025-11-03 00:39:54:2266602][Thread-62] INFO  o.s.b.w.e.tomcat.GracefulShutdown - Commencing graceful shutdown. Waiting for active requests to complete
[2025-11-03 00:39:54:2266602][tomcat-shutdown] INFO  o.a.coyote.http11.Http11NioProtocol - Pausing ProtocolHandler ["http-nio-9090"]
[2025-11-03 00:39:54:2266609][tomcat-shutdown] INFO  o.s.b.w.e.tomcat.GracefulShutdown - Graceful shutdown complete
[2025-11-03 00:39:54:2266611][Thread-62] INFO  o.a.coyote.http11.Http11NioProtocol - Stopping ProtocolHandler ["http-nio-9090"]
[2025-11-03 00:39:54:2266614][Thread-62] INFO  o.s.o.j.LocalContainerEntityManagerFactoryBean - Closing JPA EntityManagerFactory for persistence unit 'default'
[2025-11-03 00:39:54:2266615][Thread-62] INFO  com.zaxxer.hikari.HikariDataSource - HikariPool-9 - Shutdown initiated...
[2025-11-03 00:39:54:2266621][Thread-62] INFO  com.zaxxer.hikari.HikariDataSource - HikariPool-9 - Shutdown completed.
[2025-11-03 00:39:54:2266759][restartedMain] INFO  back.code.ModuBackApplication - Starting ModuBackApplication using Java 21.0.7 with PID 24212 (C:\modu_project\modu_back\build\classes\java\main started by sm002 in C:\modu_project\modu_back)
[2025-11-03 00:39:54:2266759][restartedMain] INFO  back.code.ModuBackApplication - No active profile set, falling back to 1 default profile: "default"
[2025-11-03 00:39:54:2267193][restartedMain] INFO  o.s.d.r.c.RepositoryConfigurationDelegate - Bootstrapping Spring Data JPA repositories in DEFAULT mode.
[2025-11-03 00:39:55:2267242][restartedMain] INFO  o.s.d.r.c.RepositoryConfigurationDelegate - Finished Spring Data repository scanning in 43 ms. Found 3 JPA repository interfaces.
[2025-11-03 00:39:55:2267430][restartedMain] INFO  o.s.b.w.e.tomcat.TomcatWebServer - Tomcat initialized with port 9090 (http)
[2025-11-03 00:39:55:2267430][restartedMain] INFO  o.a.coyote.http11.Http11NioProtocol - Initializing ProtocolHandler ["http-nio-9090"]
[2025-11-03 00:39:55:2267430][restartedMain] INFO  o.a.catalina.core.StandardService - Starting service [Tomcat]
[2025-11-03 00:39:55:2267430][restartedMain] INFO  o.a.catalina.core.StandardEngine - Starting Servlet engine: [Apache Tomcat/10.1.48]
[2025-11-03 00:39:55:2267526][restartedMain] INFO  o.a.c.c.C.[Tomcat].[localhost].[/] - Initializing Spring embedded WebApplicationContext
[2025-11-03 00:39:55:2267526][restartedMain] INFO  o.s.b.w.s.c.ServletWebServerApplicationContext - Root WebApplicationContext: initialization completed in 765 ms
[2025-11-03 00:39:55:2267629][restartedMain] WARN  o.s.b.w.s.c.AnnotationConfigServletWebServerApplicationContext - Exception encountered during context initialization - cancelling refresh attempt: org.springframework.beans.factory.UnsatisfiedDependencyException: Error creating bean with name 'entityManagerFactory' defined in class path resource [org/springframework/boot/autoconfigure/orm/jpa/HibernateJpaConfiguration.class]: Unsatisfied dependency expressed through method 'entityManagerFactory' parameter 1: Error creating bean with name 'persistenceManagedTypes' defined in class path resource [org/springframework/boot/autoconfigure/orm/jpa/JpaBaseConfiguration$PersistenceManagedTypesConfiguration.class]: Failed to instantiate [org.springframework.orm.jpa.persistenceunit.PersistenceManagedTypes]: Factory method 'persistenceManagedTypes' threw exception with message: Failed to read candidate component class: file [C:\modu_project\modu_back\build\classes\java\main\back\code\config\SecurityConfig.class]
[2025-11-03 00:39:55:2267631][restartedMain] INFO  o.a.catalina.core.StandardService - Stopping service [Tomcat]
[2025-11-03 00:39:55:2267641][restartedMain] INFO  o.s.b.a.l.ConditionEvaluationReportLogger - 

Error starting ApplicationContext. To display the condition evaluation report re-run your application with 'debug' enabled.
[2025-11-03 00:39:55:2267695][restartedMain] ERROR o.s.boot.SpringApplication - Application run failed
org.springframework.beans.factory.UnsatisfiedDependencyException: Error creating bean with name 'entityManagerFactory' defined in class path resource [org/springframework/boot/autoconfigure/orm/jpa/HibernateJpaConfiguration.class]: Unsatisfied dependency expressed through method 'entityManagerFactory' parameter 1: Error creating bean with name 'persistenceManagedTypes' defined in class path resource [org/springframework/boot/autoconfigure/orm/jpa/JpaBaseConfiguration$PersistenceManagedTypesConfiguration.class]: Failed to instantiate [org.springframework.orm.jpa.persistenceunit.PersistenceManagedTypes]: Factory method 'persistenceManagedTypes' threw exception with message: Failed to read candidate component class: file [C:\modu_project\modu_back\build\classes\java\main\back\code\config\SecurityConfig.class]
	at org.springframework.beans.factory.support.ConstructorResolver.createArgumentArray(ConstructorResolver.java:804)
	at org.springframework.beans.factory.support.ConstructorResolver.instantiateUsingFactoryMethod(ConstructorResolver.java:546)
	at org.springframework.beans.factory.support.AbstractAutowireCapableBeanFactory.instantiateUsingFactoryMethod(AbstractAutowireCapableBeanFactory.java:1375)
	at org.springframework.beans.factory.support.AbstractAutowireCapableBeanFactory.createBeanInstance(AbstractAutowireCapableBeanFactory.java:1205)
	at org.springframework.beans.factory.support.AbstractAutowireCapableBeanFactory.doCreateBean(AbstractAutowireCapableBeanFactory.java:569)
	at org.springframework.beans.factory.support.AbstractAutowireCapableBeanFactory.createBean(AbstractAutowireCapableBeanFactory.java:529)
	at org.springframework.beans.factory.support.AbstractBeanFactory.lambda$doGetBean$0(AbstractBeanFactory.java:339)
	at org.springframework.beans.factory.support.DefaultSingletonBeanRegistry.getSingleton(DefaultSingletonBeanRegistry.java:373)
	at org.springframework.beans.factory.support.AbstractBeanFactory.doGetBean(AbstractBeanFactory.java:337)
	at org.springframework.beans.factory.support.AbstractBeanFactory.getBean(AbstractBeanFactory.java:207)
	at org.springframework.context.support.AbstractApplicationContext.finishBeanFactoryInitialization(AbstractApplicationContext.java:973)
	at org.springframework.context.support.AbstractApplicationContext.refresh(AbstractApplicationContext.java:627)
	at org.springframework.boot.web.servlet.context.ServletWebServerApplicationContext.refresh(ServletWebServerApplicationContext.java:146)
	at org.springframework.boot.SpringApplication.refresh(SpringApplication.java:752)
	at org.springframework.boot.SpringApplication.refreshContext(SpringApplication.java:439)
	at org.springframework.boot.SpringApplication.run(SpringApplication.java:318)
	at org.springframework.boot.SpringApplication.run(SpringApplication.java:1361)
	at org.springframework.boot.SpringApplication.run(SpringApplication.java:1350)
	at back.code.ModuBackApplication.main(ModuBackApplication.java:10)
	at java.base/jdk.internal.reflect.DirectMethodHandleAccessor.invoke(DirectMethodHandleAccessor.java:103)
	at java.base/java.lang.reflect.Method.invoke(Method.java:580)
	at org.springframework.boot.devtools.restart.RestartLauncher.run(RestartLauncher.java:50)
Caused by: org.springframework.beans.factory.BeanCreationException: Error creating bean with name 'persistenceManagedTypes' defined in class path resource [org/springframework/boot/autoconfigure/orm/jpa/JpaBaseConfiguration$PersistenceManagedTypesConfiguration.class]: Failed to instantiate [org.springframework.orm.jpa.persistenceunit.PersistenceManagedTypes]: Factory method 'persistenceManagedTypes' threw exception with message: Failed to read candidate component class: file [C:\modu_project\modu_back\build\classes\java\main\back\code\config\SecurityConfig.class]
	at org.springframework.beans.factory.support.ConstructorResolver.instantiate(ConstructorResolver.java:657)
	at org.springframework.beans.factory.support.ConstructorResolver.instantiateUsingFactoryMethod(ConstructorResolver.java:645)
	at org.springframework.beans.factory.support.AbstractAutowireCapableBeanFactory.instantiateUsingFactoryMethod(AbstractAutowireCapableBeanFactory.java:1375)
	at org.springframework.beans.factory.support.AbstractAutowireCapableBeanFactory.createBeanInstance(AbstractAutowireCapableBeanFactory.java:1205)
	at org.springframework.beans.factory.support.AbstractAutowireCapableBeanFactory.doCreateBean(AbstractAutowireCapableBeanFactory.java:569)
	at org.springframework.beans.factory.support.AbstractAutowireCapableBeanFactory.createBean(AbstractAutowireCapableBeanFactory.java:529)
	at org.springframework.beans.factory.support.AbstractBeanFactory.lambda$doGetBean$0(AbstractBeanFactory.java:339)
	at org.springframework.beans.factory.support.DefaultSingletonBeanRegistry.getSingleton(DefaultSingletonBeanRegistry.java:373)
	at org.springframework.beans.factory.support.AbstractBeanFactory.doGetBean(AbstractBeanFactory.java:337)
	at org.springframework.beans.factory.support.AbstractBeanFactory.getBean(AbstractBeanFactory.java:202)
	at org.springframework.beans.factory.support.DefaultListableBeanFactory.doResolveDependency(DefaultListableBeanFactory.java:1708)
	at org.springframework.beans.factory.support.DefaultListableBeanFactory.resolveDependency(DefaultListableBeanFactory.java:1653)
	at org.springframework.beans.factory.support.ConstructorResolver.resolveAutowiredArgument(ConstructorResolver.java:913)
	at org.springframework.beans.factory.support.ConstructorResolver.createArgumentArray(ConstructorResolver.java:791)
	... 21 common frames omitted
Caused by: org.springframework.beans.BeanInstantiationException: Failed to instantiate [org.springframework.orm.jpa.persistenceunit.PersistenceManagedTypes]: Factory method 'persistenceManagedTypes' threw exception with message: Failed to read candidate component class: file [C:\modu_project\modu_back\build\classes\java\main\back\code\config\SecurityConfig.class]
	at org.springframework.beans.factory.support.SimpleInstantiationStrategy.lambda$instantiate$0(SimpleInstantiationStrategy.java:200)
	at org.springframework.beans.factory.support.SimpleInstantiationStrategy.instantiateWithFactoryMethod(SimpleInstantiationStrategy.java:89)
	at org.springframework.beans.factory.support.SimpleInstantiationStrategy.instantiate(SimpleInstantiationStrategy.java:169)
	at org.springframework.beans.factory.support.ConstructorResolver.instantiate(ConstructorResolver.java:653)
	... 34 common frames omitted
Caused by: jakarta.persistence.PersistenceException: Failed to read candidate component class: file [C:\modu_project\modu_back\build\classes\java\main\back\code\config\SecurityConfig.class]
	at org.springframework.orm.jpa.persistenceunit.PersistenceManagedTypesScanner.scanPackage(PersistenceManagedTypesScanner.java:165)
	at org.springframework.orm.jpa.persistenceunit.PersistenceManagedTypesScanner.scan(PersistenceManagedTypesScanner.java:117)
	at org.springframework.boot.autoconfigure.orm.jpa.JpaBaseConfiguration$PersistenceManagedTypesConfiguration.persistenceManagedTypes(JpaBaseConfiguration.java:226)
	at java.base/jdk.internal.reflect.DirectMethodHandleAccessor.invoke(DirectMethodHandleAccessor.java:103)
	at java.base/java.lang.reflect.Method.invoke(Method.java:580)
	at org.springframework.beans.factory.support.SimpleInstantiationStrategy.lambda$instantiate$0(SimpleInstantiationStrategy.java:172)
	... 37 common frames omitted
Caused by: java.lang.ArrayIndexOutOfBoundsException: Index 6 out of bounds for length 0
	at org.springframework.asm.ClassReader.readShort(ClassReader.java:3642)
	at org.springframework.asm.ClassReader.<init>(ClassReader.java:198)
	at org.springframework.asm.ClassReader.<init>(ClassReader.java:180)
	at org.springframework.asm.ClassReader.<init>(ClassReader.java:166)
	at org.springframework.asm.ClassReader.<init>(ClassReader.java:288)
	at org.springframework.core.type.classreading.SimpleMetadataReader.getClassReader(SimpleMetadataReader.java:56)
	at org.springframework.core.type.classreading.SimpleMetadataReader.<init>(SimpleMetadataReader.java:48)
	at org.springframework.core.type.classreading.SimpleMetadataReaderFactory.getMetadataReader(SimpleMetadataReaderFactory.java:103)
	at org.springframework.core.type.classreading.CachingMetadataReaderFactory.getMetadataReader(CachingMetadataReaderFactory.java:122)
	at org.springframework.orm.jpa.persistenceunit.PersistenceManagedTypesScanner.scanPackage(PersistenceManagedTypesScanner.java:140)
	... 42 common frames omitted
[2025-11-03 00:39:56:2269240][restartedMain] INFO  back.code.ModuBackApplication - Starting ModuBackApplication using Java 21.0.7 with PID 24212 (C:\modu_project\modu_back\build\classes\java\main started by sm002 in C:\modu_project\modu_back)
[2025-11-03 00:39:56:2269240][restartedMain] INFO  back.code.ModuBackApplication - No active profile set, falling back to 1 default profile: "default"
[2025-11-03 00:39:57:2269783][restartedMain] INFO  o.s.d.r.c.RepositoryConfigurationDelegate - Bootstrapping Spring Data JPA repositories in DEFAULT mode.
[2025-11-03 00:39:57:2269829][restartedMain] INFO  o.s.d.r.c.RepositoryConfigurationDelegate - Finished Spring Data repository scanning in 44 ms. Found 3 JPA repository interfaces.
[2025-11-03 00:39:58:2270303][restartedMain] INFO  o.s.b.w.e.tomcat.TomcatWebServer - Tomcat initialized with port 9090 (http)
[2025-11-03 00:39:58:2270308][restartedMain] INFO  o.a.coyote.http11.Http11NioProtocol - Initializing ProtocolHandler ["http-nio-9090"]
[2025-11-03 00:39:58:2270308][restartedMain] INFO  o.a.catalina.core.StandardService - Starting service [Tomcat]
[2025-11-03 00:39:58:2270308][restartedMain] INFO  o.a.catalina.core.StandardEngine - Starting Servlet engine: [Apache Tomcat/10.1.48]
[2025-11-03 00:39:58:2270377][restartedMain] INFO  o.a.c.c.C.[.[localhost].[/] - Initializing Spring embedded WebApplicationContext
[2025-11-03 00:39:58:2270378][restartedMain] INFO  o.s.b.w.s.c.ServletWebServerApplicationContext - Root WebApplicationContext: initialization completed in 1135 ms
[2025-11-03 00:39:58:2270484][restartedMain] INFO  o.h.jpa.internal.util.LogHelper - HHH000204: Processing PersistenceUnitInfo [name: default]
[2025-11-03 00:39:58:2270492][restartedMain] INFO  o.h.c.i.RegionFactoryInitiator - HHH000026: Second-level cache disabled
[2025-11-03 00:39:58:2270516][restartedMain] INFO  o.s.o.j.p.SpringPersistenceUnitInfo - No LoadTimeWeaver setup: ignoring JPA class transformer
[2025-11-03 00:39:58:2270517][restartedMain] INFO  com.zaxxer.hikari.HikariDataSource - HikariPool-10 - Starting...
[2025-11-03 00:39:58:2270527][restartedMain] INFO  com.zaxxer.hikari.pool.HikariPool - HikariPool-10 - Added connection org.mariadb.jdbc.Connection@40921f9e
[2025-11-03 00:39:58:2270527][restartedMain] INFO  com.zaxxer.hikari.HikariDataSource - HikariPool-10 - Start completed.
[2025-11-03 00:39:58:2270529][restartedMain] WARN  org.hibernate.orm.deprecation - HHH90000025: MariaDBDialect does not need to be specified explicitly using 'hibernate.dialect' (remove the property setting and it will be selected by default)
[2025-11-03 00:39:58:2270529][restartedMain] INFO  o.hibernate.orm.connections.pooling - HHH10001005: Database info:
	Database JDBC URL [Connecting through datasource 'p6SpyDataSourceDecorator [com.p6spy.engine.spy.P6DataSource] -> dataSource [com.zaxxer.hikari.HikariDataSource]']
	Database driver: undefined/unknown
	Database version: 11.8.2
	Autocommit mode: undefined/unknown
	Isolation level: undefined/unknown
	Minimum pool size: undefined/unknown
	Maximum pool size: undefined/unknown
[2025-11-03 00:39:58:2270530][restartedMain] DEBUG o.h.t.d.sql.spi.DdlTypeRegistry - addDescriptor(12, org.hibernate.type.descriptor.sql.internal.CapacityDependentDdlType@5d76d87b) replaced previous registration(org.hibernate.type.descriptor.sql.internal.CapacityDependentDdlType@6b3f5fbb)
[2025-11-03 00:39:58:2270530][restartedMain] DEBUG o.h.t.d.sql.spi.DdlTypeRegistry - addDescriptor(-9, org.hibernate.type.descriptor.sql.internal.CapacityDependentDdlType@28eb41ff) replaced previous registration(org.hibernate.type.descriptor.sql.internal.CapacityDependentDdlType@441670d3)
[2025-11-03 00:39:58:2270530][restartedMain] DEBUG o.h.t.d.sql.spi.DdlTypeRegistry - addDescriptor(-3, org.hibernate.type.descriptor.sql.internal.CapacityDependentDdlType@2fc8cd2a) replaced previous registration(org.hibernate.type.descriptor.sql.internal.CapacityDependentDdlType@3e1b8def)
[2025-11-03 00:39:58:2270530][restartedMain] DEBUG o.h.t.d.sql.spi.DdlTypeRegistry - addDescriptor(4003, org.hibernate.type.descriptor.sql.internal.DdlTypeImpl@4c0dd76a) replaced previous registration(org.hibernate.type.descriptor.sql.internal.DdlTypeImpl@3b6ab6d0)
[2025-11-03 00:39:58:2270530][restartedMain] DEBUG o.h.t.d.sql.spi.DdlTypeRegistry - addDescriptor(4001, org.hibernate.type.descriptor.sql.internal.DdlTypeImpl@52a28d0a) replaced previous registration(org.hibernate.type.descriptor.sql.internal.DdlTypeImpl@30340644)
[2025-11-03 00:39:58:2270530][restartedMain] DEBUG o.h.t.d.sql.spi.DdlTypeRegistry - addDescriptor(4002, org.hibernate.type.descriptor.sql.internal.DdlTypeImpl@122021af) replaced previous registration(org.hibernate.type.descriptor.sql.internal.DdlTypeImpl@7c92c90d)
[2025-11-03 00:39:58:2270530][restartedMain] DEBUG o.h.t.d.sql.spi.DdlTypeRegistry - addDescriptor(2004, org.hibernate.type.descriptor.sql.internal.CapacityDependentDdlType@3a1ed148) replaced previous registration(org.hibernate.type.descriptor.sql.internal.DdlTypeImpl@2a08f669)
[2025-11-03 00:39:58:2270530][restartedMain] DEBUG o.h.t.d.sql.spi.DdlTypeRegistry - addDescriptor(2005, org.hibernate.type.descriptor.sql.internal.CapacityDependentDdlType@393687de) replaced previous registration(org.hibernate.type.descriptor.sql.internal.DdlTypeImpl@5306fb54)
[2025-11-03 00:39:58:2270530][restartedMain] DEBUG o.h.t.d.sql.spi.DdlTypeRegistry - addDescriptor(2011, org.hibernate.type.descriptor.sql.internal.CapacityDependentDdlType@1f5ee4ed) replaced previous registration(org.hibernate.type.descriptor.sql.internal.DdlTypeImpl@7288e2d1)
[2025-11-03 00:39:58:2270636][restartedMain] INFO  o.h.e.t.j.p.i.JtaPlatformInitiator - HHH000489: No JTA platform available (set 'hibernate.transaction.jta.platform' to enable JTA platform integration)
[2025-11-03 00:39:58:2270638][restartedMain] INFO  p6spy - #1762097998397 | took 1ms | statement | connection 26| url jdbc:mariadb://localhost/modu?user=root&password=***&prepStmtCacheSqlLimit=2048&useServerPrepStmts=true
select table_name from information_schema.TABLES where table_schema=database() and table_type='SEQUENCE'
select table_name from information_schema.TABLES where table_schema=database() and table_type='SEQUENCE';
[2025-11-03 00:39:58:2270675][restartedMain] INFO  o.s.o.j.LocalContainerEntityManagerFactoryBean - Initialized JPA EntityManagerFactory for persistence unit 'default'
[2025-11-03 00:39:58:2271049][restartedMain] INFO  o.s.s.c.a.a.c.InitializeAuthenticationProviderBeanManagerConfigurer$InitializeAuthenticationProviderManagerConfigurer - Global AuthenticationManager configured with AuthenticationProvider bean with name authProvider
[2025-11-03 00:39:58:2271049][restartedMain] WARN  o.s.s.c.a.a.c.InitializeUserDetailsBeanManagerConfigurer$InitializeUserDetailsManagerConfigurer - Global AuthenticationManager configured with an AuthenticationProvider bean. UserDetailsService beans will not be used by Spring Security for automatically configuring username/password login. Consider removing the AuthenticationProvider bean. Alternatively, consider using the UserDetailsService in a manually instantiated DaoAuthenticationProvider. If the current configuration is intentional, to turn off this warning, increase the logging level of 'org.springframework.security.config.annotation.authentication.configuration.InitializeUserDetailsBeanManagerConfigurer' to ERROR
[2025-11-03 00:39:58:2271105][restartedMain] WARN  o.s.s.c.a.web.builders.WebSecurity - You are asking Spring Security to ignore Deferred [Mvc [pattern='/static/imgs/**'], Ant [pattern='/static/imgs/**']]. This is not recommended -- please use permitAll via HttpSecurity#authorizeHttpRequests instead.
[2025-11-03 00:39:58:2271105][restartedMain] WARN  o.s.s.c.a.web.builders.WebSecurity - You are asking Spring Security to ignore org.springframework.boot.autoconfigure.security.servlet.StaticResourceRequest$StaticResourceRequestMatcher@109a8d00. This is not recommended -- please use permitAll via HttpSecurity#authorizeHttpRequests instead.
[2025-11-03 00:39:59:2271243][restartedMain] INFO  o.s.b.d.a.OptionalLiveReloadServer - LiveReload server is running on port 35729
[2025-11-03 00:39:59:2271261][restartedMain] INFO  o.a.coyote.http11.Http11NioProtocol - Starting ProtocolHandler ["http-nio-9090"]
[2025-11-03 00:39:59:2271264][restartedMain] INFO  o.s.b.w.e.tomcat.TomcatWebServer - Tomcat started on port 9090 (http) with context path '/'
[2025-11-03 00:39:59:2271273][restartedMain] INFO  back.code.ModuBackApplication - Started ModuBackApplication in 2.091 seconds (process running for 2272.08)
[2025-11-03 00:39:59:2271278][restartedMain] INFO  o.s.b.d.a.ConditionEvaluationDeltaLoggingListener - Condition evaluation unchanged
[2025-11-03 00:43:12:2464750][http-nio-9090-exec-1] INFO  o.a.c.c.C.[.[localhost].[/] - Initializing Spring DispatcherServlet 'dispatcherServlet'
[2025-11-03 00:43:12:2464750][http-nio-9090-exec-1] INFO  o.s.web.servlet.DispatcherServlet - Initializing Servlet 'dispatcherServlet'
[2025-11-03 00:43:12:2464751][http-nio-9090-exec-1] INFO  o.s.web.servlet.DispatcherServlet - Completed initialization in 1 ms
[2025-11-03 00:43:12:2464754][http-nio-9090-exec-1] INFO  back.code.filter.JWTFilter - acessToken is null
[2025-11-03 00:43:12:2464763][http-nio-9090-exec-1] DEBUG org.hibernate.SQL - 
    select
        ue1_0.user_id,
        ue1_0.addr,
        ue1_0.addr_detail,
        ue1_0.agency,
        ue1_0.birth,
        ue1_0.create_at,
        ue1_0.email,
        ue1_0.password,
        ue1_0.phone,
        ue1_0.social_type,
        ue1_0.status,
        ue1_0.update_at,
        ue1_0.user_name,
        ue1_0.user_nick,
        ue1_0.user_role,
        ue1_0.withdraw_at,
        ue1_0.withdraw_reason 
    from
        user ue1_0 
    where
        ue1_0.email=?
[2025-11-03 00:43:12:2464785][http-nio-9090-exec-1] INFO  p6spy - 2025-11-03 00:43:12 | OperationTime : 17ms | 
(P6Spy sql, Hibernate format):

    select
        ue1_0.user_id,
        ue1_0.addr,
        ue1_0.addr_detail,
        ue1_0.agency,
        ue1_0.birth,
        ue1_0.create_at,
        ue1_0.email,
        ue1_0.password,
        ue1_0.phone,
        ue1_0.social_type,
        ue1_0.status,
        ue1_0.update_at,
        ue1_0.user_name,
        ue1_0.user_nick,
        ue1_0.user_role,
        ue1_0.withdraw_at,
        ue1_0.withdraw_reason 
    from
        user ue1_0 
    where
        ue1_0.email='sm00216'
[2025-11-03 00:43:12:2464786][http-nio-9090-exec-1] INFO  p6spy - 
[2025-11-03 00:43:12:2464788][http-nio-9090-exec-1] ERROR b.c.c.h.CommonExceptionHandler - ==== RuntimeException 발생 ====
java.lang.RuntimeException: 가입되지 않은 이메일입니다.
	at back.code.user.service.UserService.sendFindIdEmail(UserService.java:137)
	at java.base/jdk.internal.reflect.DirectMethodHandleAccessor.invoke(DirectMethodHandleAccessor.java:103)
	at java.base/java.lang.reflect.Method.invoke(Method.java:580)
	at org.springframework.aop.support.AopUtils.invokeJoinpointUsingReflection(AopUtils.java:360)
	at org.springframework.aop.framework.ReflectiveMethodInvocation.invokeJoinpoint(ReflectiveMethodInvocation.java:196)
	at org.springframework.aop.framework.ReflectiveMethodInvocation.proceed(ReflectiveMethodInvocation.java:163)
	at org.springframework.transaction.interceptor.TransactionAspectSupport.invokeWithinTransaction(TransactionAspectSupport.java:380)
	at org.springframework.transaction.interceptor.TransactionInterceptor.invoke(TransactionInterceptor.java:119)
	at org.springframework.aop.framework.ReflectiveMethodInvocation.proceed(ReflectiveMethodInvocation.java:184)
	at org.springframework.aop.framework.CglibAopProxy$DynamicAdvisedInterceptor.intercept(CglibAopProxy.java:728)
	at back.code.user.service.UserService$$SpringCGLIB$$0.sendFindIdEmail(<generated>)
	at back.code.user.controller.UserRestController.sendFindIdEmail(UserRestController.java:69)
	at java.base/jdk.internal.reflect.DirectMethodHandleAccessor.invoke(DirectMethodHandleAccessor.java:103)
	at java.base/java.lang.reflect.Method.invoke(Method.java:580)
	at org.springframework.web.method.support.InvocableHandlerMethod.doInvoke(InvocableHandlerMethod.java:258)
	at org.springframework.web.method.support.InvocableHandlerMethod.invokeForRequest(InvocableHandlerMethod.java:191)
	at org.springframework.web.servlet.mvc.method.annotation.ServletInvocableHandlerMethod.invokeAndHandle(ServletInvocableHandlerMethod.java:118)
	at org.springframework.web.servlet.mvc.method.annotation.RequestMappingHandlerAdapter.invokeHandlerMethod(RequestMappingHandlerAdapter.java:991)
	at org.springframework.web.servlet.mvc.method.annotation.RequestMappingHandlerAdapter.handleInternal(RequestMappingHandlerAdapter.java:896)
	at org.springframework.web.servlet.mvc.method.AbstractHandlerMethodAdapter.handle(AbstractHandlerMethodAdapter.java:87)
	at org.springframework.web.servlet.DispatcherServlet.doDispatch(DispatcherServlet.java:1089)
	at org.springframework.web.servlet.DispatcherServlet.doService(DispatcherServlet.java:979)
	at org.springframework.web.servlet.FrameworkServlet.processRequest(FrameworkServlet.java:1014)
	at org.springframework.web.servlet.FrameworkServlet.doGet(FrameworkServlet.java:903)
	at jakarta.servlet.http.HttpServlet.service(HttpServlet.java:564)
	at org.springframework.web.servlet.FrameworkServlet.service(FrameworkServlet.java:885)
	at jakarta.servlet.http.HttpServlet.service(HttpServlet.java:658)
	at org.apache.catalina.core.ApplicationFilterChain.internalDoFilter(ApplicationFilterChain.java:193)
	at org.apache.catalina.core.ApplicationFilterChain.doFilter(ApplicationFilterChain.java:138)
	at org.apache.tomcat.websocket.server.WsFilter.doFilter(WsFilter.java:51)
	at org.apache.catalina.core.ApplicationFilterChain.internalDoFilter(ApplicationFilterChain.java:162)
	at org.apache.catalina.core.ApplicationFilterChain.doFilter(ApplicationFilterChain.java:138)
	at org.springframework.web.filter.CompositeFilter$VirtualFilterChain.doFilter(CompositeFilter.java:108)
	at org.springframework.web.filter.CompositeFilter$VirtualFilterChain.doFilter(CompositeFilter.java:108)
	at org.springframework.security.web.FilterChainProxy.lambda$doFilterInternal$3(FilterChainProxy.java:231)
	at org.springframework.security.web.FilterChainProxy$VirtualFilterChain.doFilter(FilterChainProxy.java:365)
	at org.springframework.security.web.access.intercept.AuthorizationFilter.doFilter(AuthorizationFilter.java:101)
	at org.springframework.security.web.FilterChainProxy$VirtualFilterChain.doFilter(FilterChainProxy.java:374)
	at org.springframework.security.web.access.ExceptionTranslationFilter.doFilter(ExceptionTranslationFilter.java:125)
	at org.springframework.security.web.access.ExceptionTranslationFilter.doFilter(ExceptionTranslationFilter.java:119)
	at org.springframework.security.web.FilterChainProxy$VirtualFilterChain.doFilter(FilterChainProxy.java:374)
	at org.springframework.security.web.session.SessionManagementFilter.doFilter(SessionManagementFilter.java:131)
	at org.springframework.security.web.session.SessionManagementFilter.doFilter(SessionManagementFilter.java:85)
	at org.springframework.security.web.FilterChainProxy$VirtualFilterChain.doFilter(FilterChainProxy.java:374)
	at org.springframework.security.web.authentication.AnonymousAuthenticationFilter.doFilter(AnonymousAuthenticationFilter.java:100)
	at org.springframework.security.web.FilterChainProxy$VirtualFilterChain.doFilter(FilterChainProxy.java:374)
	at org.springframework.security.web.servletapi.SecurityContextHolderAwareRequestFilter.doFilter(SecurityContextHolderAwareRequestFilter.java:179)
	at org.springframework.security.web.FilterChainProxy$VirtualFilterChain.doFilter(FilterChainProxy.java:374)
	at org.springframework.security.web.savedrequest.RequestCacheAwareFilter.doFilter(RequestCacheAwareFilter.java:63)
	at org.springframework.security.web.FilterChainProxy$VirtualFilterChain.doFilter(FilterChainProxy.java:374)
	at org.springframework.security.web.authentication.AbstractAuthenticationProcessingFilter.doFilter(AbstractAuthenticationProcessingFilter.java:235)
	at org.springframework.security.web.authentication.AbstractAuthenticationProcessingFilter.doFilter(AbstractAuthenticationProcessingFilter.java:229)
	at org.springframework.security.web.FilterChainProxy$VirtualFilterChain.doFilter(FilterChainProxy.java:374)
	at back.code.filter.JWTFilter.doFilterInternal(JWTFilter.java:45)
	at org.springframework.web.filter.OncePerRequestFilter.doFilter(OncePerRequestFilter.java:116)
	at org.springframework.security.web.FilterChainProxy$VirtualFilterChain.doFilter(FilterChainProxy.java:374)
	at org.springframework.security.web.authentication.logout.LogoutFilter.doFilter(LogoutFilter.java:107)
	at org.springframework.security.web.authentication.logout.LogoutFilter.doFilter(LogoutFilter.java:93)
	at org.springframework.security.web.FilterChainProxy$VirtualFilterChain.doFilter(FilterChainProxy.java:374)
	at back.code.filter.CustomLogoutFilter.process(CustomLogoutFilter.java:46)
	at back.code.filter.CustomLogoutFilter.doFilter(CustomLogoutFilter.java:34)
	at org.springframework.security.web.FilterChainProxy$VirtualFilterChain.doFilter(FilterChainProxy.java:374)
	at org.springframework.web.filter.CorsFilter.doFilterInternal(CorsFilter.java:91)
	at org.springframework.web.filter.OncePerRequestFilter.doFilter(OncePerRequestFilter.java:116)
	at org.springframework.security.web.FilterChainProxy$VirtualFilterChain.doFilter(FilterChainProxy.java:374)
	at org.springframework.security.web.header.HeaderWriterFilter.doHeadersAfter(HeaderWriterFilter.java:90)
	at org.springframework.security.web.header.HeaderWriterFilter.doFilterInternal(HeaderWriterFilter.java:75)
	at org.springframework.web.filter.OncePerRequestFilter.doFilter(OncePerRequestFilter.java:116)
	at org.springframework.security.web.FilterChainProxy$VirtualFilterChain.doFilter(FilterChainProxy.java:374)
	at org.springframework.security.web.context.SecurityContextHolderFilter.doFilter(SecurityContextHolderFilter.java:82)
	at org.springframework.security.web.context.SecurityContextHolderFilter.doFilter(SecurityContextHolderFilter.java:69)
	at org.springframework.security.web.FilterChainProxy$VirtualFilterChain.doFilter(FilterChainProxy.java:374)
	at org.springframework.security.web.context.request.async.WebAsyncManagerIntegrationFilter.doFilterInternal(WebAsyncManagerIntegrationFilter.java:62)
	at org.springframework.web.filter.OncePerRequestFilter.doFilter(OncePerRequestFilter.java:116)
	at org.springframework.security.web.FilterChainProxy$VirtualFilterChain.doFilter(FilterChainProxy.java:374)
	at org.springframework.security.web.session.DisableEncodeUrlFilter.doFilterInternal(DisableEncodeUrlFilter.java:42)
	at org.springframework.web.filter.OncePerRequestFilter.doFilter(OncePerRequestFilter.java:116)
	at org.springframework.security.web.FilterChainProxy$VirtualFilterChain.doFilter(FilterChainProxy.java:374)
	at org.springframework.security.web.FilterChainProxy.doFilterInternal(FilterChainProxy.java:233)
	at org.springframework.security.web.FilterChainProxy.doFilter(FilterChainProxy.java:191)
	at org.springframework.web.filter.CompositeFilter$VirtualFilterChain.doFilter(CompositeFilter.java:113)
	at org.springframework.web.filter.ServletRequestPathFilter.doFilter(ServletRequestPathFilter.java:52)
	at org.springframework.web.filter.CompositeFilter$VirtualFilterChain.doFilter(CompositeFilter.java:113)
	at org.springframework.web.filter.CompositeFilter.doFilter(CompositeFilter.java:74)
	at org.springframework.security.config.annotation.web.configuration.WebSecurityConfiguration$CompositeFilterChainProxy.doFilter(WebSecurityConfiguration.java:319)
	at org.springframework.web.filter.CompositeFilter$VirtualFilterChain.doFilter(CompositeFilter.java:113)
	at org.springframework.web.servlet.handler.HandlerMappingIntrospector.lambda$createCacheFilter$4(HandlerMappingIntrospector.java:267)
	at org.springframework.web.filter.CompositeFilter$VirtualFilterChain.doFilter(CompositeFilter.java:113)
	at org.springframework.web.filter.CompositeFilter.doFilter(CompositeFilter.java:74)
	at org.springframework.security.config.annotation.web.configuration.WebMvcSecurityConfiguration$CompositeFilterChainProxy.doFilter(WebMvcSecurityConfiguration.java:240)
	at org.springframework.web.filter.DelegatingFilterProxy.invokeDelegate(DelegatingFilterProxy.java:362)
	at org.springframework.web.filter.DelegatingFilterProxy.doFilter(DelegatingFilterProxy.java:278)
	at org.apache.catalina.core.ApplicationFilterChain.internalDoFilter(ApplicationFilterChain.java:162)
	at org.apache.catalina.core.ApplicationFilterChain.doFilter(ApplicationFilterChain.java:138)
	at org.springframework.web.filter.RequestContextFilter.doFilterInternal(RequestContextFilter.java:100)
	at org.springframework.web.filter.OncePerRequestFilter.doFilter(OncePerRequestFilter.java:116)
	at org.apache.catalina.core.ApplicationFilterChain.internalDoFilter(ApplicationFilterChain.java:162)
	at org.apache.catalina.core.ApplicationFilterChain.doFilter(ApplicationFilterChain.java:138)
	at org.springframework.web.filter.FormContentFilter.doFilterInternal(FormContentFilter.java:93)
	at org.springframework.web.filter.OncePerRequestFilter.doFilter(OncePerRequestFilter.java:116)
	at org.apache.catalina.core.ApplicationFilterChain.internalDoFilter(ApplicationFilterChain.java:162)
	at org.apache.catalina.core.ApplicationFilterChain.doFilter(ApplicationFilterChain.java:138)
	at org.springframework.web.filter.CharacterEncodingFilter.doFilterInternal(CharacterEncodingFilter.java:201)
	at org.springframework.web.filter.OncePerRequestFilter.doFilter(OncePerRequestFilter.java:116)
	at org.apache.catalina.core.ApplicationFilterChain.internalDoFilter(ApplicationFilterChain.java:162)
	at org.apache.catalina.core.ApplicationFilterChain.doFilter(ApplicationFilterChain.java:138)
	at org.apache.catalina.core.StandardWrapperValve.invoke(StandardWrapperValve.java:165)
	at org.apache.catalina.core.StandardContextValve.invoke(StandardContextValve.java:88)
	at org.apache.catalina.authenticator.AuthenticatorBase.invoke(AuthenticatorBase.java:482)
	at org.apache.catalina.core.StandardHostValve.invoke(StandardHostValve.java:113)
	at org.apache.catalina.valves.ErrorReportValve.invoke(ErrorReportValve.java:83)
	at org.apache.catalina.core.StandardEngineValve.invoke(StandardEngineValve.java:72)
	at org.apache.catalina.connector.CoyoteAdapter.service(CoyoteAdapter.java:342)
	at org.apache.coyote.http11.Http11Processor.service(Http11Processor.java:399)
	at org.apache.coyote.AbstractProcessorLight.process(AbstractProcessorLight.java:63)
	at org.apache.coyote.AbstractProtocol$ConnectionHandler.process(AbstractProtocol.java:903)
	at org.apache.tomcat.util.net.NioEndpoint$SocketProcessor.doRun(NioEndpoint.java:1774)
	at org.apache.tomcat.util.net.SocketProcessorBase.run(SocketProcessorBase.java:52)
	at org.apache.tomcat.util.threads.ThreadPoolExecutor.runWorker(ThreadPoolExecutor.java:973)
	at org.apache.tomcat.util.threads.ThreadPoolExecutor$Worker.run(ThreadPoolExecutor.java:491)
	at org.apache.tomcat.util.threads.TaskThread$WrappingRunnable.run(TaskThread.java:63)
	at java.base/java.lang.Thread.run(Thread.java:1583)
[2025-11-03 00:43:12:2464797][http-nio-9090-exec-1] WARN  o.s.w.s.m.m.a.ExceptionHandlerExceptionResolver - Resolved [java.lang.RuntimeException: 가입되지 않은 이메일입니다.]
[2025-11-03 00:43:28:2480666][SpringApplicationShutdownHook] INFO  o.s.b.w.e.tomcat.GracefulShutdown - Commencing graceful shutdown. Waiting for active requests to complete
[2025-11-03 00:43:28:2480674][tomcat-shutdown] INFO  o.s.b.w.e.tomcat.GracefulShutdown - Graceful shutdown complete
[2025-11-03 00:43:28:2480679][SpringApplicationShutdownHook] INFO  o.s.o.j.LocalContainerEntityManagerFactoryBean - Closing JPA EntityManagerFactory for persistence unit 'default'
[2025-11-03 00:43:28:2480679][SpringApplicationShutdownHook] INFO  com.zaxxer.hikari.HikariDataSource - HikariPool-10 - Shutdown initiated...
[2025-11-03 00:43:28:2480683][SpringApplicationShutdownHook] INFO  com.zaxxer.hikari.HikariDataSource - HikariPool-10 - Shutdown completed.
[2025-11-03 00:43:32:1217][background-preinit] INFO  o.h.validator.internal.util.Version - HV000001: Hibernate Validator 8.0.3.Final
[2025-11-03 00:43:33:1297][restartedMain] INFO  back.code.ModuBackApplication - Starting ModuBackApplication using Java 21.0.7 with PID 12216 (C:\modu_project\modu_back\build\classes\java\main started by sm002 in C:\modu_project\modu_back)
[2025-11-03 00:43:33:1298][restartedMain] INFO  back.code.ModuBackApplication - No active profile set, falling back to 1 default profile: "default"
[2025-11-03 00:43:33:1351][restartedMain] INFO  o.s.b.d.e.DevToolsPropertyDefaultsPostProcessor - Devtools property defaults active! Set 'spring.devtools.add-properties' to 'false' to disable
[2025-11-03 00:43:33:1351][restartedMain] INFO  o.s.b.d.e.DevToolsPropertyDefaultsPostProcessor - For additional web related logging consider setting the 'logging.level.web' property to 'DEBUG'
[2025-11-03 00:43:34:2664][restartedMain] INFO  o.s.d.r.c.RepositoryConfigurationDelegate - Bootstrapping Spring Data JPA repositories in DEFAULT mode.
[2025-11-03 00:43:34:2894][restartedMain] INFO  o.s.d.r.c.RepositoryConfigurationDelegate - Finished Spring Data repository scanning in 219 ms. Found 3 JPA repository interfaces.
[2025-11-03 00:43:35:3964][restartedMain] INFO  o.s.b.w.e.tomcat.TomcatWebServer - Tomcat initialized with port 9090 (http)
[2025-11-03 00:43:35:3983][restartedMain] INFO  o.a.coyote.http11.Http11NioProtocol - Initializing ProtocolHandler ["http-nio-9090"]
[2025-11-03 00:43:35:3986][restartedMain] INFO  o.a.catalina.core.StandardService - Starting service [Tomcat]
[2025-11-03 00:43:35:3987][restartedMain] INFO  o.a.catalina.core.StandardEngine - Starting Servlet engine: [Apache Tomcat/10.1.48]
[2025-11-03 00:43:35:4091][restartedMain] INFO  o.a.c.c.C.[Tomcat].[localhost].[/] - Initializing Spring embedded WebApplicationContext
[2025-11-03 00:43:35:4091][restartedMain] INFO  o.s.b.w.s.c.ServletWebServerApplicationContext - Root WebApplicationContext: initialization completed in 2739 ms
[2025-11-03 00:43:36:4380][restartedMain] INFO  o.h.jpa.internal.util.LogHelper - HHH000204: Processing PersistenceUnitInfo [name: default]
[2025-11-03 00:43:36:4493][restartedMain] INFO  org.hibernate.Version - HHH000412: Hibernate ORM core version 6.6.33.Final
[2025-11-03 00:43:36:4554][restartedMain] INFO  o.h.c.i.RegionFactoryInitiator - HHH000026: Second-level cache disabled
[2025-11-03 00:43:36:5030][restartedMain] INFO  o.s.o.j.p.SpringPersistenceUnitInfo - No LoadTimeWeaver setup: ignoring JPA class transformer
[2025-11-03 00:43:36:5081][restartedMain] INFO  com.zaxxer.hikari.HikariDataSource - HikariPool-1 - Starting...
[2025-11-03 00:43:36:5208][restartedMain] INFO  com.zaxxer.hikari.pool.HikariPool - HikariPool-1 - Added connection org.mariadb.jdbc.Connection@5425ef41
[2025-11-03 00:43:36:5211][restartedMain] INFO  com.zaxxer.hikari.HikariDataSource - HikariPool-1 - Start completed.
[2025-11-03 00:43:36:5263][restartedMain] WARN  org.hibernate.orm.deprecation - HHH90000025: MariaDBDialect does not need to be specified explicitly using 'hibernate.dialect' (remove the property setting and it will be selected by default)
[2025-11-03 00:43:37:5291][restartedMain] INFO  o.hibernate.orm.connections.pooling - HHH10001005: Database info:
	Database JDBC URL [Connecting through datasource 'p6SpyDataSourceDecorator [com.p6spy.engine.spy.P6DataSource] -> dataSource [com.zaxxer.hikari.HikariDataSource]']
	Database driver: undefined/unknown
	Database version: 11.8.2
	Autocommit mode: undefined/unknown
	Isolation level: undefined/unknown
	Minimum pool size: undefined/unknown
	Maximum pool size: undefined/unknown
[2025-11-03 00:43:37:5303][restartedMain] DEBUG o.h.t.d.sql.spi.DdlTypeRegistry - addDescriptor(12, org.hibernate.type.descriptor.sql.internal.CapacityDependentDdlType@4300a523) replaced previous registration(org.hibernate.type.descriptor.sql.internal.CapacityDependentDdlType@47384193)
[2025-11-03 00:43:37:5303][restartedMain] DEBUG o.h.t.d.sql.spi.DdlTypeRegistry - addDescriptor(-9, org.hibernate.type.descriptor.sql.internal.CapacityDependentDdlType@19df4915) replaced previous registration(org.hibernate.type.descriptor.sql.internal.CapacityDependentDdlType@1693fdfe)
[2025-11-03 00:43:37:5303][restartedMain] DEBUG o.h.t.d.sql.spi.DdlTypeRegistry - addDescriptor(-3, org.hibernate.type.descriptor.sql.internal.CapacityDependentDdlType@507c7bb2) replaced previous registration(org.hibernate.type.descriptor.sql.internal.CapacityDependentDdlType@554d9cf7)
[2025-11-03 00:43:37:5303][restartedMain] DEBUG o.h.t.d.sql.spi.DdlTypeRegistry - addDescriptor(4003, org.hibernate.type.descriptor.sql.internal.DdlTypeImpl@3639e0aa) replaced previous registration(org.hibernate.type.descriptor.sql.internal.DdlTypeImpl@3f4c879e)
[2025-11-03 00:43:37:5303][restartedMain] DEBUG o.h.t.d.sql.spi.DdlTypeRegistry - addDescriptor(4001, org.hibernate.type.descriptor.sql.internal.DdlTypeImpl@c5eda2e) replaced previous registration(org.hibernate.type.descriptor.sql.internal.DdlTypeImpl@35cd5576)
[2025-11-03 00:43:37:5305][restartedMain] DEBUG o.h.t.d.sql.spi.DdlTypeRegistry - addDescriptor(4002, org.hibernate.type.descriptor.sql.internal.DdlTypeImpl@4c88dfd5) replaced previous registration(org.hibernate.type.descriptor.sql.internal.DdlTypeImpl@1723d1ad)
[2025-11-03 00:43:37:5305][restartedMain] DEBUG o.h.t.d.sql.spi.DdlTypeRegistry - addDescriptor(2004, org.hibernate.type.descriptor.sql.internal.CapacityDependentDdlType@6d56e6cd) replaced previous registration(org.hibernate.type.descriptor.sql.internal.DdlTypeImpl@326f68f4)
[2025-11-03 00:43:37:5305][restartedMain] DEBUG o.h.t.d.sql.spi.DdlTypeRegistry - addDescriptor(2005, org.hibernate.type.descriptor.sql.internal.CapacityDependentDdlType@38136f1b) replaced previous registration(org.hibernate.type.descriptor.sql.internal.DdlTypeImpl@31347f0d)
[2025-11-03 00:43:37:5305][restartedMain] DEBUG o.h.t.d.sql.spi.DdlTypeRegistry - addDescriptor(2011, org.hibernate.type.descriptor.sql.internal.CapacityDependentDdlType@6b8e8768) replaced previous registration(org.hibernate.type.descriptor.sql.internal.DdlTypeImpl@22ef6a25)
[2025-11-03 00:43:38:6659][restartedMain] INFO  o.h.e.t.j.p.i.JtaPlatformInitiator - HHH000489: No JTA platform available (set 'hibernate.transaction.jta.platform' to enable JTA platform integration)
[2025-11-03 00:43:38:6701][restartedMain] INFO  p6spy - #1762098218415 | took 5ms | statement | connection 1| url jdbc:mariadb://localhost/modu?user=root&password=***&prepStmtCacheSqlLimit=2048&useServerPrepStmts=true
select table_name from information_schema.TABLES where table_schema=database() and table_type='SEQUENCE'
select table_name from information_schema.TABLES where table_schema=database() and table_type='SEQUENCE';
[2025-11-03 00:43:38:6731][restartedMain] INFO  o.s.o.j.LocalContainerEntityManagerFactoryBean - Initialized JPA EntityManagerFactory for persistence unit 'default'
[2025-11-03 00:43:38:7143][restartedMain] INFO  o.s.d.j.r.q.QueryEnhancerFactory - Hibernate is in classpath; If applicable, HQL parser will be used.
[2025-11-03 00:43:40:8979][restartedMain] INFO  o.s.s.c.a.a.c.InitializeAuthenticationProviderBeanManagerConfigurer$InitializeAuthenticationProviderManagerConfigurer - Global AuthenticationManager configured with AuthenticationProvider bean with name authProvider
[2025-11-03 00:43:40:8979][restartedMain] WARN  o.s.s.c.a.a.c.InitializeUserDetailsBeanManagerConfigurer$InitializeUserDetailsManagerConfigurer - Global AuthenticationManager configured with an AuthenticationProvider bean. UserDetailsService beans will not be used by Spring Security for automatically configuring username/password login. Consider removing the AuthenticationProvider bean. Alternatively, consider using the UserDetailsService in a manually instantiated DaoAuthenticationProvider. If the current configuration is intentional, to turn off this warning, increase the logging level of 'org.springframework.security.config.annotation.authentication.configuration.InitializeUserDetailsBeanManagerConfigurer' to ERROR
[2025-11-03 00:43:40:9122][restartedMain] WARN  o.s.s.c.a.web.builders.WebSecurity - You are asking Spring Security to ignore Deferred [Mvc [pattern='/static/imgs/**'], Ant [pattern='/static/imgs/**']]. This is not recommended -- please use permitAll via HttpSecurity#authorizeHttpRequests instead.
[2025-11-03 00:43:40:9123][restartedMain] WARN  o.s.s.c.a.web.builders.WebSecurity - You are asking Spring Security to ignore org.springframework.boot.autoconfigure.security.servlet.StaticResourceRequest$StaticResourceRequestMatcher@3bbb561f. This is not recommended -- please use permitAll via HttpSecurity#authorizeHttpRequests instead.
[2025-11-03 00:43:41:9565][restartedMain] INFO  o.s.b.d.a.OptionalLiveReloadServer - LiveReload server is running on port 35729
[2025-11-03 00:43:41:9596][restartedMain] INFO  o.a.coyote.http11.Http11NioProtocol - Starting ProtocolHandler ["http-nio-9090"]
[2025-11-03 00:43:41:9619][restartedMain] INFO  o.s.b.w.e.tomcat.TomcatWebServer - Tomcat started on port 9090 (http) with context path '/'
[2025-11-03 00:43:41:9631][restartedMain] INFO  back.code.ModuBackApplication - Started ModuBackApplication in 8.975 seconds (process running for 10.556)
[2025-11-03 00:43:56:24313][http-nio-9090-exec-1] INFO  o.a.c.c.C.[Tomcat].[localhost].[/] - Initializing Spring DispatcherServlet 'dispatcherServlet'
[2025-11-03 00:43:56:24314][http-nio-9090-exec-1] INFO  o.s.web.servlet.DispatcherServlet - Initializing Servlet 'dispatcherServlet'
[2025-11-03 00:43:56:24317][http-nio-9090-exec-1] INFO  o.s.web.servlet.DispatcherServlet - Completed initialization in 3 ms
[2025-11-03 00:43:56:24423][http-nio-9090-exec-1] INFO  back.code.filter.JWTFilter - acessToken is null
[2025-11-03 00:43:56:24683][http-nio-9090-exec-1] DEBUG org.hibernate.SQL - 
    select
        ue1_0.user_id,
        ue1_0.addr,
        ue1_0.addr_detail,
        ue1_0.agency,
        ue1_0.birth,
        ue1_0.create_at,
        ue1_0.email,
        ue1_0.password,
        ue1_0.phone,
        ue1_0.social_type,
        ue1_0.status,
        ue1_0.update_at,
        ue1_0.user_name,
        ue1_0.user_nick,
        ue1_0.user_role,
        ue1_0.withdraw_at,
        ue1_0.withdraw_reason 
    from
        user ue1_0 
    where
        ue1_0.email=?
[2025-11-03 00:43:56:24689][http-nio-9090-exec-1] INFO  p6spy - 2025-11-03 00:43:56 | OperationTime : 1ms | 
(P6Spy sql, Hibernate format):

    select
        ue1_0.user_id,
        ue1_0.addr,
        ue1_0.addr_detail,
        ue1_0.agency,
        ue1_0.birth,
        ue1_0.create_at,
        ue1_0.email,
        ue1_0.password,
        ue1_0.phone,
        ue1_0.social_type,
        ue1_0.status,
        ue1_0.update_at,
        ue1_0.user_name,
        ue1_0.user_nick,
        ue1_0.user_role,
        ue1_0.withdraw_at,
        ue1_0.withdraw_reason 
    from
        user ue1_0 
    where
        ue1_0.email='sm00216'
[2025-11-03 00:43:56:24739][http-nio-9090-exec-1] INFO  p6spy - 
[2025-11-03 00:43:56:24745][http-nio-9090-exec-1] ERROR b.c.c.h.CommonExceptionHandler - ==== RuntimeException 발생 ====
java.lang.RuntimeException: 가입되지 않은 이메일입니다.
	at back.code.user.service.UserService.sendFindIdEmail(UserService.java:137)
	at java.base/jdk.internal.reflect.DirectMethodHandleAccessor.invoke(DirectMethodHandleAccessor.java:103)
	at java.base/java.lang.reflect.Method.invoke(Method.java:580)
	at org.springframework.aop.support.AopUtils.invokeJoinpointUsingReflection(AopUtils.java:360)
	at org.springframework.aop.framework.ReflectiveMethodInvocation.invokeJoinpoint(ReflectiveMethodInvocation.java:196)
	at org.springframework.aop.framework.ReflectiveMethodInvocation.proceed(ReflectiveMethodInvocation.java:163)
	at org.springframework.transaction.interceptor.TransactionAspectSupport.invokeWithinTransaction(TransactionAspectSupport.java:380)
	at org.springframework.transaction.interceptor.TransactionInterceptor.invoke(TransactionInterceptor.java:119)
	at org.springframework.aop.framework.ReflectiveMethodInvocation.proceed(ReflectiveMethodInvocation.java:184)
	at org.springframework.aop.framework.CglibAopProxy$DynamicAdvisedInterceptor.intercept(CglibAopProxy.java:728)
	at back.code.user.service.UserService$$SpringCGLIB$$0.sendFindIdEmail(<generated>)
	at back.code.user.controller.UserRestController.sendFindIdEmail(UserRestController.java:69)
	at java.base/jdk.internal.reflect.DirectMethodHandleAccessor.invoke(DirectMethodHandleAccessor.java:103)
	at java.base/java.lang.reflect.Method.invoke(Method.java:580)
	at org.springframework.web.method.support.InvocableHandlerMethod.doInvoke(InvocableHandlerMethod.java:258)
	at org.springframework.web.method.support.InvocableHandlerMethod.invokeForRequest(InvocableHandlerMethod.java:191)
	at org.springframework.web.servlet.mvc.method.annotation.ServletInvocableHandlerMethod.invokeAndHandle(ServletInvocableHandlerMethod.java:118)
	at org.springframework.web.servlet.mvc.method.annotation.RequestMappingHandlerAdapter.invokeHandlerMethod(RequestMappingHandlerAdapter.java:991)
	at org.springframework.web.servlet.mvc.method.annotation.RequestMappingHandlerAdapter.handleInternal(RequestMappingHandlerAdapter.java:896)
	at org.springframework.web.servlet.mvc.method.AbstractHandlerMethodAdapter.handle(AbstractHandlerMethodAdapter.java:87)
	at org.springframework.web.servlet.DispatcherServlet.doDispatch(DispatcherServlet.java:1089)
	at org.springframework.web.servlet.DispatcherServlet.doService(DispatcherServlet.java:979)
	at org.springframework.web.servlet.FrameworkServlet.processRequest(FrameworkServlet.java:1014)
	at org.springframework.web.servlet.FrameworkServlet.doGet(FrameworkServlet.java:903)
	at jakarta.servlet.http.HttpServlet.service(HttpServlet.java:564)
	at org.springframework.web.servlet.FrameworkServlet.service(FrameworkServlet.java:885)
	at jakarta.servlet.http.HttpServlet.service(HttpServlet.java:658)
	at org.apache.catalina.core.ApplicationFilterChain.internalDoFilter(ApplicationFilterChain.java:193)
	at org.apache.catalina.core.ApplicationFilterChain.doFilter(ApplicationFilterChain.java:138)
	at org.apache.tomcat.websocket.server.WsFilter.doFilter(WsFilter.java:51)
	at org.apache.catalina.core.ApplicationFilterChain.internalDoFilter(ApplicationFilterChain.java:162)
	at org.apache.catalina.core.ApplicationFilterChain.doFilter(ApplicationFilterChain.java:138)
	at org.springframework.web.filter.CompositeFilter$VirtualFilterChain.doFilter(CompositeFilter.java:108)
	at org.springframework.web.filter.CompositeFilter$VirtualFilterChain.doFilter(CompositeFilter.java:108)
	at org.springframework.security.web.FilterChainProxy.lambda$doFilterInternal$3(FilterChainProxy.java:231)
	at org.springframework.security.web.FilterChainProxy$VirtualFilterChain.doFilter(FilterChainProxy.java:365)
	at org.springframework.security.web.access.intercept.AuthorizationFilter.doFilter(AuthorizationFilter.java:101)
	at org.springframework.security.web.FilterChainProxy$VirtualFilterChain.doFilter(FilterChainProxy.java:374)
	at org.springframework.security.web.access.ExceptionTranslationFilter.doFilter(ExceptionTranslationFilter.java:125)
	at org.springframework.security.web.access.ExceptionTranslationFilter.doFilter(ExceptionTranslationFilter.java:119)
	at org.springframework.security.web.FilterChainProxy$VirtualFilterChain.doFilter(FilterChainProxy.java:374)
	at org.springframework.security.web.session.SessionManagementFilter.doFilter(SessionManagementFilter.java:131)
	at org.springframework.security.web.session.SessionManagementFilter.doFilter(SessionManagementFilter.java:85)
	at org.springframework.security.web.FilterChainProxy$VirtualFilterChain.doFilter(FilterChainProxy.java:374)
	at org.springframework.security.web.authentication.AnonymousAuthenticationFilter.doFilter(AnonymousAuthenticationFilter.java:100)
	at org.springframework.security.web.FilterChainProxy$VirtualFilterChain.doFilter(FilterChainProxy.java:374)
	at org.springframework.security.web.servletapi.SecurityContextHolderAwareRequestFilter.doFilter(SecurityContextHolderAwareRequestFilter.java:179)
	at org.springframework.security.web.FilterChainProxy$VirtualFilterChain.doFilter(FilterChainProxy.java:374)
	at org.springframework.security.web.savedrequest.RequestCacheAwareFilter.doFilter(RequestCacheAwareFilter.java:63)
	at org.springframework.security.web.FilterChainProxy$VirtualFilterChain.doFilter(FilterChainProxy.java:374)
	at org.springframework.security.web.authentication.AbstractAuthenticationProcessingFilter.doFilter(AbstractAuthenticationProcessingFilter.java:235)
	at org.springframework.security.web.authentication.AbstractAuthenticationProcessingFilter.doFilter(AbstractAuthenticationProcessingFilter.java:229)
	at org.springframework.security.web.FilterChainProxy$VirtualFilterChain.doFilter(FilterChainProxy.java:374)
	at back.code.filter.JWTFilter.doFilterInternal(JWTFilter.java:45)
	at org.springframework.web.filter.OncePerRequestFilter.doFilter(OncePerRequestFilter.java:116)
	at org.springframework.security.web.FilterChainProxy$VirtualFilterChain.doFilter(FilterChainProxy.java:374)
	at org.springframework.security.web.authentication.logout.LogoutFilter.doFilter(LogoutFilter.java:107)
	at org.springframework.security.web.authentication.logout.LogoutFilter.doFilter(LogoutFilter.java:93)
	at org.springframework.security.web.FilterChainProxy$VirtualFilterChain.doFilter(FilterChainProxy.java:374)
	at back.code.filter.CustomLogoutFilter.process(CustomLogoutFilter.java:46)
	at back.code.filter.CustomLogoutFilter.doFilter(CustomLogoutFilter.java:34)
	at org.springframework.security.web.FilterChainProxy$VirtualFilterChain.doFilter(FilterChainProxy.java:374)
	at org.springframework.web.filter.CorsFilter.doFilterInternal(CorsFilter.java:91)
	at org.springframework.web.filter.OncePerRequestFilter.doFilter(OncePerRequestFilter.java:116)
	at org.springframework.security.web.FilterChainProxy$VirtualFilterChain.doFilter(FilterChainProxy.java:374)
	at org.springframework.security.web.header.HeaderWriterFilter.doHeadersAfter(HeaderWriterFilter.java:90)
	at org.springframework.security.web.header.HeaderWriterFilter.doFilterInternal(HeaderWriterFilter.java:75)
	at org.springframework.web.filter.OncePerRequestFilter.doFilter(OncePerRequestFilter.java:116)
	at org.springframework.security.web.FilterChainProxy$VirtualFilterChain.doFilter(FilterChainProxy.java:374)
	at org.springframework.security.web.context.SecurityContextHolderFilter.doFilter(SecurityContextHolderFilter.java:82)
	at org.springframework.security.web.context.SecurityContextHolderFilter.doFilter(SecurityContextHolderFilter.java:69)
	at org.springframework.security.web.FilterChainProxy$VirtualFilterChain.doFilter(FilterChainProxy.java:374)
	at org.springframework.security.web.context.request.async.WebAsyncManagerIntegrationFilter.doFilterInternal(WebAsyncManagerIntegrationFilter.java:62)
	at org.springframework.web.filter.OncePerRequestFilter.doFilter(OncePerRequestFilter.java:116)
	at org.springframework.security.web.FilterChainProxy$VirtualFilterChain.doFilter(FilterChainProxy.java:374)
	at org.springframework.security.web.session.DisableEncodeUrlFilter.doFilterInternal(DisableEncodeUrlFilter.java:42)
	at org.springframework.web.filter.OncePerRequestFilter.doFilter(OncePerRequestFilter.java:116)
	at org.springframework.security.web.FilterChainProxy$VirtualFilterChain.doFilter(FilterChainProxy.java:374)
	at org.springframework.security.web.FilterChainProxy.doFilterInternal(FilterChainProxy.java:233)
	at org.springframework.security.web.FilterChainProxy.doFilter(FilterChainProxy.java:191)
	at org.springframework.web.filter.CompositeFilter$VirtualFilterChain.doFilter(CompositeFilter.java:113)
	at org.springframework.web.filter.ServletRequestPathFilter.doFilter(ServletRequestPathFilter.java:52)
	at org.springframework.web.filter.CompositeFilter$VirtualFilterChain.doFilter(CompositeFilter.java:113)
	at org.springframework.web.filter.CompositeFilter.doFilter(CompositeFilter.java:74)
	at org.springframework.security.config.annotation.web.configuration.WebSecurityConfiguration$CompositeFilterChainProxy.doFilter(WebSecurityConfiguration.java:319)
	at org.springframework.web.filter.CompositeFilter$VirtualFilterChain.doFilter(CompositeFilter.java:113)
	at org.springframework.web.servlet.handler.HandlerMappingIntrospector.lambda$createCacheFilter$4(HandlerMappingIntrospector.java:267)
	at org.springframework.web.filter.CompositeFilter$VirtualFilterChain.doFilter(CompositeFilter.java:113)
	at org.springframework.web.filter.CompositeFilter.doFilter(CompositeFilter.java:74)
	at org.springframework.security.config.annotation.web.configuration.WebMvcSecurityConfiguration$CompositeFilterChainProxy.doFilter(WebMvcSecurityConfiguration.java:240)
	at org.springframework.web.filter.DelegatingFilterProxy.invokeDelegate(DelegatingFilterProxy.java:362)
	at org.springframework.web.filter.DelegatingFilterProxy.doFilter(DelegatingFilterProxy.java:278)
	at org.apache.catalina.core.ApplicationFilterChain.internalDoFilter(ApplicationFilterChain.java:162)
	at org.apache.catalina.core.ApplicationFilterChain.doFilter(ApplicationFilterChain.java:138)
	at org.springframework.web.filter.RequestContextFilter.doFilterInternal(RequestContextFilter.java:100)
	at org.springframework.web.filter.OncePerRequestFilter.doFilter(OncePerRequestFilter.java:116)
	at org.apache.catalina.core.ApplicationFilterChain.internalDoFilter(ApplicationFilterChain.java:162)
	at org.apache.catalina.core.ApplicationFilterChain.doFilter(ApplicationFilterChain.java:138)
	at org.springframework.web.filter.FormContentFilter.doFilterInternal(FormContentFilter.java:93)
	at org.springframework.web.filter.OncePerRequestFilter.doFilter(OncePerRequestFilter.java:116)
	at org.apache.catalina.core.ApplicationFilterChain.internalDoFilter(ApplicationFilterChain.java:162)
	at org.apache.catalina.core.ApplicationFilterChain.doFilter(ApplicationFilterChain.java:138)
	at org.springframework.web.filter.CharacterEncodingFilter.doFilterInternal(CharacterEncodingFilter.java:201)
	at org.springframework.web.filter.OncePerRequestFilter.doFilter(OncePerRequestFilter.java:116)
	at org.apache.catalina.core.ApplicationFilterChain.internalDoFilter(ApplicationFilterChain.java:162)
	at org.apache.catalina.core.ApplicationFilterChain.doFilter(ApplicationFilterChain.java:138)
	at org.apache.catalina.core.StandardWrapperValve.invoke(StandardWrapperValve.java:165)
	at org.apache.catalina.core.StandardContextValve.invoke(StandardContextValve.java:88)
	at org.apache.catalina.authenticator.AuthenticatorBase.invoke(AuthenticatorBase.java:482)
	at org.apache.catalina.core.StandardHostValve.invoke(StandardHostValve.java:113)
	at org.apache.catalina.valves.ErrorReportValve.invoke(ErrorReportValve.java:83)
	at org.apache.catalina.core.StandardEngineValve.invoke(StandardEngineValve.java:72)
	at org.apache.catalina.connector.CoyoteAdapter.service(CoyoteAdapter.java:342)
	at org.apache.coyote.http11.Http11Processor.service(Http11Processor.java:399)
	at org.apache.coyote.AbstractProcessorLight.process(AbstractProcessorLight.java:63)
	at org.apache.coyote.AbstractProtocol$ConnectionHandler.process(AbstractProtocol.java:903)
	at org.apache.tomcat.util.net.NioEndpoint$SocketProcessor.doRun(NioEndpoint.java:1774)
	at org.apache.tomcat.util.net.SocketProcessorBase.run(SocketProcessorBase.java:52)
	at org.apache.tomcat.util.threads.ThreadPoolExecutor.runWorker(ThreadPoolExecutor.java:973)
	at org.apache.tomcat.util.threads.ThreadPoolExecutor$Worker.run(ThreadPoolExecutor.java:491)
	at org.apache.tomcat.util.threads.TaskThread$WrappingRunnable.run(TaskThread.java:63)
	at java.base/java.lang.Thread.run(Thread.java:1583)
[2025-11-03 00:43:56:24837][http-nio-9090-exec-1] WARN  o.s.w.s.m.m.a.ExceptionHandlerExceptionResolver - Resolved [java.lang.RuntimeException: 가입되지 않은 이메일입니다.]
[2025-11-03 00:44:29:57987][http-nio-9090-exec-2] INFO  back.code.filter.JWTFilter - acessToken is null
[2025-11-03 00:44:29:57993][http-nio-9090-exec-2] DEBUG org.hibernate.SQL - 
    select
        ue1_0.user_id,
        ue1_0.addr,
        ue1_0.addr_detail,
        ue1_0.agency,
        ue1_0.birth,
        ue1_0.create_at,
        ue1_0.email,
        ue1_0.password,
        ue1_0.phone,
        ue1_0.social_type,
        ue1_0.status,
        ue1_0.update_at,
        ue1_0.user_name,
        ue1_0.user_nick,
        ue1_0.user_role,
        ue1_0.withdraw_at,
        ue1_0.withdraw_reason 
    from
        user ue1_0 
    where
        ue1_0.email=?
[2025-11-03 00:44:29:57995][http-nio-9090-exec-2] INFO  p6spy - 2025-11-03 00:44:29 | OperationTime : 1ms | 
(P6Spy sql, Hibernate format):

    select
        ue1_0.user_id,
        ue1_0.addr,
        ue1_0.addr_detail,
        ue1_0.agency,
        ue1_0.birth,
        ue1_0.create_at,
        ue1_0.email,
        ue1_0.password,
        ue1_0.phone,
        ue1_0.social_type,
        ue1_0.status,
        ue1_0.update_at,
        ue1_0.user_name,
        ue1_0.user_nick,
        ue1_0.user_role,
        ue1_0.withdraw_at,
        ue1_0.withdraw_reason 
    from
        user ue1_0 
    where
        ue1_0.email='sm00216@naver.com'
[2025-11-03 00:44:29:58008][http-nio-9090-exec-2] DEBUG org.hibernate.SQL - 
    select
        ure1_0.role_id,
        ure1_0.role_name 
    from
        user_role ure1_0 
    where
        ure1_0.role_id=?
[2025-11-03 00:44:29:58009][http-nio-9090-exec-2] INFO  p6spy - 2025-11-03 00:44:29 | OperationTime : 1ms | 
(P6Spy sql, Hibernate format):

    select
        ure1_0.role_id,
        ure1_0.role_name 
    from
        user_role ure1_0 
    where
        ure1_0.role_id='USER'
[2025-11-03 00:44:36:64390][http-nio-9090-exec-2] INFO  b.code.user.service.EmailService - [이메일 인증코드 전송] email=sm00216@naver.com, code=946198
[2025-11-03 00:44:36:64390][http-nio-9090-exec-2] INFO  back.code.user.service.UserService - [아이디 찾기] 인증번호 발송 완료 - email=sm00216@naver.com
[2025-11-03 00:44:36:64392][http-nio-9090-exec-2] INFO  p6spy - 
[2025-11-03 00:44:55:83389][http-nio-9090-exec-3] INFO  back.code.filter.JWTFilter - acessToken is null
[2025-11-03 00:44:55:83395][http-nio-9090-exec-3] DEBUG org.hibernate.SQL - 
    select
        ue1_0.user_id,
        ue1_0.addr,
        ue1_0.addr_detail,
        ue1_0.agency,
        ue1_0.birth,
        ue1_0.create_at,
        ue1_0.email,
        ue1_0.password,
        ue1_0.phone,
        ue1_0.social_type,
        ue1_0.status,
        ue1_0.update_at,
        ue1_0.user_name,
        ue1_0.user_nick,
        ue1_0.user_role,
        ue1_0.withdraw_at,
        ue1_0.withdraw_reason 
    from
        user ue1_0 
    where
        ue1_0.email=?
[2025-11-03 00:44:55:83396][http-nio-9090-exec-3] INFO  p6spy - 2025-11-03 00:44:55 | OperationTime : 0ms | 
(P6Spy sql, Hibernate format):

    select
        ue1_0.user_id,
        ue1_0.addr,
        ue1_0.addr_detail,
        ue1_0.agency,
        ue1_0.birth,
        ue1_0.create_at,
        ue1_0.email,
        ue1_0.password,
        ue1_0.phone,
        ue1_0.social_type,
        ue1_0.status,
        ue1_0.update_at,
        ue1_0.user_name,
        ue1_0.user_nick,
        ue1_0.user_role,
        ue1_0.withdraw_at,
        ue1_0.withdraw_reason 
    from
        user ue1_0 
    where
        ue1_0.email='sm00216@naver.com'
[2025-11-03 00:44:55:83397][http-nio-9090-exec-3] DEBUG org.hibernate.SQL - 
    select
        ure1_0.role_id,
        ure1_0.role_name 
    from
        user_role ure1_0 
    where
        ure1_0.role_id=?
[2025-11-03 00:44:55:83399][http-nio-9090-exec-3] INFO  p6spy - 2025-11-03 00:44:55 | OperationTime : 0ms | 
(P6Spy sql, Hibernate format):

    select
        ure1_0.role_id,
        ure1_0.role_name 
    from
        user_role ure1_0 
    where
        ure1_0.role_id='USER'
[2025-11-03 00:44:55:83400][http-nio-9090-exec-3] INFO  back.code.user.service.UserService - [아이디 찾기 성공] email=sm00216@naver.com, userId=sm00216
[2025-11-03 00:44:55:83401][http-nio-9090-exec-3] INFO  p6spy - 
[2025-11-03 00:49:59:387288][File Watcher] INFO  o.s.b.d.a.LocalDevToolsAutoConfiguration$RestartingClassPathChangeChangedEventListener - Restarting due to 2 class path changes (0 additions, 2 deletions, 0 modifications)
[2025-11-03 00:49:59:387288][Thread-11] INFO  o.s.b.w.e.tomcat.GracefulShutdown - Commencing graceful shutdown. Waiting for active requests to complete
[2025-11-03 00:49:59:387304][tomcat-shutdown] INFO  o.a.coyote.http11.Http11NioProtocol - Pausing ProtocolHandler ["http-nio-9090"]
[2025-11-03 00:49:59:387313][tomcat-shutdown] INFO  o.s.b.w.e.tomcat.GracefulShutdown - Graceful shutdown complete
[2025-11-03 00:49:59:387313][Thread-11] INFO  o.a.coyote.http11.Http11NioProtocol - Stopping ProtocolHandler ["http-nio-9090"]
[2025-11-03 00:49:59:387344][Thread-11] INFO  o.s.o.j.LocalContainerEntityManagerFactoryBean - Closing JPA EntityManagerFactory for persistence unit 'default'
[2025-11-03 00:49:59:387344][Thread-11] INFO  com.zaxxer.hikari.HikariDataSource - HikariPool-1 - Shutdown initiated...
[2025-11-03 00:49:59:387358][Thread-11] INFO  com.zaxxer.hikari.HikariDataSource - HikariPool-1 - Shutdown completed.
[2025-11-03 00:49:59:387563][restartedMain] INFO  back.code.ModuBackApplication - Starting ModuBackApplication using Java 21.0.7 with PID 12216 (C:\modu_project\modu_back\build\classes\java\main started by sm002 in C:\modu_project\modu_back)
[2025-11-03 00:49:59:387563][restartedMain] INFO  back.code.ModuBackApplication - No active profile set, falling back to 1 default profile: "default"
[2025-11-03 00:49:59:388178][restartedMain] INFO  o.s.d.r.c.RepositoryConfigurationDelegate - Bootstrapping Spring Data JPA repositories in DEFAULT mode.
[2025-11-03 00:49:59:388236][restartedMain] INFO  o.s.d.r.c.RepositoryConfigurationDelegate - Finished Spring Data repository scanning in 60 ms. Found 3 JPA repository interfaces.
[2025-11-03 00:50:00:388557][restartedMain] INFO  o.s.b.w.e.tomcat.TomcatWebServer - Tomcat initialized with port 9090 (http)
[2025-11-03 00:50:00:388560][restartedMain] INFO  o.a.coyote.http11.Http11NioProtocol - Initializing ProtocolHandler ["http-nio-9090"]
[2025-11-03 00:50:00:388560][restartedMain] INFO  o.a.catalina.core.StandardService - Starting service [Tomcat]
[2025-11-03 00:50:00:388560][restartedMain] INFO  o.a.catalina.core.StandardEngine - Starting Servlet engine: [Apache Tomcat/10.1.48]
[2025-11-03 00:50:00:388634][restartedMain] INFO  o.a.c.c.C.[Tomcat].[localhost].[/] - Initializing Spring embedded WebApplicationContext
[2025-11-03 00:50:00:388634][restartedMain] INFO  o.s.b.w.s.c.ServletWebServerApplicationContext - Root WebApplicationContext: initialization completed in 1070 ms
[2025-11-03 00:50:00:388745][restartedMain] INFO  o.h.jpa.internal.util.LogHelper - HHH000204: Processing PersistenceUnitInfo [name: default]
[2025-11-03 00:50:00:388750][restartedMain] INFO  o.h.c.i.RegionFactoryInitiator - HHH000026: Second-level cache disabled
[2025-11-03 00:50:00:388771][restartedMain] INFO  o.s.o.j.p.SpringPersistenceUnitInfo - No LoadTimeWeaver setup: ignoring JPA class transformer
[2025-11-03 00:50:00:388772][restartedMain] INFO  com.zaxxer.hikari.HikariDataSource - HikariPool-2 - Starting...
[2025-11-03 00:50:00:388780][restartedMain] INFO  com.zaxxer.hikari.pool.HikariPool - HikariPool-2 - Added connection org.mariadb.jdbc.Connection@3a809088
[2025-11-03 00:50:00:388780][restartedMain] INFO  com.zaxxer.hikari.HikariDataSource - HikariPool-2 - Start completed.
[2025-11-03 00:50:00:388780][restartedMain] WARN  org.hibernate.orm.deprecation - HHH90000025: MariaDBDialect does not need to be specified explicitly using 'hibernate.dialect' (remove the property setting and it will be selected by default)
[2025-11-03 00:50:00:388783][restartedMain] INFO  o.hibernate.orm.connections.pooling - HHH10001005: Database info:
	Database JDBC URL [Connecting through datasource 'p6SpyDataSourceDecorator [com.p6spy.engine.spy.P6DataSource] -> dataSource [com.zaxxer.hikari.HikariDataSource]']
	Database driver: undefined/unknown
	Database version: 11.8.2
	Autocommit mode: undefined/unknown
	Isolation level: undefined/unknown
	Minimum pool size: undefined/unknown
	Maximum pool size: undefined/unknown
[2025-11-03 00:50:00:388784][restartedMain] DEBUG o.h.t.d.sql.spi.DdlTypeRegistry - addDescriptor(12, org.hibernate.type.descriptor.sql.internal.CapacityDependentDdlType@c41f226) replaced previous registration(org.hibernate.type.descriptor.sql.internal.CapacityDependentDdlType@48ef7e59)
[2025-11-03 00:50:00:388784][restartedMain] DEBUG o.h.t.d.sql.spi.DdlTypeRegistry - addDescriptor(-9, org.hibernate.type.descriptor.sql.internal.CapacityDependentDdlType@13a1434f) replaced previous registration(org.hibernate.type.descriptor.sql.internal.CapacityDependentDdlType@52af4081)
[2025-11-03 00:50:00:388784][restartedMain] DEBUG o.h.t.d.sql.spi.DdlTypeRegistry - addDescriptor(-3, org.hibernate.type.descriptor.sql.internal.CapacityDependentDdlType@51fc5830) replaced previous registration(org.hibernate.type.descriptor.sql.internal.CapacityDependentDdlType@62d2e9e0)
[2025-11-03 00:50:00:388784][restartedMain] DEBUG o.h.t.d.sql.spi.DdlTypeRegistry - addDescriptor(4003, org.hibernate.type.descriptor.sql.internal.DdlTypeImpl@7b7075ce) replaced previous registration(org.hibernate.type.descriptor.sql.internal.DdlTypeImpl@53f38969)
[2025-11-03 00:50:00:388784][restartedMain] DEBUG o.h.t.d.sql.spi.DdlTypeRegistry - addDescriptor(4001, org.hibernate.type.descriptor.sql.internal.DdlTypeImpl@60fd76ff) replaced previous registration(org.hibernate.type.descriptor.sql.internal.DdlTypeImpl@15151ee9)
[2025-11-03 00:50:00:388784][restartedMain] DEBUG o.h.t.d.sql.spi.DdlTypeRegistry - addDescriptor(4002, org.hibernate.type.descriptor.sql.internal.DdlTypeImpl@6db3d780) replaced previous registration(org.hibernate.type.descriptor.sql.internal.DdlTypeImpl@2244b39e)
[2025-11-03 00:50:00:388784][restartedMain] DEBUG o.h.t.d.sql.spi.DdlTypeRegistry - addDescriptor(2004, org.hibernate.type.descriptor.sql.internal.CapacityDependentDdlType@290563a7) replaced previous registration(org.hibernate.type.descriptor.sql.internal.DdlTypeImpl@14dac238)
[2025-11-03 00:50:00:388784][restartedMain] DEBUG o.h.t.d.sql.spi.DdlTypeRegistry - addDescriptor(2005, org.hibernate.type.descriptor.sql.internal.CapacityDependentDdlType@67a608f4) replaced previous registration(org.hibernate.type.descriptor.sql.internal.DdlTypeImpl@60f98fdd)
[2025-11-03 00:50:00:388784][restartedMain] DEBUG o.h.t.d.sql.spi.DdlTypeRegistry - addDescriptor(2011, org.hibernate.type.descriptor.sql.internal.CapacityDependentDdlType@6263c03e) replaced previous registration(org.hibernate.type.descriptor.sql.internal.DdlTypeImpl@20ea1548)
[2025-11-03 00:50:00:388947][restartedMain] INFO  o.h.e.t.j.p.i.JtaPlatformInitiator - HHH000489: No JTA platform available (set 'hibernate.transaction.jta.platform' to enable JTA platform integration)
[2025-11-03 00:50:00:388949][restartedMain] INFO  p6spy - #1762098600663 | took 1ms | statement | connection 6| url jdbc:mariadb://localhost/modu?user=root&password=***&prepStmtCacheSqlLimit=2048&useServerPrepStmts=true
select table_name from information_schema.TABLES where table_schema=database() and table_type='SEQUENCE'
select table_name from information_schema.TABLES where table_schema=database() and table_type='SEQUENCE';
[2025-11-03 00:50:00:388985][restartedMain] INFO  o.s.o.j.LocalContainerEntityManagerFactoryBean - Initialized JPA EntityManagerFactory for persistence unit 'default'
[2025-11-03 00:50:01:389510][restartedMain] INFO  o.s.s.c.a.a.c.InitializeAuthenticationProviderBeanManagerConfigurer$InitializeAuthenticationProviderManagerConfigurer - Global AuthenticationManager configured with AuthenticationProvider bean with name authProvider
[2025-11-03 00:50:01:389512][restartedMain] WARN  o.s.s.c.a.a.c.InitializeUserDetailsBeanManagerConfigurer$InitializeUserDetailsManagerConfigurer - Global AuthenticationManager configured with an AuthenticationProvider bean. UserDetailsService beans will not be used by Spring Security for automatically configuring username/password login. Consider removing the AuthenticationProvider bean. Alternatively, consider using the UserDetailsService in a manually instantiated DaoAuthenticationProvider. If the current configuration is intentional, to turn off this warning, increase the logging level of 'org.springframework.security.config.annotation.authentication.configuration.InitializeUserDetailsBeanManagerConfigurer' to ERROR
[2025-11-03 00:50:01:389585][restartedMain] WARN  o.s.s.c.a.web.builders.WebSecurity - You are asking Spring Security to ignore Deferred [Mvc [pattern='/static/imgs/**'], Ant [pattern='/static/imgs/**']]. This is not recommended -- please use permitAll via HttpSecurity#authorizeHttpRequests instead.
[2025-11-03 00:50:01:389585][restartedMain] WARN  o.s.s.c.a.web.builders.WebSecurity - You are asking Spring Security to ignore org.springframework.boot.autoconfigure.security.servlet.StaticResourceRequest$StaticResourceRequestMatcher@60a377e3. This is not recommended -- please use permitAll via HttpSecurity#authorizeHttpRequests instead.
[2025-11-03 00:50:01:389865][restartedMain] INFO  o.s.b.d.a.OptionalLiveReloadServer - LiveReload server is running on port 35729
[2025-11-03 00:50:01:389880][restartedMain] INFO  o.a.coyote.http11.Http11NioProtocol - Starting ProtocolHandler ["http-nio-9090"]
[2025-11-03 00:50:01:389890][restartedMain] INFO  o.s.b.w.e.tomcat.TomcatWebServer - Tomcat started on port 9090 (http) with context path '/'
[2025-11-03 00:50:01:389899][restartedMain] INFO  back.code.ModuBackApplication - Started ModuBackApplication in 2.448 seconds (process running for 390.823)
[2025-11-03 00:50:01:389905][restartedMain] INFO  o.s.b.d.a.ConditionEvaluationDeltaLoggingListener - Condition evaluation unchanged
[2025-11-03 00:50:03:391323][File Watcher] INFO  o.s.b.d.a.LocalDevToolsAutoConfiguration$RestartingClassPathChangeChangedEventListener - Restarting due to 2 class path changes (2 additions, 0 deletions, 0 modifications)
[2025-11-03 00:50:03:391325][Thread-13] INFO  o.s.b.w.e.tomcat.GracefulShutdown - Commencing graceful shutdown. Waiting for active requests to complete
[2025-11-03 00:50:03:391325][tomcat-shutdown] INFO  o.a.coyote.http11.Http11NioProtocol - Pausing ProtocolHandler ["http-nio-9090"]
[2025-11-03 00:50:03:391329][tomcat-shutdown] INFO  o.s.b.w.e.tomcat.GracefulShutdown - Graceful shutdown complete
[2025-11-03 00:50:03:391329][Thread-13] INFO  o.a.coyote.http11.Http11NioProtocol - Stopping ProtocolHandler ["http-nio-9090"]
[2025-11-03 00:50:03:391337][Thread-13] INFO  o.s.o.j.LocalContainerEntityManagerFactoryBean - Closing JPA EntityManagerFactory for persistence unit 'default'
[2025-11-03 00:50:03:391337][Thread-13] INFO  com.zaxxer.hikari.HikariDataSource - HikariPool-2 - Shutdown initiated...
[2025-11-03 00:50:03:391345][Thread-13] INFO  com.zaxxer.hikari.HikariDataSource - HikariPool-2 - Shutdown completed.
[2025-11-03 00:50:03:391492][restartedMain] INFO  back.code.ModuBackApplication - Starting ModuBackApplication using Java 21.0.7 with PID 12216 (C:\modu_project\modu_back\build\classes\java\main started by sm002 in C:\modu_project\modu_back)
[2025-11-03 00:50:03:391492][restartedMain] INFO  back.code.ModuBackApplication - No active profile set, falling back to 1 default profile: "default"
[2025-11-03 00:50:03:391950][restartedMain] INFO  o.s.d.r.c.RepositoryConfigurationDelegate - Bootstrapping Spring Data JPA repositories in DEFAULT mode.
[2025-11-03 00:50:03:391995][restartedMain] INFO  o.s.d.r.c.RepositoryConfigurationDelegate - Finished Spring Data repository scanning in 43 ms. Found 3 JPA repository interfaces.
[2025-11-03 00:50:03:392226][restartedMain] INFO  o.s.b.w.e.tomcat.TomcatWebServer - Tomcat initialized with port 9090 (http)
[2025-11-03 00:50:03:392228][restartedMain] INFO  o.a.coyote.http11.Http11NioProtocol - Initializing ProtocolHandler ["http-nio-9090"]
[2025-11-03 00:50:03:392228][restartedMain] INFO  o.a.catalina.core.StandardService - Starting service [Tomcat]
[2025-11-03 00:50:03:392229][restartedMain] INFO  o.a.catalina.core.StandardEngine - Starting Servlet engine: [Apache Tomcat/10.1.48]
[2025-11-03 00:50:04:392327][restartedMain] INFO  o.a.c.c.C.[Tomcat].[localhost].[/] - Initializing Spring embedded WebApplicationContext
[2025-11-03 00:50:04:392328][restartedMain] INFO  o.s.b.w.s.c.ServletWebServerApplicationContext - Root WebApplicationContext: initialization completed in 833 ms
[2025-11-03 00:50:04:392416][restartedMain] INFO  o.h.jpa.internal.util.LogHelper - HHH000204: Processing PersistenceUnitInfo [name: default]
[2025-11-03 00:50:04:392421][restartedMain] INFO  o.h.c.i.RegionFactoryInitiator - HHH000026: Second-level cache disabled
[2025-11-03 00:50:04:392432][restartedMain] INFO  o.s.o.j.p.SpringPersistenceUnitInfo - No LoadTimeWeaver setup: ignoring JPA class transformer
[2025-11-03 00:50:04:392433][restartedMain] INFO  com.zaxxer.hikari.HikariDataSource - HikariPool-3 - Starting...
[2025-11-03 00:50:04:392438][restartedMain] INFO  com.zaxxer.hikari.pool.HikariPool - HikariPool-3 - Added connection org.mariadb.jdbc.Connection@7b3b060e
[2025-11-03 00:50:04:392438][restartedMain] INFO  com.zaxxer.hikari.HikariDataSource - HikariPool-3 - Start completed.
[2025-11-03 00:50:04:392439][restartedMain] WARN  org.hibernate.orm.deprecation - HHH90000025: MariaDBDialect does not need to be specified explicitly using 'hibernate.dialect' (remove the property setting and it will be selected by default)
[2025-11-03 00:50:04:392440][restartedMain] INFO  o.hibernate.orm.connections.pooling - HHH10001005: Database info:
	Database JDBC URL [Connecting through datasource 'p6SpyDataSourceDecorator [com.p6spy.engine.spy.P6DataSource] -> dataSource [com.zaxxer.hikari.HikariDataSource]']
	Database driver: undefined/unknown
	Database version: 11.8.2
	Autocommit mode: undefined/unknown
	Isolation level: undefined/unknown
	Minimum pool size: undefined/unknown
	Maximum pool size: undefined/unknown
[2025-11-03 00:50:04:392441][restartedMain] DEBUG o.h.t.d.sql.spi.DdlTypeRegistry - addDescriptor(12, org.hibernate.type.descriptor.sql.internal.CapacityDependentDdlType@7f007376) replaced previous registration(org.hibernate.type.descriptor.sql.internal.CapacityDependentDdlType@5ebd2ff6)
[2025-11-03 00:50:04:392441][restartedMain] DEBUG o.h.t.d.sql.spi.DdlTypeRegistry - addDescriptor(-9, org.hibernate.type.descriptor.sql.internal.CapacityDependentDdlType@61bd284b) replaced previous registration(org.hibernate.type.descriptor.sql.internal.CapacityDependentDdlType@3e0aa03d)
[2025-11-03 00:50:04:392441][restartedMain] DEBUG o.h.t.d.sql.spi.DdlTypeRegistry - addDescriptor(-3, org.hibernate.type.descriptor.sql.internal.CapacityDependentDdlType@426dff49) replaced previous registration(org.hibernate.type.descriptor.sql.internal.CapacityDependentDdlType@7598ba6d)
[2025-11-03 00:50:04:392441][restartedMain] DEBUG o.h.t.d.sql.spi.DdlTypeRegistry - addDescriptor(4003, org.hibernate.type.descriptor.sql.internal.DdlTypeImpl@7d6f2be5) replaced previous registration(org.hibernate.type.descriptor.sql.internal.DdlTypeImpl@160f773d)
[2025-11-03 00:50:04:392441][restartedMain] DEBUG o.h.t.d.sql.spi.DdlTypeRegistry - addDescriptor(4001, org.hibernate.type.descriptor.sql.internal.DdlTypeImpl@3b354502) replaced previous registration(org.hibernate.type.descriptor.sql.internal.DdlTypeImpl@b4edbdb)
[2025-11-03 00:50:04:392441][restartedMain] DEBUG o.h.t.d.sql.spi.DdlTypeRegistry - addDescriptor(4002, org.hibernate.type.descriptor.sql.internal.DdlTypeImpl@ffae954) replaced previous registration(org.hibernate.type.descriptor.sql.internal.DdlTypeImpl@62a1d109)
[2025-11-03 00:50:04:392441][restartedMain] DEBUG o.h.t.d.sql.spi.DdlTypeRegistry - addDescriptor(2004, org.hibernate.type.descriptor.sql.internal.CapacityDependentDdlType@732d950a) replaced previous registration(org.hibernate.type.descriptor.sql.internal.DdlTypeImpl@ec018b7)
[2025-11-03 00:50:04:392441][restartedMain] DEBUG o.h.t.d.sql.spi.DdlTypeRegistry - addDescriptor(2005, org.hibernate.type.descriptor.sql.internal.CapacityDependentDdlType@5628f072) replaced previous registration(org.hibernate.type.descriptor.sql.internal.DdlTypeImpl@3a6d5a27)
[2025-11-03 00:50:04:392441][restartedMain] DEBUG o.h.t.d.sql.spi.DdlTypeRegistry - addDescriptor(2011, org.hibernate.type.descriptor.sql.internal.CapacityDependentDdlType@25770da5) replaced previous registration(org.hibernate.type.descriptor.sql.internal.DdlTypeImpl@2bfcac1c)
[2025-11-03 00:50:04:392545][restartedMain] INFO  o.h.e.t.j.p.i.JtaPlatformInitiator - HHH000489: No JTA platform available (set 'hibernate.transaction.jta.platform' to enable JTA platform integration)
[2025-11-03 00:50:04:392546][restartedMain] INFO  p6spy - #1762098604260 | took 1ms | statement | connection 8| url jdbc:mariadb://localhost/modu?user=root&password=***&prepStmtCacheSqlLimit=2048&useServerPrepStmts=true
select table_name from information_schema.TABLES where table_schema=database() and table_type='SEQUENCE'
select table_name from information_schema.TABLES where table_schema=database() and table_type='SEQUENCE';
[2025-11-03 00:50:04:392581][restartedMain] INFO  o.s.o.j.LocalContainerEntityManagerFactoryBean - Initialized JPA EntityManagerFactory for persistence unit 'default'
[2025-11-03 00:50:04:392991][restartedMain] INFO  o.s.s.c.a.a.c.InitializeAuthenticationProviderBeanManagerConfigurer$InitializeAuthenticationProviderManagerConfigurer - Global AuthenticationManager configured with AuthenticationProvider bean with name authProvider
[2025-11-03 00:50:04:392991][restartedMain] WARN  o.s.s.c.a.a.c.InitializeUserDetailsBeanManagerConfigurer$InitializeUserDetailsManagerConfigurer - Global AuthenticationManager configured with an AuthenticationProvider bean. UserDetailsService beans will not be used by Spring Security for automatically configuring username/password login. Consider removing the AuthenticationProvider bean. Alternatively, consider using the UserDetailsService in a manually instantiated DaoAuthenticationProvider. If the current configuration is intentional, to turn off this warning, increase the logging level of 'org.springframework.security.config.annotation.authentication.configuration.InitializeUserDetailsBeanManagerConfigurer' to ERROR
[2025-11-03 00:50:04:393036][restartedMain] WARN  o.s.s.c.a.web.builders.WebSecurity - You are asking Spring Security to ignore Deferred [Mvc [pattern='/static/imgs/**'], Ant [pattern='/static/imgs/**']]. This is not recommended -- please use permitAll via HttpSecurity#authorizeHttpRequests instead.
[2025-11-03 00:50:04:393036][restartedMain] WARN  o.s.s.c.a.web.builders.WebSecurity - You are asking Spring Security to ignore org.springframework.boot.autoconfigure.security.servlet.StaticResourceRequest$StaticResourceRequestMatcher@3eaf6502. This is not recommended -- please use permitAll via HttpSecurity#authorizeHttpRequests instead.
[2025-11-03 00:50:04:393205][restartedMain] INFO  o.s.b.d.a.OptionalLiveReloadServer - LiveReload server is running on port 35729
[2025-11-03 00:50:04:393222][restartedMain] INFO  o.a.coyote.http11.Http11NioProtocol - Starting ProtocolHandler ["http-nio-9090"]
[2025-11-03 00:50:04:393227][restartedMain] INFO  o.s.b.w.e.tomcat.TomcatWebServer - Tomcat started on port 9090 (http) with context path '/'
[2025-11-03 00:50:04:393232][restartedMain] INFO  back.code.ModuBackApplication - Started ModuBackApplication in 1.805 seconds (process running for 394.157)
[2025-11-03 00:50:04:393234][restartedMain] INFO  o.s.b.d.a.ConditionEvaluationDeltaLoggingListener - Condition evaluation unchanged
[2025-11-03 00:50:57:445347][File Watcher] INFO  o.s.b.d.a.LocalDevToolsAutoConfiguration$RestartingClassPathChangeChangedEventListener - Restarting due to 2 class path changes (0 additions, 2 deletions, 0 modifications)
[2025-11-03 00:50:57:445349][Thread-20] INFO  o.s.b.w.e.tomcat.GracefulShutdown - Commencing graceful shutdown. Waiting for active requests to complete
[2025-11-03 00:50:57:445349][tomcat-shutdown] INFO  o.a.coyote.http11.Http11NioProtocol - Pausing ProtocolHandler ["http-nio-9090"]
[2025-11-03 00:50:57:445360][tomcat-shutdown] INFO  o.s.b.w.e.tomcat.GracefulShutdown - Graceful shutdown complete
[2025-11-03 00:50:57:445360][Thread-20] INFO  o.a.coyote.http11.Http11NioProtocol - Stopping ProtocolHandler ["http-nio-9090"]
[2025-11-03 00:50:57:445364][Thread-20] INFO  o.s.o.j.LocalContainerEntityManagerFactoryBean - Closing JPA EntityManagerFactory for persistence unit 'default'
[2025-11-03 00:50:57:445364][Thread-20] INFO  com.zaxxer.hikari.HikariDataSource - HikariPool-3 - Shutdown initiated...
[2025-11-03 00:50:57:445372][Thread-20] INFO  com.zaxxer.hikari.HikariDataSource - HikariPool-3 - Shutdown completed.
[2025-11-03 00:50:57:445504][restartedMain] INFO  back.code.ModuBackApplication - Starting ModuBackApplication using Java 21.0.7 with PID 12216 (C:\modu_project\modu_back\build\classes\java\main started by sm002 in C:\modu_project\modu_back)
[2025-11-03 00:50:57:445504][restartedMain] INFO  back.code.ModuBackApplication - No active profile set, falling back to 1 default profile: "default"
[2025-11-03 00:50:57:445986][restartedMain] INFO  o.s.d.r.c.RepositoryConfigurationDelegate - Bootstrapping Spring Data JPA repositories in DEFAULT mode.
[2025-11-03 00:50:57:446032][restartedMain] INFO  o.s.d.r.c.RepositoryConfigurationDelegate - Finished Spring Data repository scanning in 45 ms. Found 3 JPA repository interfaces.
[2025-11-03 00:50:57:446267][restartedMain] INFO  o.s.b.w.e.tomcat.TomcatWebServer - Tomcat initialized with port 9090 (http)
[2025-11-03 00:50:57:446267][restartedMain] INFO  o.a.coyote.http11.Http11NioProtocol - Initializing ProtocolHandler ["http-nio-9090"]
[2025-11-03 00:50:57:446267][restartedMain] INFO  o.a.catalina.core.StandardService - Starting service [Tomcat]
[2025-11-03 00:50:57:446267][restartedMain] INFO  o.a.catalina.core.StandardEngine - Starting Servlet engine: [Apache Tomcat/10.1.48]
[2025-11-03 00:50:58:446366][restartedMain] INFO  o.a.c.c.C.[Tomcat].[localhost].[/] - Initializing Spring embedded WebApplicationContext
[2025-11-03 00:50:58:446366][restartedMain] INFO  o.s.b.w.s.c.ServletWebServerApplicationContext - Root WebApplicationContext: initialization completed in 859 ms
[2025-11-03 00:50:58:446487][restartedMain] INFO  o.h.jpa.internal.util.LogHelper - HHH000204: Processing PersistenceUnitInfo [name: default]
[2025-11-03 00:50:58:446495][restartedMain] INFO  o.h.c.i.RegionFactoryInitiator - HHH000026: Second-level cache disabled
[2025-11-03 00:50:58:446508][restartedMain] INFO  o.s.o.j.p.SpringPersistenceUnitInfo - No LoadTimeWeaver setup: ignoring JPA class transformer
[2025-11-03 00:50:58:446508][restartedMain] INFO  com.zaxxer.hikari.HikariDataSource - HikariPool-4 - Starting...
[2025-11-03 00:50:58:446514][restartedMain] INFO  com.zaxxer.hikari.pool.HikariPool - HikariPool-4 - Added connection org.mariadb.jdbc.Connection@6ef54706
[2025-11-03 00:50:58:446514][restartedMain] INFO  com.zaxxer.hikari.HikariDataSource - HikariPool-4 - Start completed.
[2025-11-03 00:50:58:446515][restartedMain] WARN  org.hibernate.orm.deprecation - HHH90000025: MariaDBDialect does not need to be specified explicitly using 'hibernate.dialect' (remove the property setting and it will be selected by default)
[2025-11-03 00:50:58:446515][restartedMain] INFO  o.hibernate.orm.connections.pooling - HHH10001005: Database info:
	Database JDBC URL [Connecting through datasource 'p6SpyDataSourceDecorator [com.p6spy.engine.spy.P6DataSource] -> dataSource [com.zaxxer.hikari.HikariDataSource]']
	Database driver: undefined/unknown
	Database version: 11.8.2
	Autocommit mode: undefined/unknown
	Isolation level: undefined/unknown
	Minimum pool size: undefined/unknown
	Maximum pool size: undefined/unknown
[2025-11-03 00:50:58:446515][restartedMain] DEBUG o.h.t.d.sql.spi.DdlTypeRegistry - addDescriptor(12, org.hibernate.type.descriptor.sql.internal.CapacityDependentDdlType@3e4c5a6) replaced previous registration(org.hibernate.type.descriptor.sql.internal.CapacityDependentDdlType@6e99ccd3)
[2025-11-03 00:50:58:446515][restartedMain] DEBUG o.h.t.d.sql.spi.DdlTypeRegistry - addDescriptor(-9, org.hibernate.type.descriptor.sql.internal.CapacityDependentDdlType@1c1dd844) replaced previous registration(org.hibernate.type.descriptor.sql.internal.CapacityDependentDdlType@67456c70)
[2025-11-03 00:50:58:446515][restartedMain] DEBUG o.h.t.d.sql.spi.DdlTypeRegistry - addDescriptor(-3, org.hibernate.type.descriptor.sql.internal.CapacityDependentDdlType@42a94ccb) replaced previous registration(org.hibernate.type.descriptor.sql.internal.CapacityDependentDdlType@6276ff19)
[2025-11-03 00:50:58:446515][restartedMain] DEBUG o.h.t.d.sql.spi.DdlTypeRegistry - addDescriptor(4003, org.hibernate.type.descriptor.sql.internal.DdlTypeImpl@105bc4eb) replaced previous registration(org.hibernate.type.descriptor.sql.internal.DdlTypeImpl@5cb10c7c)
[2025-11-03 00:50:58:446515][restartedMain] DEBUG o.h.t.d.sql.spi.DdlTypeRegistry - addDescriptor(4001, org.hibernate.type.descriptor.sql.internal.DdlTypeImpl@54f6cc35) replaced previous registration(org.hibernate.type.descriptor.sql.internal.DdlTypeImpl@12d7f85)
[2025-11-03 00:50:58:446515][restartedMain] DEBUG o.h.t.d.sql.spi.DdlTypeRegistry - addDescriptor(4002, org.hibernate.type.descriptor.sql.internal.DdlTypeImpl@4f9f9fd7) replaced previous registration(org.hibernate.type.descriptor.sql.internal.DdlTypeImpl@1b19b8b4)
[2025-11-03 00:50:58:446515][restartedMain] DEBUG o.h.t.d.sql.spi.DdlTypeRegistry - addDescriptor(2004, org.hibernate.type.descriptor.sql.internal.CapacityDependentDdlType@796c5886) replaced previous registration(org.hibernate.type.descriptor.sql.internal.DdlTypeImpl@13d7d179)
[2025-11-03 00:50:58:446515][restartedMain] DEBUG o.h.t.d.sql.spi.DdlTypeRegistry - addDescriptor(2005, org.hibernate.type.descriptor.sql.internal.CapacityDependentDdlType@208595f3) replaced previous registration(org.hibernate.type.descriptor.sql.internal.DdlTypeImpl@760f554f)
[2025-11-03 00:50:58:446515][restartedMain] DEBUG o.h.t.d.sql.spi.DdlTypeRegistry - addDescriptor(2011, org.hibernate.type.descriptor.sql.internal.CapacityDependentDdlType@6dbc9b60) replaced previous registration(org.hibernate.type.descriptor.sql.internal.DdlTypeImpl@404dd3b7)
[2025-11-03 00:50:58:446628][restartedMain] INFO  o.h.e.t.j.p.i.JtaPlatformInitiator - HHH000489: No JTA platform available (set 'hibernate.transaction.jta.platform' to enable JTA platform integration)
[2025-11-03 00:50:58:446628][restartedMain] INFO  p6spy - #1762098658342 | took 1ms | statement | connection 10| url jdbc:mariadb://localhost/modu?user=root&password=***&prepStmtCacheSqlLimit=2048&useServerPrepStmts=true
select table_name from information_schema.TABLES where table_schema=database() and table_type='SEQUENCE'
select table_name from information_schema.TABLES where table_schema=database() and table_type='SEQUENCE';
[2025-11-03 00:50:58:446653][restartedMain] INFO  o.s.o.j.LocalContainerEntityManagerFactoryBean - Initialized JPA EntityManagerFactory for persistence unit 'default'
[2025-11-03 00:50:58:447021][restartedMain] INFO  o.s.s.c.a.a.c.InitializeUserDetailsBeanManagerConfigurer$InitializeUserDetailsManagerConfigurer - Global AuthenticationManager configured with UserDetailsService bean with name secureUserDetailService
[2025-11-03 00:50:58:447108][restartedMain] INFO  o.s.b.d.a.OptionalLiveReloadServer - LiveReload server is running on port 35729
[2025-11-03 00:50:58:447126][restartedMain] INFO  o.a.coyote.http11.Http11NioProtocol - Starting ProtocolHandler ["http-nio-9090"]
[2025-11-03 00:50:58:447131][restartedMain] INFO  o.s.b.w.e.tomcat.TomcatWebServer - Tomcat started on port 9090 (http) with context path '/'
[2025-11-03 00:50:58:447137][restartedMain] INFO  back.code.ModuBackApplication - Started ModuBackApplication in 1.697 seconds (process running for 448.062)
[2025-11-03 00:50:58:447142][restartedMain] INFO  o.s.b.d.a.ConditionEvaluationDeltaLoggingListener - Condition evaluation delta:


==========================
CONDITION EVALUATION DELTA
==========================


Positive matches:
-----------------

   SpringBootWebSecurityConfiguration.SecurityFilterChainConfiguration matched:
      - AllNestedConditions 2 matched 0 did not; NestedCondition on DefaultWebSecurityCondition.Beans @ConditionalOnMissingBean (types: org.springframework.security.web.SecurityFilterChain; SearchStrategy: all) did not find any beans; NestedCondition on DefaultWebSecurityCondition.Classes @ConditionalOnClass found required classes 'org.springframework.security.web.SecurityFilterChain', 'org.springframework.security.config.annotation.web.builders.HttpSecurity' (DefaultWebSecurityCondition)

   SpringBootWebSecurityConfiguration.WebSecurityEnablerConfiguration matched:
      - @ConditionalOnClass found required class 'org.springframework.security.config.annotation.web.configuration.EnableWebSecurity' (OnClassCondition)
      - @ConditionalOnMissingBean (names: springSecurityFilterChain; SearchStrategy: all) did not find any beans (OnBeanCondition)


Negative matches:
-----------------

    None


Exclusions:
-----------

    None


Unconditional classes:
----------------------

    None



[2025-11-03 00:51:00:448737][File Watcher] INFO  o.s.b.d.a.LocalDevToolsAutoConfiguration$RestartingClassPathChangeChangedEventListener - Restarting due to 2 class path changes (2 additions, 0 deletions, 0 modifications)
[2025-11-03 00:51:00:448739][Thread-27] INFO  o.s.b.w.e.tomcat.GracefulShutdown - Commencing graceful shutdown. Waiting for active requests to complete
[2025-11-03 00:51:00:448740][tomcat-shutdown] INFO  o.a.coyote.http11.Http11NioProtocol - Pausing ProtocolHandler ["http-nio-9090"]
[2025-11-03 00:51:00:448747][tomcat-shutdown] INFO  o.s.b.w.e.tomcat.GracefulShutdown - Graceful shutdown complete
[2025-11-03 00:51:00:448747][Thread-27] INFO  o.a.coyote.http11.Http11NioProtocol - Stopping ProtocolHandler ["http-nio-9090"]
[2025-11-03 00:51:00:448750][Thread-27] INFO  o.s.o.j.LocalContainerEntityManagerFactoryBean - Closing JPA EntityManagerFactory for persistence unit 'default'
[2025-11-03 00:51:00:448751][Thread-27] INFO  com.zaxxer.hikari.HikariDataSource - HikariPool-4 - Shutdown initiated...
[2025-11-03 00:51:00:448756][Thread-27] INFO  com.zaxxer.hikari.HikariDataSource - HikariPool-4 - Shutdown completed.
[2025-11-03 00:51:00:448878][restartedMain] INFO  back.code.ModuBackApplication - Starting ModuBackApplication using Java 21.0.7 with PID 12216 (C:\modu_project\modu_back\build\classes\java\main started by sm002 in C:\modu_project\modu_back)
[2025-11-03 00:51:00:448878][restartedMain] INFO  back.code.ModuBackApplication - No active profile set, falling back to 1 default profile: "default"
[2025-11-03 00:51:00:449262][restartedMain] INFO  o.s.d.r.c.RepositoryConfigurationDelegate - Bootstrapping Spring Data JPA repositories in DEFAULT mode.
[2025-11-03 00:51:01:449304][restartedMain] INFO  o.s.d.r.c.RepositoryConfigurationDelegate - Finished Spring Data repository scanning in 40 ms. Found 3 JPA repository interfaces.
[2025-11-03 00:51:01:449467][restartedMain] INFO  o.s.b.w.e.tomcat.TomcatWebServer - Tomcat initialized with port 9090 (http)
[2025-11-03 00:51:01:449469][restartedMain] INFO  o.a.coyote.http11.Http11NioProtocol - Initializing ProtocolHandler ["http-nio-9090"]
[2025-11-03 00:51:01:449469][restartedMain] INFO  o.a.catalina.core.StandardService - Starting service [Tomcat]
[2025-11-03 00:51:01:449469][restartedMain] INFO  o.a.catalina.core.StandardEngine - Starting Servlet engine: [Apache Tomcat/10.1.48]
[2025-11-03 00:51:01:449527][restartedMain] INFO  o.a.c.c.C.[Tomcat].[localhost].[/] - Initializing Spring embedded WebApplicationContext
[2025-11-03 00:51:01:449527][restartedMain] INFO  o.s.b.w.s.c.ServletWebServerApplicationContext - Root WebApplicationContext: initialization completed in 647 ms
[2025-11-03 00:51:01:449599][restartedMain] INFO  o.h.jpa.internal.util.LogHelper - HHH000204: Processing PersistenceUnitInfo [name: default]
[2025-11-03 00:51:01:449608][restartedMain] INFO  o.h.c.i.RegionFactoryInitiator - HHH000026: Second-level cache disabled
[2025-11-03 00:51:01:449615][restartedMain] INFO  o.s.o.j.p.SpringPersistenceUnitInfo - No LoadTimeWeaver setup: ignoring JPA class transformer
[2025-11-03 00:51:01:449615][restartedMain] INFO  com.zaxxer.hikari.HikariDataSource - HikariPool-5 - Starting...
[2025-11-03 00:51:01:449623][restartedMain] INFO  com.zaxxer.hikari.pool.HikariPool - HikariPool-5 - Added connection org.mariadb.jdbc.Connection@1b6175f
[2025-11-03 00:51:01:449623][restartedMain] INFO  com.zaxxer.hikari.HikariDataSource - HikariPool-5 - Start completed.
[2025-11-03 00:51:01:449627][restartedMain] WARN  org.hibernate.orm.deprecation - HHH90000025: MariaDBDialect does not need to be specified explicitly using 'hibernate.dialect' (remove the property setting and it will be selected by default)
[2025-11-03 00:51:01:449627][restartedMain] INFO  o.hibernate.orm.connections.pooling - HHH10001005: Database info:
	Database JDBC URL [Connecting through datasource 'p6SpyDataSourceDecorator [com.p6spy.engine.spy.P6DataSource] -> dataSource [com.zaxxer.hikari.HikariDataSource]']
	Database driver: undefined/unknown
	Database version: 11.8.2
	Autocommit mode: undefined/unknown
	Isolation level: undefined/unknown
	Minimum pool size: undefined/unknown
	Maximum pool size: undefined/unknown
[2025-11-03 00:51:01:449627][restartedMain] DEBUG o.h.t.d.sql.spi.DdlTypeRegistry - addDescriptor(12, org.hibernate.type.descriptor.sql.internal.CapacityDependentDdlType@4c59cf0f) replaced previous registration(org.hibernate.type.descriptor.sql.internal.CapacityDependentDdlType@66f1418c)
[2025-11-03 00:51:01:449627][restartedMain] DEBUG o.h.t.d.sql.spi.DdlTypeRegistry - addDescriptor(-9, org.hibernate.type.descriptor.sql.internal.CapacityDependentDdlType@73fb52df) replaced previous registration(org.hibernate.type.descriptor.sql.internal.CapacityDependentDdlType@38652f70)
[2025-11-03 00:51:01:449627][restartedMain] DEBUG o.h.t.d.sql.spi.DdlTypeRegistry - addDescriptor(-3, org.hibernate.type.descriptor.sql.internal.CapacityDependentDdlType@3a46bec4) replaced previous registration(org.hibernate.type.descriptor.sql.internal.CapacityDependentDdlType@56576521)
[2025-11-03 00:51:01:449627][restartedMain] DEBUG o.h.t.d.sql.spi.DdlTypeRegistry - addDescriptor(4003, org.hibernate.type.descriptor.sql.internal.DdlTypeImpl@7f13b89e) replaced previous registration(org.hibernate.type.descriptor.sql.internal.DdlTypeImpl@6e1c16a3)
[2025-11-03 00:51:01:449627][restartedMain] DEBUG o.h.t.d.sql.spi.DdlTypeRegistry - addDescriptor(4001, org.hibernate.type.descriptor.sql.internal.DdlTypeImpl@61a3253a) replaced previous registration(org.hibernate.type.descriptor.sql.internal.DdlTypeImpl@cb02a42)
[2025-11-03 00:51:01:449627][restartedMain] DEBUG o.h.t.d.sql.spi.DdlTypeRegistry - addDescriptor(4002, org.hibernate.type.descriptor.sql.internal.DdlTypeImpl@6e05a402) replaced previous registration(org.hibernate.type.descriptor.sql.internal.DdlTypeImpl@60a21e6f)
[2025-11-03 00:51:01:449627][restartedMain] DEBUG o.h.t.d.sql.spi.DdlTypeRegistry - addDescriptor(2004, org.hibernate.type.descriptor.sql.internal.CapacityDependentDdlType@18d07db4) replaced previous registration(org.hibernate.type.descriptor.sql.internal.DdlTypeImpl@153fa6d6)
[2025-11-03 00:51:01:449627][restartedMain] DEBUG o.h.t.d.sql.spi.DdlTypeRegistry - addDescriptor(2005, org.hibernate.type.descriptor.sql.internal.CapacityDependentDdlType@56d935c7) replaced previous registration(org.hibernate.type.descriptor.sql.internal.DdlTypeImpl@26781815)
[2025-11-03 00:51:01:449627][restartedMain] DEBUG o.h.t.d.sql.spi.DdlTypeRegistry - addDescriptor(2011, org.hibernate.type.descriptor.sql.internal.CapacityDependentDdlType@3ddefcb3) replaced previous registration(org.hibernate.type.descriptor.sql.internal.DdlTypeImpl@553ff4c8)
[2025-11-03 00:51:01:449728][restartedMain] INFO  o.h.e.t.j.p.i.JtaPlatformInitiator - HHH000489: No JTA platform available (set 'hibernate.transaction.jta.platform' to enable JTA platform integration)
[2025-11-03 00:51:01:449728][restartedMain] INFO  p6spy - #1762098661442 | took 1ms | statement | connection 12| url jdbc:mariadb://localhost/modu?user=root&password=***&prepStmtCacheSqlLimit=2048&useServerPrepStmts=true
select table_name from information_schema.TABLES where table_schema=database() and table_type='SEQUENCE'
select table_name from information_schema.TABLES where table_schema=database() and table_type='SEQUENCE';
[2025-11-03 00:51:01:449769][restartedMain] INFO  o.s.o.j.LocalContainerEntityManagerFactoryBean - Initialized JPA EntityManagerFactory for persistence unit 'default'
[2025-11-03 00:51:01:450036][restartedMain] INFO  o.s.s.c.a.a.c.InitializeAuthenticationProviderBeanManagerConfigurer$InitializeAuthenticationProviderManagerConfigurer - Global AuthenticationManager configured with AuthenticationProvider bean with name authProvider
[2025-11-03 00:51:01:450036][restartedMain] WARN  o.s.s.c.a.a.c.InitializeUserDetailsBeanManagerConfigurer$InitializeUserDetailsManagerConfigurer - Global AuthenticationManager configured with an AuthenticationProvider bean. UserDetailsService beans will not be used by Spring Security for automatically configuring username/password login. Consider removing the AuthenticationProvider bean. Alternatively, consider using the UserDetailsService in a manually instantiated DaoAuthenticationProvider. If the current configuration is intentional, to turn off this warning, increase the logging level of 'org.springframework.security.config.annotation.authentication.configuration.InitializeUserDetailsBeanManagerConfigurer' to ERROR
[2025-11-03 00:51:01:450069][restartedMain] WARN  o.s.s.c.a.web.builders.WebSecurity - You are asking Spring Security to ignore Deferred [Mvc [pattern='/static/imgs/**'], Ant [pattern='/static/imgs/**']]. This is not recommended -- please use permitAll via HttpSecurity#authorizeHttpRequests instead.
[2025-11-03 00:51:01:450069][restartedMain] WARN  o.s.s.c.a.web.builders.WebSecurity - You are asking Spring Security to ignore org.springframework.boot.autoconfigure.security.servlet.StaticResourceRequest$StaticResourceRequestMatcher@7987558b. This is not recommended -- please use permitAll via HttpSecurity#authorizeHttpRequests instead.
[2025-11-03 00:51:01:450159][restartedMain] INFO  o.s.b.d.a.OptionalLiveReloadServer - LiveReload server is running on port 35729
[2025-11-03 00:51:01:450167][restartedMain] INFO  o.a.coyote.http11.Http11NioProtocol - Starting ProtocolHandler ["http-nio-9090"]
[2025-11-03 00:51:01:450173][restartedMain] INFO  o.s.b.w.e.tomcat.TomcatWebServer - Tomcat started on port 9090 (http) with context path '/'
[2025-11-03 00:51:01:450179][restartedMain] INFO  back.code.ModuBackApplication - Started ModuBackApplication in 1.362 seconds (process running for 451.105)
[2025-11-03 00:51:01:450179][restartedMain] INFO  o.s.b.d.a.ConditionEvaluationDeltaLoggingListener - Condition evaluation delta:


==========================
CONDITION EVALUATION DELTA
==========================


Positive matches:
-----------------

    None


Negative matches:
-----------------

   SpringBootWebSecurityConfiguration.SecurityFilterChainConfiguration:
      Did not match:
         - AllNestedConditions 1 matched 1 did not; NestedCondition on DefaultWebSecurityCondition.Beans @ConditionalOnMissingBean (types: org.springframework.security.web.SecurityFilterChain; SearchStrategy: all) found beans of type 'org.springframework.security.web.SecurityFilterChain' securityFilterChain; NestedCondition on DefaultWebSecurityCondition.Classes @ConditionalOnClass found required classes 'org.springframework.security.web.SecurityFilterChain', 'org.springframework.security.config.annotation.web.builders.HttpSecurity' (DefaultWebSecurityCondition)

   SpringBootWebSecurityConfiguration.WebSecurityEnablerConfiguration:
      Did not match:
         - @ConditionalOnMissingBean (names: springSecurityFilterChain; SearchStrategy: all) found beans named springSecurityFilterChain (OnBeanCondition)
      Matched:
         - @ConditionalOnClass found required class 'org.springframework.security.config.annotation.web.configuration.EnableWebSecurity' (OnClassCondition)


Exclusions:
-----------

    None


Unconditional classes:
----------------------

    None



[2025-11-03 00:51:33:481793][SpringApplicationShutdownHook] INFO  o.s.b.w.e.tomcat.GracefulShutdown - Commencing graceful shutdown. Waiting for active requests to complete
[2025-11-03 00:51:33:481800][tomcat-shutdown] INFO  o.s.b.w.e.tomcat.GracefulShutdown - Graceful shutdown complete
[2025-11-03 00:51:33:481805][SpringApplicationShutdownHook] INFO  o.s.o.j.LocalContainerEntityManagerFactoryBean - Closing JPA EntityManagerFactory for persistence unit 'default'
[2025-11-03 00:51:33:481805][SpringApplicationShutdownHook] INFO  com.zaxxer.hikari.HikariDataSource - HikariPool-5 - Shutdown initiated...
[2025-11-03 00:51:33:481810][SpringApplicationShutdownHook] INFO  com.zaxxer.hikari.HikariDataSource - HikariPool-5 - Shutdown completed.
[2025-11-03 00:51:37:873][background-preinit] INFO  o.h.validator.internal.util.Version - HV000001: Hibernate Validator 8.0.3.Final
[2025-11-03 00:51:37:936][restartedMain] INFO  back.code.ModuBackApplication - Starting ModuBackApplication using Java 21.0.7 with PID 25164 (C:\modu_project\modu_back\build\classes\java\main started by sm002 in C:\modu_project\modu_back)
[2025-11-03 00:51:37:937][restartedMain] INFO  back.code.ModuBackApplication - No active profile set, falling back to 1 default profile: "default"
[2025-11-03 00:51:37:987][restartedMain] INFO  o.s.b.d.e.DevToolsPropertyDefaultsPostProcessor - Devtools property defaults active! Set 'spring.devtools.add-properties' to 'false' to disable
[2025-11-03 00:51:37:987][restartedMain] INFO  o.s.b.d.e.DevToolsPropertyDefaultsPostProcessor - For additional web related logging consider setting the 'logging.level.web' property to 'DEBUG'
[2025-11-03 00:51:38:2006][restartedMain] INFO  o.s.d.r.c.RepositoryConfigurationDelegate - Bootstrapping Spring Data JPA repositories in DEFAULT mode.
[2025-11-03 00:51:38:2180][restartedMain] INFO  o.s.d.r.c.RepositoryConfigurationDelegate - Finished Spring Data repository scanning in 165 ms. Found 3 JPA repository interfaces.
[2025-11-03 00:51:39:2960][restartedMain] INFO  o.s.b.w.e.tomcat.TomcatWebServer - Tomcat initialized with port 9090 (http)
[2025-11-03 00:51:39:2974][restartedMain] INFO  o.a.coyote.http11.Http11NioProtocol - Initializing ProtocolHandler ["http-nio-9090"]
[2025-11-03 00:51:39:2976][restartedMain] INFO  o.a.catalina.core.StandardService - Starting service [Tomcat]
[2025-11-03 00:51:39:2976][restartedMain] INFO  o.a.catalina.core.StandardEngine - Starting Servlet engine: [Apache Tomcat/10.1.48]
[2025-11-03 00:51:39:3048][restartedMain] INFO  o.a.c.c.C.[Tomcat].[localhost].[/] - Initializing Spring embedded WebApplicationContext
[2025-11-03 00:51:39:3048][restartedMain] INFO  o.s.b.w.s.c.ServletWebServerApplicationContext - Root WebApplicationContext: initialization completed in 2061 ms
[2025-11-03 00:51:39:3265][restartedMain] INFO  o.h.jpa.internal.util.LogHelper - HHH000204: Processing PersistenceUnitInfo [name: default]
[2025-11-03 00:51:39:3318][restartedMain] INFO  org.hibernate.Version - HHH000412: Hibernate ORM core version 6.6.33.Final
[2025-11-03 00:51:39:3352][restartedMain] INFO  o.h.c.i.RegionFactoryInitiator - HHH000026: Second-level cache disabled
[2025-11-03 00:51:39:3650][restartedMain] INFO  o.s.o.j.p.SpringPersistenceUnitInfo - No LoadTimeWeaver setup: ignoring JPA class transformer
[2025-11-03 00:51:39:3699][restartedMain] INFO  com.zaxxer.hikari.HikariDataSource - HikariPool-1 - Starting...
[2025-11-03 00:51:40:3792][restartedMain] INFO  com.zaxxer.hikari.pool.HikariPool - HikariPool-1 - Added connection org.mariadb.jdbc.Connection@e8971e8
[2025-11-03 00:51:40:3794][restartedMain] INFO  com.zaxxer.hikari.HikariDataSource - HikariPool-1 - Start completed.
[2025-11-03 00:51:40:3824][restartedMain] WARN  org.hibernate.orm.deprecation - HHH90000025: MariaDBDialect does not need to be specified explicitly using 'hibernate.dialect' (remove the property setting and it will be selected by default)
[2025-11-03 00:51:40:3845][restartedMain] INFO  o.hibernate.orm.connections.pooling - HHH10001005: Database info:
	Database JDBC URL [Connecting through datasource 'p6SpyDataSourceDecorator [com.p6spy.engine.spy.P6DataSource] -> dataSource [com.zaxxer.hikari.HikariDataSource]']
	Database driver: undefined/unknown
	Database version: 11.8.2
	Autocommit mode: undefined/unknown
	Isolation level: undefined/unknown
	Minimum pool size: undefined/unknown
	Maximum pool size: undefined/unknown
[2025-11-03 00:51:40:3855][restartedMain] DEBUG o.h.t.d.sql.spi.DdlTypeRegistry - addDescriptor(12, org.hibernate.type.descriptor.sql.internal.CapacityDependentDdlType@53a54da) replaced previous registration(org.hibernate.type.descriptor.sql.internal.CapacityDependentDdlType@303f34c2)
[2025-11-03 00:51:40:3855][restartedMain] DEBUG o.h.t.d.sql.spi.DdlTypeRegistry - addDescriptor(-9, org.hibernate.type.descriptor.sql.internal.CapacityDependentDdlType@28e5dac7) replaced previous registration(org.hibernate.type.descriptor.sql.internal.CapacityDependentDdlType@68958fd3)
[2025-11-03 00:51:40:3856][restartedMain] DEBUG o.h.t.d.sql.spi.DdlTypeRegistry - addDescriptor(-3, org.hibernate.type.descriptor.sql.internal.CapacityDependentDdlType@3fde9a9f) replaced previous registration(org.hibernate.type.descriptor.sql.internal.CapacityDependentDdlType@760e3082)
[2025-11-03 00:51:40:3856][restartedMain] DEBUG o.h.t.d.sql.spi.DdlTypeRegistry - addDescriptor(4003, org.hibernate.type.descriptor.sql.internal.DdlTypeImpl@703bff66) replaced previous registration(org.hibernate.type.descriptor.sql.internal.DdlTypeImpl@34141da5)
[2025-11-03 00:51:40:3856][restartedMain] DEBUG o.h.t.d.sql.spi.DdlTypeRegistry - addDescriptor(4001, org.hibernate.type.descriptor.sql.internal.DdlTypeImpl@7f5573da) replaced previous registration(org.hibernate.type.descriptor.sql.internal.DdlTypeImpl@7858d692)
[2025-11-03 00:51:40:3856][restartedMain] DEBUG o.h.t.d.sql.spi.DdlTypeRegistry - addDescriptor(4002, org.hibernate.type.descriptor.sql.internal.DdlTypeImpl@57b7c630) replaced previous registration(org.hibernate.type.descriptor.sql.internal.DdlTypeImpl@43da1056)
[2025-11-03 00:51:40:3856][restartedMain] DEBUG o.h.t.d.sql.spi.DdlTypeRegistry - addDescriptor(2004, org.hibernate.type.descriptor.sql.internal.CapacityDependentDdlType@17c57054) replaced previous registration(org.hibernate.type.descriptor.sql.internal.DdlTypeImpl@2917c878)
[2025-11-03 00:51:40:3856][restartedMain] DEBUG o.h.t.d.sql.spi.DdlTypeRegistry - addDescriptor(2005, org.hibernate.type.descriptor.sql.internal.CapacityDependentDdlType@40f81d2c) replaced previous registration(org.hibernate.type.descriptor.sql.internal.DdlTypeImpl@5333fdc5)
[2025-11-03 00:51:40:3856][restartedMain] DEBUG o.h.t.d.sql.spi.DdlTypeRegistry - addDescriptor(2011, org.hibernate.type.descriptor.sql.internal.CapacityDependentDdlType@6fc86027) replaced previous registration(org.hibernate.type.descriptor.sql.internal.DdlTypeImpl@788b21ae)
[2025-11-03 00:51:41:4824][restartedMain] INFO  o.h.e.t.j.p.i.JtaPlatformInitiator - HHH000489: No JTA platform available (set 'hibernate.transaction.jta.platform' to enable JTA platform integration)
[2025-11-03 00:51:41:4855][restartedMain] INFO  p6spy - #1762098701113 | took 4ms | statement | connection 1| url jdbc:mariadb://localhost/modu?user=root&password=***&prepStmtCacheSqlLimit=2048&useServerPrepStmts=true
select table_name from information_schema.TABLES where table_schema=database() and table_type='SEQUENCE'
select table_name from information_schema.TABLES where table_schema=database() and table_type='SEQUENCE';
[2025-11-03 00:51:41:4898][restartedMain] INFO  o.s.o.j.LocalContainerEntityManagerFactoryBean - Initialized JPA EntityManagerFactory for persistence unit 'default'
[2025-11-03 00:51:41:5213][restartedMain] INFO  o.s.d.j.r.q.QueryEnhancerFactory - Hibernate is in classpath; If applicable, HQL parser will be used.
[2025-11-03 00:51:42:6583][restartedMain] INFO  o.s.s.c.a.a.c.InitializeAuthenticationProviderBeanManagerConfigurer$InitializeAuthenticationProviderManagerConfigurer - Global AuthenticationManager configured with AuthenticationProvider bean with name authProvider
[2025-11-03 00:51:42:6583][restartedMain] WARN  o.s.s.c.a.a.c.InitializeUserDetailsBeanManagerConfigurer$InitializeUserDetailsManagerConfigurer - Global AuthenticationManager configured with an AuthenticationProvider bean. UserDetailsService beans will not be used by Spring Security for automatically configuring username/password login. Consider removing the AuthenticationProvider bean. Alternatively, consider using the UserDetailsService in a manually instantiated DaoAuthenticationProvider. If the current configuration is intentional, to turn off this warning, increase the logging level of 'org.springframework.security.config.annotation.authentication.configuration.InitializeUserDetailsBeanManagerConfigurer' to ERROR
[2025-11-03 00:51:42:6700][restartedMain] WARN  o.s.s.c.a.web.builders.WebSecurity - You are asking Spring Security to ignore Deferred [Mvc [pattern='/static/imgs/**'], Ant [pattern='/static/imgs/**']]. This is not recommended -- please use permitAll via HttpSecurity#authorizeHttpRequests instead.
[2025-11-03 00:51:42:6700][restartedMain] WARN  o.s.s.c.a.web.builders.WebSecurity - You are asking Spring Security to ignore org.springframework.boot.autoconfigure.security.servlet.StaticResourceRequest$StaticResourceRequestMatcher@b03dfc4. This is not recommended -- please use permitAll via HttpSecurity#authorizeHttpRequests instead.
[2025-11-03 00:51:43:7063][restartedMain] INFO  o.s.b.d.a.OptionalLiveReloadServer - LiveReload server is running on port 35729
[2025-11-03 00:51:43:7089][restartedMain] INFO  o.a.coyote.http11.Http11NioProtocol - Starting ProtocolHandler ["http-nio-9090"]
[2025-11-03 00:51:43:7108][restartedMain] INFO  o.s.b.w.e.tomcat.TomcatWebServer - Tomcat started on port 9090 (http) with context path '/'
[2025-11-03 00:51:43:7118][restartedMain] INFO  back.code.ModuBackApplication - Started ModuBackApplication in 6.674 seconds (process running for 7.806)
[2025-11-03 00:56:37:301312][http-nio-9090-exec-4] INFO  o.a.c.c.C.[Tomcat].[localhost].[/] - Initializing Spring DispatcherServlet 'dispatcherServlet'
[2025-11-03 00:56:37:301313][http-nio-9090-exec-4] INFO  o.s.web.servlet.DispatcherServlet - Initializing Servlet 'dispatcherServlet'
[2025-11-03 00:56:37:301316][http-nio-9090-exec-4] INFO  o.s.web.servlet.DispatcherServlet - Completed initialization in 2 ms
[2025-11-03 00:56:37:301349][http-nio-9090-exec-4] INFO  back.code.filter.JWTFilter - acessToken is null
[2025-11-03 00:56:37:301438][http-nio-9090-exec-4] DEBUG org.hibernate.SQL - 
    select
        ue1_0.user_id,
        ue1_0.addr,
        ue1_0.addr_detail,
        ue1_0.agency,
        ue1_0.birth,
        ue1_0.create_at,
        ue1_0.email,
        ue1_0.password,
        ue1_0.phone,
        ue1_0.social_type,
        ue1_0.status,
        ue1_0.update_at,
        ue1_0.user_name,
        ue1_0.user_nick,
        ur1_0.role_id,
        ur1_0.role_name,
        ue1_0.withdraw_at,
        ue1_0.withdraw_reason 
    from
        user ue1_0 
    left join
        user_role ur1_0 
            on ur1_0.role_id=ue1_0.user_role 
    where
        ue1_0.user_id=?
[2025-11-03 00:56:37:301465][http-nio-9090-exec-4] INFO  p6spy - 2025-11-03 00:56:37 | OperationTime : 21ms | 
(P6Spy sql, Hibernate format):

    select
        ue1_0.user_id,
        ue1_0.addr,
        ue1_0.addr_detail,
        ue1_0.agency,
        ue1_0.birth,
        ue1_0.create_at,
        ue1_0.email,
        ue1_0.password,
        ue1_0.phone,
        ue1_0.social_type,
        ue1_0.status,
        ue1_0.update_at,
        ue1_0.user_name,
        ue1_0.user_nick,
        ur1_0.role_id,
        ur1_0.role_name,
        ue1_0.withdraw_at,
        ue1_0.withdraw_reason 
    from
        user ue1_0 
    left join
        user_role ur1_0 
            on ur1_0.role_id=ue1_0.user_role 
    where
        ue1_0.user_id='sm00216'
[2025-11-03 00:56:43:307524][http-nio-9090-exec-4] INFO  b.code.user.service.EmailService - [이메일 인증코드 전송] email=sm00216@naver.com, code=936741
[2025-11-03 00:56:43:307524][http-nio-9090-exec-4] INFO  back.code.user.service.UserService - [비밀번호 찾기] 인증번호 발송 완료 - userId=sm00216, email=sm00216@naver.com
[2025-11-03 00:56:43:307524][http-nio-9090-exec-4] INFO  p6spy - 
[2025-11-03 00:57:06:330370][http-nio-9090-exec-6] INFO  back.code.filter.JWTFilter - acessToken is null
[2025-11-03 00:57:06:330376][http-nio-9090-exec-6] DEBUG org.hibernate.SQL - 
    select
        ue1_0.user_id,
        ue1_0.addr,
        ue1_0.addr_detail,
        ue1_0.agency,
        ue1_0.birth,
        ue1_0.create_at,
        ue1_0.email,
        ue1_0.password,
        ue1_0.phone,
        ue1_0.social_type,
        ue1_0.status,
        ue1_0.update_at,
        ue1_0.user_name,
        ue1_0.user_nick,
        ur1_0.role_id,
        ur1_0.role_name,
        ue1_0.withdraw_at,
        ue1_0.withdraw_reason 
    from
        user ue1_0 
    left join
        user_role ur1_0 
            on ur1_0.role_id=ue1_0.user_role 
    where
        ue1_0.user_id=?
[2025-11-03 00:57:06:330378][http-nio-9090-exec-6] INFO  p6spy - 2025-11-03 00:57:06 | OperationTime : 1ms | 
(P6Spy sql, Hibernate format):

    select
        ue1_0.user_id,
        ue1_0.addr,
        ue1_0.addr_detail,
        ue1_0.agency,
        ue1_0.birth,
        ue1_0.create_at,
        ue1_0.email,
        ue1_0.password,
        ue1_0.phone,
        ue1_0.social_type,
        ue1_0.status,
        ue1_0.update_at,
        ue1_0.user_name,
        ue1_0.user_nick,
        ur1_0.role_id,
        ur1_0.role_name,
        ue1_0.withdraw_at,
        ue1_0.withdraw_reason 
    from
        user ue1_0 
    left join
        user_role ur1_0 
            on ur1_0.role_id=ue1_0.user_role 
    where
        ue1_0.user_id='sm00216'
[2025-11-03 00:57:06:330380][http-nio-9090-exec-6] INFO  back.code.user.service.UserService - [비밀번호 찾기 인증 성공] userId=sm00216, email=sm00216@naver.com
[2025-11-03 00:57:06:330380][http-nio-9090-exec-6] INFO  p6spy - 
[2025-11-03 01:03:38:721990][File Watcher] INFO  o.s.b.d.a.LocalDevToolsAutoConfiguration$RestartingClassPathChangeChangedEventListener - Restarting due to 2 class path changes (0 additions, 2 deletions, 0 modifications)
[2025-11-03 01:03:38:721996][Thread-11] INFO  o.s.b.w.e.tomcat.GracefulShutdown - Commencing graceful shutdown. Waiting for active requests to complete
[2025-11-03 01:03:38:721996][tomcat-shutdown] INFO  o.a.coyote.http11.Http11NioProtocol - Pausing ProtocolHandler ["http-nio-9090"]
[2025-11-03 01:03:38:722008][tomcat-shutdown] INFO  o.s.b.w.e.tomcat.GracefulShutdown - Graceful shutdown complete
[2025-11-03 01:03:38:722008][Thread-11] INFO  o.a.coyote.http11.Http11NioProtocol - Stopping ProtocolHandler ["http-nio-9090"]
[2025-11-03 01:03:38:722040][Thread-11] INFO  o.s.o.j.LocalContainerEntityManagerFactoryBean - Closing JPA EntityManagerFactory for persistence unit 'default'
[2025-11-03 01:03:38:722048][Thread-11] INFO  com.zaxxer.hikari.HikariDataSource - HikariPool-1 - Shutdown initiated...
[2025-11-03 01:03:38:722054][Thread-11] INFO  com.zaxxer.hikari.HikariDataSource - HikariPool-1 - Shutdown completed.
[2025-11-03 01:03:38:722265][restartedMain] INFO  back.code.ModuBackApplication - Starting ModuBackApplication using Java 21.0.7 with PID 25164 (C:\modu_project\modu_back\build\classes\java\main started by sm002 in C:\modu_project\modu_back)
[2025-11-03 01:03:38:722265][restartedMain] INFO  back.code.ModuBackApplication - No active profile set, falling back to 1 default profile: "default"
[2025-11-03 01:03:39:722866][restartedMain] INFO  o.s.d.r.c.RepositoryConfigurationDelegate - Bootstrapping Spring Data JPA repositories in DEFAULT mode.
[2025-11-03 01:03:39:722918][restartedMain] INFO  o.s.d.r.c.RepositoryConfigurationDelegate - Finished Spring Data repository scanning in 51 ms. Found 3 JPA repository interfaces.
[2025-11-03 01:03:39:723398][restartedMain] INFO  o.s.b.w.e.tomcat.TomcatWebServer - Tomcat initialized with port 9090 (http)
[2025-11-03 01:03:39:723400][restartedMain] INFO  o.a.coyote.http11.Http11NioProtocol - Initializing ProtocolHandler ["http-nio-9090"]
[2025-11-03 01:03:39:723402][restartedMain] INFO  o.a.catalina.core.StandardService - Starting service [Tomcat]
[2025-11-03 01:03:39:723402][restartedMain] INFO  o.a.catalina.core.StandardEngine - Starting Servlet engine: [Apache Tomcat/10.1.48]
[2025-11-03 01:03:39:723477][restartedMain] INFO  o.a.c.c.C.[Tomcat].[localhost].[/] - Initializing Spring embedded WebApplicationContext
[2025-11-03 01:03:39:723478][restartedMain] INFO  o.s.b.w.s.c.ServletWebServerApplicationContext - Root WebApplicationContext: initialization completed in 1210 ms
[2025-11-03 01:03:39:723599][restartedMain] INFO  o.h.jpa.internal.util.LogHelper - HHH000204: Processing PersistenceUnitInfo [name: default]
[2025-11-03 01:03:39:723609][restartedMain] INFO  o.h.c.i.RegionFactoryInitiator - HHH000026: Second-level cache disabled
[2025-11-03 01:03:39:723631][restartedMain] INFO  o.s.o.j.p.SpringPersistenceUnitInfo - No LoadTimeWeaver setup: ignoring JPA class transformer
[2025-11-03 01:03:39:723633][restartedMain] INFO  com.zaxxer.hikari.HikariDataSource - HikariPool-2 - Starting...
[2025-11-03 01:03:39:723644][restartedMain] INFO  com.zaxxer.hikari.pool.HikariPool - HikariPool-2 - Added connection org.mariadb.jdbc.Connection@51fe9d16
[2025-11-03 01:03:39:723644][restartedMain] INFO  com.zaxxer.hikari.HikariDataSource - HikariPool-2 - Start completed.
[2025-11-03 01:03:39:723646][restartedMain] WARN  org.hibernate.orm.deprecation - HHH90000025: MariaDBDialect does not need to be specified explicitly using 'hibernate.dialect' (remove the property setting and it will be selected by default)
[2025-11-03 01:03:39:723646][restartedMain] INFO  o.hibernate.orm.connections.pooling - HHH10001005: Database info:
	Database JDBC URL [Connecting through datasource 'p6SpyDataSourceDecorator [com.p6spy.engine.spy.P6DataSource] -> dataSource [com.zaxxer.hikari.HikariDataSource]']
	Database driver: undefined/unknown
	Database version: 11.8.2
	Autocommit mode: undefined/unknown
	Isolation level: undefined/unknown
	Minimum pool size: undefined/unknown
	Maximum pool size: undefined/unknown
[2025-11-03 01:03:39:723647][restartedMain] DEBUG o.h.t.d.sql.spi.DdlTypeRegistry - addDescriptor(12, org.hibernate.type.descriptor.sql.internal.CapacityDependentDdlType@210ad46d) replaced previous registration(org.hibernate.type.descriptor.sql.internal.CapacityDependentDdlType@d2911aa)
[2025-11-03 01:03:39:723647][restartedMain] DEBUG o.h.t.d.sql.spi.DdlTypeRegistry - addDescriptor(-9, org.hibernate.type.descriptor.sql.internal.CapacityDependentDdlType@6e5e872f) replaced previous registration(org.hibernate.type.descriptor.sql.internal.CapacityDependentDdlType@697d592e)
[2025-11-03 01:03:39:723647][restartedMain] DEBUG o.h.t.d.sql.spi.DdlTypeRegistry - addDescriptor(-3, org.hibernate.type.descriptor.sql.internal.CapacityDependentDdlType@1e2341d0) replaced previous registration(org.hibernate.type.descriptor.sql.internal.CapacityDependentDdlType@5b42b7ff)
[2025-11-03 01:03:39:723647][restartedMain] DEBUG o.h.t.d.sql.spi.DdlTypeRegistry - addDescriptor(4003, org.hibernate.type.descriptor.sql.internal.DdlTypeImpl@41bf2447) replaced previous registration(org.hibernate.type.descriptor.sql.internal.DdlTypeImpl@4288a177)
[2025-11-03 01:03:39:723647][restartedMain] DEBUG o.h.t.d.sql.spi.DdlTypeRegistry - addDescriptor(4001, org.hibernate.type.descriptor.sql.internal.DdlTypeImpl@46214537) replaced previous registration(org.hibernate.type.descriptor.sql.internal.DdlTypeImpl@892ef43)
[2025-11-03 01:03:39:723648][restartedMain] DEBUG o.h.t.d.sql.spi.DdlTypeRegistry - addDescriptor(4002, org.hibernate.type.descriptor.sql.internal.DdlTypeImpl@30377f0a) replaced previous registration(org.hibernate.type.descriptor.sql.internal.DdlTypeImpl@37b3f362)
[2025-11-03 01:03:39:723648][restartedMain] DEBUG o.h.t.d.sql.spi.DdlTypeRegistry - addDescriptor(2004, org.hibernate.type.descriptor.sql.internal.CapacityDependentDdlType@7b77105e) replaced previous registration(org.hibernate.type.descriptor.sql.internal.DdlTypeImpl@64800084)
[2025-11-03 01:03:39:723648][restartedMain] DEBUG o.h.t.d.sql.spi.DdlTypeRegistry - addDescriptor(2005, org.hibernate.type.descriptor.sql.internal.CapacityDependentDdlType@6f44ec31) replaced previous registration(org.hibernate.type.descriptor.sql.internal.DdlTypeImpl@47442a58)
[2025-11-03 01:03:39:723648][restartedMain] DEBUG o.h.t.d.sql.spi.DdlTypeRegistry - addDescriptor(2011, org.hibernate.type.descriptor.sql.internal.CapacityDependentDdlType@472370e) replaced previous registration(org.hibernate.type.descriptor.sql.internal.DdlTypeImpl@60928324)
[2025-11-03 01:03:40:723803][restartedMain] INFO  o.h.e.t.j.p.i.JtaPlatformInitiator - HHH000489: No JTA platform available (set 'hibernate.transaction.jta.platform' to enable JTA platform integration)
[2025-11-03 01:03:40:723807][restartedMain] INFO  p6spy - #1762099420065 | took 2ms | statement | connection 5| url jdbc:mariadb://localhost/modu?user=root&password=***&prepStmtCacheSqlLimit=2048&useServerPrepStmts=true
select table_name from information_schema.TABLES where table_schema=database() and table_type='SEQUENCE'
select table_name from information_schema.TABLES where table_schema=database() and table_type='SEQUENCE';
[2025-11-03 01:03:40:723835][restartedMain] INFO  o.s.o.j.LocalContainerEntityManagerFactoryBean - Initialized JPA EntityManagerFactory for persistence unit 'default'
[2025-11-03 01:03:40:724260][restartedMain] INFO  o.s.s.c.a.a.c.InitializeAuthenticationProviderBeanManagerConfigurer$InitializeAuthenticationProviderManagerConfigurer - Global AuthenticationManager configured with AuthenticationProvider bean with name authProvider
[2025-11-03 01:03:40:724261][restartedMain] WARN  o.s.s.c.a.a.c.InitializeUserDetailsBeanManagerConfigurer$InitializeUserDetailsManagerConfigurer - Global AuthenticationManager configured with an AuthenticationProvider bean. UserDetailsService beans will not be used by Spring Security for automatically configuring username/password login. Consider removing the AuthenticationProvider bean. Alternatively, consider using the UserDetailsService in a manually instantiated DaoAuthenticationProvider. If the current configuration is intentional, to turn off this warning, increase the logging level of 'org.springframework.security.config.annotation.authentication.configuration.InitializeUserDetailsBeanManagerConfigurer' to ERROR
[2025-11-03 01:03:40:724495][restartedMain] WARN  o.s.s.c.a.web.builders.WebSecurity - You are asking Spring Security to ignore Deferred [Mvc [pattern='/static/imgs/**'], Ant [pattern='/static/imgs/**']]. This is not recommended -- please use permitAll via HttpSecurity#authorizeHttpRequests instead.
[2025-11-03 01:03:40:724496][restartedMain] WARN  o.s.s.c.a.web.builders.WebSecurity - You are asking Spring Security to ignore org.springframework.boot.autoconfigure.security.servlet.StaticResourceRequest$StaticResourceRequestMatcher@56239213. This is not recommended -- please use permitAll via HttpSecurity#authorizeHttpRequests instead.
[2025-11-03 01:03:40:724685][restartedMain] INFO  o.s.b.d.a.OptionalLiveReloadServer - LiveReload server is running on port 35729
[2025-11-03 01:03:40:724702][restartedMain] INFO  o.a.coyote.http11.Http11NioProtocol - Starting ProtocolHandler ["http-nio-9090"]
[2025-11-03 01:03:40:724708][restartedMain] INFO  o.s.b.w.e.tomcat.TomcatWebServer - Tomcat started on port 9090 (http) with context path '/'
[2025-11-03 01:03:40:724713][restartedMain] INFO  back.code.ModuBackApplication - Started ModuBackApplication in 2.558 seconds (process running for 725.4)
[2025-11-03 01:03:40:724716][restartedMain] INFO  o.s.b.d.a.ConditionEvaluationDeltaLoggingListener - Condition evaluation unchanged
[2025-11-03 01:03:42:726140][File Watcher] INFO  o.s.b.d.a.LocalDevToolsAutoConfiguration$RestartingClassPathChangeChangedEventListener - Restarting due to 2 class path changes (2 additions, 0 deletions, 0 modifications)
[2025-11-03 01:03:42:726141][Thread-13] INFO  o.s.b.w.e.tomcat.GracefulShutdown - Commencing graceful shutdown. Waiting for active requests to complete
[2025-11-03 01:03:42:726142][tomcat-shutdown] INFO  o.a.coyote.http11.Http11NioProtocol - Pausing ProtocolHandler ["http-nio-9090"]
[2025-11-03 01:03:42:726147][tomcat-shutdown] INFO  o.s.b.w.e.tomcat.GracefulShutdown - Graceful shutdown complete
[2025-11-03 01:03:42:726147][Thread-13] INFO  o.a.coyote.http11.Http11NioProtocol - Stopping ProtocolHandler ["http-nio-9090"]
[2025-11-03 01:03:42:726150][Thread-13] INFO  o.s.o.j.LocalContainerEntityManagerFactoryBean - Closing JPA EntityManagerFactory for persistence unit 'default'
[2025-11-03 01:03:42:726151][Thread-13] INFO  com.zaxxer.hikari.HikariDataSource - HikariPool-2 - Shutdown initiated...
[2025-11-03 01:03:42:726165][Thread-13] INFO  com.zaxxer.hikari.HikariDataSource - HikariPool-2 - Shutdown completed.
[2025-11-03 01:03:42:726430][restartedMain] INFO  back.code.ModuBackApplication - Starting ModuBackApplication using Java 21.0.7 with PID 25164 (C:\modu_project\modu_back\build\classes\java\main started by sm002 in C:\modu_project\modu_back)
[2025-11-03 01:03:42:726431][restartedMain] INFO  back.code.ModuBackApplication - No active profile set, falling back to 1 default profile: "default"
[2025-11-03 01:03:43:726778][restartedMain] INFO  o.s.d.r.c.RepositoryConfigurationDelegate - Bootstrapping Spring Data JPA repositories in DEFAULT mode.
[2025-11-03 01:03:43:726810][restartedMain] INFO  o.s.d.r.c.RepositoryConfigurationDelegate - Finished Spring Data repository scanning in 29 ms. Found 3 JPA repository interfaces.
[2025-11-03 01:03:43:726958][restartedMain] INFO  o.s.b.w.e.tomcat.TomcatWebServer - Tomcat initialized with port 9090 (http)
[2025-11-03 01:03:43:726959][restartedMain] INFO  o.a.coyote.http11.Http11NioProtocol - Initializing ProtocolHandler ["http-nio-9090"]
[2025-11-03 01:03:43:726959][restartedMain] INFO  o.a.catalina.core.StandardService - Starting service [Tomcat]
[2025-11-03 01:03:43:726959][restartedMain] INFO  o.a.catalina.core.StandardEngine - Starting Servlet engine: [Apache Tomcat/10.1.48]
[2025-11-03 01:03:43:727005][restartedMain] INFO  o.a.c.c.C.[Tomcat].[localhost].[/] - Initializing Spring embedded WebApplicationContext
[2025-11-03 01:03:43:727006][restartedMain] INFO  o.s.b.w.s.c.ServletWebServerApplicationContext - Root WebApplicationContext: initialization completed in 574 ms
[2025-11-03 01:03:43:727053][restartedMain] INFO  o.h.jpa.internal.util.LogHelper - HHH000204: Processing PersistenceUnitInfo [name: default]
[2025-11-03 01:03:43:727056][restartedMain] INFO  o.h.c.i.RegionFactoryInitiator - HHH000026: Second-level cache disabled
[2025-11-03 01:03:43:727065][restartedMain] INFO  o.s.o.j.p.SpringPersistenceUnitInfo - No LoadTimeWeaver setup: ignoring JPA class transformer
[2025-11-03 01:03:43:727067][restartedMain] INFO  com.zaxxer.hikari.HikariDataSource - HikariPool-3 - Starting...
[2025-11-03 01:03:43:727071][restartedMain] INFO  com.zaxxer.hikari.pool.HikariPool - HikariPool-3 - Added connection org.mariadb.jdbc.Connection@49611618
[2025-11-03 01:03:43:727071][restartedMain] INFO  com.zaxxer.hikari.HikariDataSource - HikariPool-3 - Start completed.
[2025-11-03 01:03:43:727072][restartedMain] WARN  org.hibernate.orm.deprecation - HHH90000025: MariaDBDialect does not need to be specified explicitly using 'hibernate.dialect' (remove the property setting and it will be selected by default)
[2025-11-03 01:03:43:727072][restartedMain] INFO  o.hibernate.orm.connections.pooling - HHH10001005: Database info:
	Database JDBC URL [Connecting through datasource 'p6SpyDataSourceDecorator [com.p6spy.engine.spy.P6DataSource] -> dataSource [com.zaxxer.hikari.HikariDataSource]']
	Database driver: undefined/unknown
	Database version: 11.8.2
	Autocommit mode: undefined/unknown
	Isolation level: undefined/unknown
	Minimum pool size: undefined/unknown
	Maximum pool size: undefined/unknown
[2025-11-03 01:03:43:727073][restartedMain] DEBUG o.h.t.d.sql.spi.DdlTypeRegistry - addDescriptor(12, org.hibernate.type.descriptor.sql.internal.CapacityDependentDdlType@577915a0) replaced previous registration(org.hibernate.type.descriptor.sql.internal.CapacityDependentDdlType@7a5a0399)
[2025-11-03 01:03:43:727073][restartedMain] DEBUG o.h.t.d.sql.spi.DdlTypeRegistry - addDescriptor(-9, org.hibernate.type.descriptor.sql.internal.CapacityDependentDdlType@398c2a59) replaced previous registration(org.hibernate.type.descriptor.sql.internal.CapacityDependentDdlType@3b157e57)
[2025-11-03 01:03:43:727073][restartedMain] DEBUG o.h.t.d.sql.spi.DdlTypeRegistry - addDescriptor(-3, org.hibernate.type.descriptor.sql.internal.CapacityDependentDdlType@24deb880) replaced previous registration(org.hibernate.type.descriptor.sql.internal.CapacityDependentDdlType@e323149)
[2025-11-03 01:03:43:727073][restartedMain] DEBUG o.h.t.d.sql.spi.DdlTypeRegistry - addDescriptor(4003, org.hibernate.type.descriptor.sql.internal.DdlTypeImpl@56b41c34) replaced previous registration(org.hibernate.type.descriptor.sql.internal.DdlTypeImpl@46c32773)
[2025-11-03 01:03:43:727073][restartedMain] DEBUG o.h.t.d.sql.spi.DdlTypeRegistry - addDescriptor(4001, org.hibernate.type.descriptor.sql.internal.DdlTypeImpl@17088d93) replaced previous registration(org.hibernate.type.descriptor.sql.internal.DdlTypeImpl@8af5e42)
[2025-11-03 01:03:43:727073][restartedMain] DEBUG o.h.t.d.sql.spi.DdlTypeRegistry - addDescriptor(4002, org.hibernate.type.descriptor.sql.internal.DdlTypeImpl@7e8ca6df) replaced previous registration(org.hibernate.type.descriptor.sql.internal.DdlTypeImpl@212bfec2)
[2025-11-03 01:03:43:727073][restartedMain] DEBUG o.h.t.d.sql.spi.DdlTypeRegistry - addDescriptor(2004, org.hibernate.type.descriptor.sql.internal.CapacityDependentDdlType@729c9b61) replaced previous registration(org.hibernate.type.descriptor.sql.internal.DdlTypeImpl@33863e)
[2025-11-03 01:03:43:727073][restartedMain] DEBUG o.h.t.d.sql.spi.DdlTypeRegistry - addDescriptor(2005, org.hibernate.type.descriptor.sql.internal.CapacityDependentDdlType@1b1272b9) replaced previous registration(org.hibernate.type.descriptor.sql.internal.DdlTypeImpl@653142f7)
[2025-11-03 01:03:43:727073][restartedMain] DEBUG o.h.t.d.sql.spi.DdlTypeRegistry - addDescriptor(2011, org.hibernate.type.descriptor.sql.internal.CapacityDependentDdlType@73e08aa3) replaced previous registration(org.hibernate.type.descriptor.sql.internal.DdlTypeImpl@6ffef097)
[2025-11-03 01:03:43:727154][restartedMain] INFO  o.h.e.t.j.p.i.JtaPlatformInitiator - HHH000489: No JTA platform available (set 'hibernate.transaction.jta.platform' to enable JTA platform integration)
[2025-11-03 01:03:43:727156][restartedMain] INFO  p6spy - #1762099423414 | took 0ms | statement | connection 7| url jdbc:mariadb://localhost/modu?user=root&password=***&prepStmtCacheSqlLimit=2048&useServerPrepStmts=true
select table_name from information_schema.TABLES where table_schema=database() and table_type='SEQUENCE'
select table_name from information_schema.TABLES where table_schema=database() and table_type='SEQUENCE';
[2025-11-03 01:03:43:727195][restartedMain] INFO  o.s.o.j.LocalContainerEntityManagerFactoryBean - Initialized JPA EntityManagerFactory for persistence unit 'default'
[2025-11-03 01:03:43:727417][restartedMain] INFO  o.s.s.c.a.a.c.InitializeAuthenticationProviderBeanManagerConfigurer$InitializeAuthenticationProviderManagerConfigurer - Global AuthenticationManager configured with AuthenticationProvider bean with name authProvider
[2025-11-03 01:03:43:727417][restartedMain] WARN  o.s.s.c.a.a.c.InitializeUserDetailsBeanManagerConfigurer$InitializeUserDetailsManagerConfigurer - Global AuthenticationManager configured with an AuthenticationProvider bean. UserDetailsService beans will not be used by Spring Security for automatically configuring username/password login. Consider removing the AuthenticationProvider bean. Alternatively, consider using the UserDetailsService in a manually instantiated DaoAuthenticationProvider. If the current configuration is intentional, to turn off this warning, increase the logging level of 'org.springframework.security.config.annotation.authentication.configuration.InitializeUserDetailsBeanManagerConfigurer' to ERROR
[2025-11-03 01:03:43:727448][restartedMain] WARN  o.s.s.c.a.web.builders.WebSecurity - You are asking Spring Security to ignore Deferred [Mvc [pattern='/static/imgs/**'], Ant [pattern='/static/imgs/**']]. This is not recommended -- please use permitAll via HttpSecurity#authorizeHttpRequests instead.
[2025-11-03 01:03:43:727448][restartedMain] WARN  o.s.s.c.a.web.builders.WebSecurity - You are asking Spring Security to ignore org.springframework.boot.autoconfigure.security.servlet.StaticResourceRequest$StaticResourceRequestMatcher@307791be. This is not recommended -- please use permitAll via HttpSecurity#authorizeHttpRequests instead.
[2025-11-03 01:03:43:727528][restartedMain] INFO  o.s.b.d.a.OptionalLiveReloadServer - LiveReload server is running on port 35729
[2025-11-03 01:03:43:727537][restartedMain] INFO  o.a.coyote.http11.Http11NioProtocol - Starting ProtocolHandler ["http-nio-9090"]
[2025-11-03 01:03:43:727540][restartedMain] INFO  o.s.b.w.e.tomcat.TomcatWebServer - Tomcat started on port 9090 (http) with context path '/'
[2025-11-03 01:03:43:727543][restartedMain] INFO  back.code.ModuBackApplication - Started ModuBackApplication in 1.164 seconds (process running for 728.23)
[2025-11-03 01:03:43:727544][restartedMain] INFO  o.s.b.d.a.ConditionEvaluationDeltaLoggingListener - Condition evaluation unchanged
[2025-11-03 01:04:29:773597][SpringApplicationShutdownHook] INFO  o.s.b.w.e.tomcat.GracefulShutdown - Commencing graceful shutdown. Waiting for active requests to complete
[2025-11-03 01:04:29:773606][tomcat-shutdown] INFO  o.s.b.w.e.tomcat.GracefulShutdown - Graceful shutdown complete
[2025-11-03 01:04:29:773611][SpringApplicationShutdownHook] INFO  o.s.o.j.LocalContainerEntityManagerFactoryBean - Closing JPA EntityManagerFactory for persistence unit 'default'
[2025-11-03 01:04:29:773612][SpringApplicationShutdownHook] INFO  com.zaxxer.hikari.HikariDataSource - HikariPool-3 - Shutdown initiated...
[2025-11-03 01:04:29:773617][SpringApplicationShutdownHook] INFO  com.zaxxer.hikari.HikariDataSource - HikariPool-3 - Shutdown completed.
[2025-11-03 01:04:35:1147][background-preinit] INFO  o.h.validator.internal.util.Version - HV000001: Hibernate Validator 8.0.3.Final
[2025-11-03 01:04:36:1242][restartedMain] INFO  back.code.ModuBackApplication - Starting ModuBackApplication using Java 21.0.7 with PID 16156 (C:\modu_project\modu_back\build\classes\java\main started by sm002 in C:\modu_project\modu_back)
[2025-11-03 01:04:36:1243][restartedMain] INFO  back.code.ModuBackApplication - No active profile set, falling back to 1 default profile: "default"
[2025-11-03 01:04:36:1315][restartedMain] INFO  o.s.b.d.e.DevToolsPropertyDefaultsPostProcessor - Devtools property defaults active! Set 'spring.devtools.add-properties' to 'false' to disable
[2025-11-03 01:04:36:1315][restartedMain] INFO  o.s.b.d.e.DevToolsPropertyDefaultsPostProcessor - For additional web related logging consider setting the 'logging.level.web' property to 'DEBUG'
[2025-11-03 01:04:37:2959][restartedMain] INFO  o.s.d.r.c.RepositoryConfigurationDelegate - Bootstrapping Spring Data JPA repositories in DEFAULT mode.
[2025-11-03 01:04:38:3218][restartedMain] INFO  o.s.d.r.c.RepositoryConfigurationDelegate - Finished Spring Data repository scanning in 244 ms. Found 3 JPA repository interfaces.
[2025-11-03 01:04:38:4075][restartedMain] INFO  o.s.b.w.e.tomcat.TomcatWebServer - Tomcat initialized with port 9090 (http)
[2025-11-03 01:04:38:4089][restartedMain] INFO  o.a.coyote.http11.Http11NioProtocol - Initializing ProtocolHandler ["http-nio-9090"]
[2025-11-03 01:04:38:4091][restartedMain] INFO  o.a.catalina.core.StandardService - Starting service [Tomcat]
[2025-11-03 01:04:38:4091][restartedMain] INFO  o.a.catalina.core.StandardEngine - Starting Servlet engine: [Apache Tomcat/10.1.48]
[2025-11-03 01:04:39:4175][restartedMain] INFO  o.a.c.c.C.[Tomcat].[localhost].[/] - Initializing Spring embedded WebApplicationContext
[2025-11-03 01:04:39:4175][restartedMain] INFO  o.s.b.w.s.c.ServletWebServerApplicationContext - Root WebApplicationContext: initialization completed in 2859 ms
[2025-11-03 01:04:39:4389][restartedMain] INFO  o.h.jpa.internal.util.LogHelper - HHH000204: Processing PersistenceUnitInfo [name: default]
[2025-11-03 01:04:39:4449][restartedMain] INFO  org.hibernate.Version - HHH000412: Hibernate ORM core version 6.6.33.Final
[2025-11-03 01:04:39:4484][restartedMain] INFO  o.h.c.i.RegionFactoryInitiator - HHH000026: Second-level cache disabled
[2025-11-03 01:04:39:4825][restartedMain] INFO  o.s.o.j.p.SpringPersistenceUnitInfo - No LoadTimeWeaver setup: ignoring JPA class transformer
[2025-11-03 01:04:39:4860][restartedMain] INFO  com.zaxxer.hikari.HikariDataSource - HikariPool-1 - Starting...
[2025-11-03 01:04:39:4957][restartedMain] INFO  com.zaxxer.hikari.pool.HikariPool - HikariPool-1 - Added connection org.mariadb.jdbc.Connection@3a8b8893
[2025-11-03 01:04:39:4959][restartedMain] INFO  com.zaxxer.hikari.HikariDataSource - HikariPool-1 - Start completed.
[2025-11-03 01:04:39:4989][restartedMain] WARN  org.hibernate.orm.deprecation - HHH90000025: MariaDBDialect does not need to be specified explicitly using 'hibernate.dialect' (remove the property setting and it will be selected by default)
[2025-11-03 01:04:39:5011][restartedMain] INFO  o.hibernate.orm.connections.pooling - HHH10001005: Database info:
	Database JDBC URL [Connecting through datasource 'p6SpyDataSourceDecorator [com.p6spy.engine.spy.P6DataSource] -> dataSource [com.zaxxer.hikari.HikariDataSource]']
	Database driver: undefined/unknown
	Database version: 11.8.2
	Autocommit mode: undefined/unknown
	Isolation level: undefined/unknown
	Minimum pool size: undefined/unknown
	Maximum pool size: undefined/unknown
[2025-11-03 01:04:39:5020][restartedMain] DEBUG o.h.t.d.sql.spi.DdlTypeRegistry - addDescriptor(12, org.hibernate.type.descriptor.sql.internal.CapacityDependentDdlType@79573094) replaced previous registration(org.hibernate.type.descriptor.sql.internal.CapacityDependentDdlType@3be5d539)
[2025-11-03 01:04:39:5020][restartedMain] DEBUG o.h.t.d.sql.spi.DdlTypeRegistry - addDescriptor(-9, org.hibernate.type.descriptor.sql.internal.CapacityDependentDdlType@7b9a0ef2) replaced previous registration(org.hibernate.type.descriptor.sql.internal.CapacityDependentDdlType@2d3105b)
[2025-11-03 01:04:39:5020][restartedMain] DEBUG o.h.t.d.sql.spi.DdlTypeRegistry - addDescriptor(-3, org.hibernate.type.descriptor.sql.internal.CapacityDependentDdlType@42c04305) replaced previous registration(org.hibernate.type.descriptor.sql.internal.CapacityDependentDdlType@57191a79)
[2025-11-03 01:04:39:5020][restartedMain] DEBUG o.h.t.d.sql.spi.DdlTypeRegistry - addDescriptor(4003, org.hibernate.type.descriptor.sql.internal.DdlTypeImpl@7cdf73f6) replaced previous registration(org.hibernate.type.descriptor.sql.internal.DdlTypeImpl@6694f5fe)
[2025-11-03 01:04:39:5020][restartedMain] DEBUG o.h.t.d.sql.spi.DdlTypeRegistry - addDescriptor(4001, org.hibernate.type.descriptor.sql.internal.DdlTypeImpl@260c5a42) replaced previous registration(org.hibernate.type.descriptor.sql.internal.DdlTypeImpl@39d95628)
[2025-11-03 01:04:39:5020][restartedMain] DEBUG o.h.t.d.sql.spi.DdlTypeRegistry - addDescriptor(4002, org.hibernate.type.descriptor.sql.internal.DdlTypeImpl@3e9ec226) replaced previous registration(org.hibernate.type.descriptor.sql.internal.DdlTypeImpl@7fe4eb0e)
[2025-11-03 01:04:39:5020][restartedMain] DEBUG o.h.t.d.sql.spi.DdlTypeRegistry - addDescriptor(2004, org.hibernate.type.descriptor.sql.internal.CapacityDependentDdlType@3bfe60fa) replaced previous registration(org.hibernate.type.descriptor.sql.internal.DdlTypeImpl@48e519bb)
[2025-11-03 01:04:39:5021][restartedMain] DEBUG o.h.t.d.sql.spi.DdlTypeRegistry - addDescriptor(2005, org.hibernate.type.descriptor.sql.internal.CapacityDependentDdlType@226d73) replaced previous registration(org.hibernate.type.descriptor.sql.internal.DdlTypeImpl@58464ae2)
[2025-11-03 01:04:39:5021][restartedMain] DEBUG o.h.t.d.sql.spi.DdlTypeRegistry - addDescriptor(2011, org.hibernate.type.descriptor.sql.internal.CapacityDependentDdlType@107718a0) replaced previous registration(org.hibernate.type.descriptor.sql.internal.DdlTypeImpl@703ff3d4)
[2025-11-03 01:04:40:6131][restartedMain] INFO  o.h.e.t.j.p.i.JtaPlatformInitiator - HHH000489: No JTA platform available (set 'hibernate.transaction.jta.platform' to enable JTA platform integration)
[2025-11-03 01:04:41:6199][restartedMain] INFO  p6spy - #1762099481037 | took 14ms | statement | connection 1| url jdbc:mariadb://localhost/modu?user=root&password=***&prepStmtCacheSqlLimit=2048&useServerPrepStmts=true
select table_name from information_schema.TABLES where table_schema=database() and table_type='SEQUENCE'
select table_name from information_schema.TABLES where table_schema=database() and table_type='SEQUENCE';
[2025-11-03 01:04:41:6248][restartedMain] INFO  o.s.o.j.LocalContainerEntityManagerFactoryBean - Initialized JPA EntityManagerFactory for persistence unit 'default'
[2025-11-03 01:04:41:6648][restartedMain] INFO  o.s.d.j.r.q.QueryEnhancerFactory - Hibernate is in classpath; If applicable, HQL parser will be used.
[2025-11-03 01:04:42:8111][restartedMain] INFO  o.s.s.c.a.a.c.InitializeAuthenticationProviderBeanManagerConfigurer$InitializeAuthenticationProviderManagerConfigurer - Global AuthenticationManager configured with AuthenticationProvider bean with name authProvider
[2025-11-03 01:04:42:8112][restartedMain] WARN  o.s.s.c.a.a.c.InitializeUserDetailsBeanManagerConfigurer$InitializeUserDetailsManagerConfigurer - Global AuthenticationManager configured with an AuthenticationProvider bean. UserDetailsService beans will not be used by Spring Security for automatically configuring username/password login. Consider removing the AuthenticationProvider bean. Alternatively, consider using the UserDetailsService in a manually instantiated DaoAuthenticationProvider. If the current configuration is intentional, to turn off this warning, increase the logging level of 'org.springframework.security.config.annotation.authentication.configuration.InitializeUserDetailsBeanManagerConfigurer' to ERROR
[2025-11-03 01:04:43:8221][restartedMain] WARN  o.s.s.c.a.web.builders.WebSecurity - You are asking Spring Security to ignore Deferred [Mvc [pattern='/static/imgs/**'], Ant [pattern='/static/imgs/**']]. This is not recommended -- please use permitAll via HttpSecurity#authorizeHttpRequests instead.
[2025-11-03 01:04:43:8221][restartedMain] WARN  o.s.s.c.a.web.builders.WebSecurity - You are asking Spring Security to ignore org.springframework.boot.autoconfigure.security.servlet.StaticResourceRequest$StaticResourceRequestMatcher@55c9da73. This is not recommended -- please use permitAll via HttpSecurity#authorizeHttpRequests instead.
[2025-11-03 01:04:43:8614][restartedMain] INFO  o.s.b.d.a.OptionalLiveReloadServer - LiveReload server is running on port 35729
[2025-11-03 01:04:43:8646][restartedMain] INFO  o.a.coyote.http11.Http11NioProtocol - Starting ProtocolHandler ["http-nio-9090"]
[2025-11-03 01:04:43:8669][restartedMain] INFO  o.s.b.w.e.tomcat.TomcatWebServer - Tomcat started on port 9090 (http) with context path '/'
[2025-11-03 01:04:43:8682][restartedMain] INFO  back.code.ModuBackApplication - Started ModuBackApplication in 8.093 seconds (process running for 9.446)
[2025-11-03 01:08:00:205666][http-nio-9090-exec-1] INFO  o.a.c.c.C.[Tomcat].[localhost].[/] - Initializing Spring DispatcherServlet 'dispatcherServlet'
[2025-11-03 01:08:00:205666][http-nio-9090-exec-1] INFO  o.s.web.servlet.DispatcherServlet - Initializing Servlet 'dispatcherServlet'
[2025-11-03 01:08:00:205669][http-nio-9090-exec-1] INFO  o.s.web.servlet.DispatcherServlet - Completed initialization in 3 ms
[2025-11-03 01:08:00:205737][http-nio-9090-exec-1] INFO  back.code.filter.JWTFilter - acessToken is null
[2025-11-03 01:08:00:205869][http-nio-9090-exec-1] DEBUG org.hibernate.SQL - 
    select
        ue1_0.user_id,
        ue1_0.addr,
        ue1_0.addr_detail,
        ue1_0.agency,
        ue1_0.birth,
        ue1_0.create_at,
        ue1_0.email,
        ue1_0.password,
        ue1_0.phone,
        ue1_0.social_type,
        ue1_0.status,
        ue1_0.update_at,
        ue1_0.user_name,
        ue1_0.user_nick,
        ur1_0.role_id,
        ur1_0.role_name,
        ue1_0.withdraw_at,
        ue1_0.withdraw_reason 
    from
        user ue1_0 
    left join
        user_role ur1_0 
            on ur1_0.role_id=ue1_0.user_role 
    where
        ue1_0.user_id=?
[2025-11-03 01:08:00:205876][http-nio-9090-exec-1] INFO  p6spy - 2025-11-03 01:08:00 | OperationTime : 1ms | 
(P6Spy sql, Hibernate format):

    select
        ue1_0.user_id,
        ue1_0.addr,
        ue1_0.addr_detail,
        ue1_0.agency,
        ue1_0.birth,
        ue1_0.create_at,
        ue1_0.email,
        ue1_0.password,
        ue1_0.phone,
        ue1_0.social_type,
        ue1_0.status,
        ue1_0.update_at,
        ue1_0.user_name,
        ue1_0.user_nick,
        ur1_0.role_id,
        ur1_0.role_name,
        ue1_0.withdraw_at,
        ue1_0.withdraw_reason 
    from
        user ue1_0 
    left join
        user_role ur1_0 
            on ur1_0.role_id=ue1_0.user_role 
    where
        ue1_0.user_id='sm00216'
[2025-11-03 01:08:06:211872][http-nio-9090-exec-1] INFO  b.code.user.service.EmailService - [이메일 인증코드 전송] email=sm00216@naver.com, code=511601
[2025-11-03 01:08:06:211872][http-nio-9090-exec-1] INFO  back.code.user.service.UserService - [비밀번호 찾기] 인증번호 발송 완료 - userId=sm00216, email=sm00216@naver.com
[2025-11-03 01:08:06:211872][http-nio-9090-exec-1] INFO  p6spy - 
[2025-11-03 01:08:31:237076][http-nio-9090-exec-2] INFO  back.code.filter.JWTFilter - acessToken is null
[2025-11-03 01:08:31:237082][http-nio-9090-exec-2] DEBUG org.hibernate.SQL - 
    select
        ue1_0.user_id,
        ue1_0.addr,
        ue1_0.addr_detail,
        ue1_0.agency,
        ue1_0.birth,
        ue1_0.create_at,
        ue1_0.email,
        ue1_0.password,
        ue1_0.phone,
        ue1_0.social_type,
        ue1_0.status,
        ue1_0.update_at,
        ue1_0.user_name,
        ue1_0.user_nick,
        ur1_0.role_id,
        ur1_0.role_name,
        ue1_0.withdraw_at,
        ue1_0.withdraw_reason 
    from
        user ue1_0 
    left join
        user_role ur1_0 
            on ur1_0.role_id=ue1_0.user_role 
    where
        ue1_0.user_id=?
[2025-11-03 01:08:31:237084][http-nio-9090-exec-2] INFO  p6spy - 2025-11-03 01:08:31 | OperationTime : 1ms | 
(P6Spy sql, Hibernate format):

    select
        ue1_0.user_id,
        ue1_0.addr,
        ue1_0.addr_detail,
        ue1_0.agency,
        ue1_0.birth,
        ue1_0.create_at,
        ue1_0.email,
        ue1_0.password,
        ue1_0.phone,
        ue1_0.social_type,
        ue1_0.status,
        ue1_0.update_at,
        ue1_0.user_name,
        ue1_0.user_nick,
        ur1_0.role_id,
        ur1_0.role_name,
        ue1_0.withdraw_at,
        ue1_0.withdraw_reason 
    from
        user ue1_0 
    left join
        user_role ur1_0 
            on ur1_0.role_id=ue1_0.user_role 
    where
        ue1_0.user_id='sm00216'
[2025-11-03 01:08:31:237084][http-nio-9090-exec-2] INFO  back.code.user.service.UserService - [비밀번호 찾기 인증 성공] userId=sm00216, email=sm00216@naver.com
[2025-11-03 01:08:31:237084][http-nio-9090-exec-2] INFO  p6spy - 
[2025-11-03 01:08:47:252446][http-nio-9090-exec-3] INFO  back.code.filter.JWTFilter - acessToken is null
[2025-11-03 01:08:47:252451][http-nio-9090-exec-3] DEBUG org.hibernate.SQL - 
    select
        ue1_0.user_id,
        ue1_0.addr,
        ue1_0.addr_detail,
        ue1_0.agency,
        ue1_0.birth,
        ue1_0.create_at,
        ue1_0.email,
        ue1_0.password,
        ue1_0.phone,
        ue1_0.social_type,
        ue1_0.status,
        ue1_0.update_at,
        ue1_0.user_name,
        ue1_0.user_nick,
        ur1_0.role_id,
        ur1_0.role_name,
        ue1_0.withdraw_at,
        ue1_0.withdraw_reason 
    from
        user ue1_0 
    left join
        user_role ur1_0 
            on ur1_0.role_id=ue1_0.user_role 
    where
        ue1_0.user_id=?
[2025-11-03 01:08:47:252452][http-nio-9090-exec-3] INFO  p6spy - 2025-11-03 01:08:47 | OperationTime : 0ms | 
(P6Spy sql, Hibernate format):

    select
        ue1_0.user_id,
        ue1_0.addr,
        ue1_0.addr_detail,
        ue1_0.agency,
        ue1_0.birth,
        ue1_0.create_at,
        ue1_0.email,
        ue1_0.password,
        ue1_0.phone,
        ue1_0.social_type,
        ue1_0.status,
        ue1_0.update_at,
        ue1_0.user_name,
        ue1_0.user_nick,
        ur1_0.role_id,
        ur1_0.role_name,
        ue1_0.withdraw_at,
        ue1_0.withdraw_reason 
    from
        user ue1_0 
    left join
        user_role ur1_0 
            on ur1_0.role_id=ue1_0.user_role 
    where
        ue1_0.user_id='sm00216'
[2025-11-03 01:08:47:252716][http-nio-9090-exec-3] INFO  back.code.user.service.UserService - [비밀번호 재설정 완료] userId=sm00216
[2025-11-03 01:08:47:252792][http-nio-9090-exec-3] DEBUG org.hibernate.SQL - 
    update
        user 
    set
        addr=?,
        addr_detail=?,
        agency=?,
        birth=?,
        email=?,
        password=?,
        phone=?,
        social_type=?,
        status=?,
        update_at=?,
        user_name=?,
        user_nick=?,
        user_role=?,
        withdraw_at=?,
        withdraw_reason=? 
    where
        user_id=?
[2025-11-03 01:08:47:252856][http-nio-9090-exec-3] INFO  p6spy - 2025-11-03 01:08:47 | OperationTime : 58ms | 
(P6Spy sql, Hibernate format):

    update
        user 
    set
        addr='서울 서대문구 성산로20길 22-7 (창천동)',
        addr_detail='206호',
        agency='SKT',
        birth='2000-03-21T00:00:00.000+0900',
        email='sm00216@naver.com',
        password='$2a$10$z5Q6s930zNtqMCCZA.w3r.H2DTR7PjUHRFzOiDEJZqchO2bCl8WZC',
        phone='01082540386',
        social_type=NULL,
        status='active',
        update_at='2025-11-03T01:08:47.585+0900',
        user_name='이세민',
        user_nick='테스트',
        user_role='USER',
        withdraw_at=NULL,
        withdraw_reason=NULL 
    where
        user_id='sm00216'
[2025-11-03 01:08:47:252862][http-nio-9090-exec-3] INFO  p6spy - 
[2025-11-03 01:08:53:259050][http-nio-9090-exec-4] INFO  back.code.filter.JWTFilter - acessToken is null
[2025-11-03 01:08:54:259327][http-nio-9090-exec-4] DEBUG org.hibernate.SQL - 
    select
        ue1_0.user_id,
        ue1_0.user_name,
        ue1_0.password,
        ur1_0.role_name 
    from
        user ue1_0 
    join
        user_role ur1_0 
            on ur1_0.role_id=ue1_0.user_role 
    where
        ue1_0.user_id=?
[2025-11-03 01:08:54:259330][http-nio-9090-exec-4] INFO  p6spy - 2025-11-03 01:08:54 | OperationTime : 0ms | 
(P6Spy sql, Hibernate format):

    select
        ue1_0.user_id,
        ue1_0.user_name,
        ue1_0.password,
        ur1_0.role_name 
    from
        user ue1_0 
    join
        user_role ur1_0 
            on ur1_0.role_id=ue1_0.user_role 
    where
        ue1_0.user_id='sm00216'
[2025-11-03 03:29:59:8724714][HikariPool-1:housekeeper] WARN  com.zaxxer.hikari.pool.HikariPool - HikariPool-1 - Thread starvation or clock leap detected (housekeeper delta=1h59m49s241ms148µs700ns).
[2025-11-03 08:53:10:28115916][HikariPool-1:housekeeper] WARN  com.zaxxer.hikari.pool.HikariPool - HikariPool-1 - Thread starvation or clock leap detected (housekeeper delta=5h23m11s218ms804µs300ns).
[2025-11-03 09:29:58:30323832][HikariPool-1:housekeeper] WARN  com.zaxxer.hikari.pool.HikariPool - HikariPool-1 - Thread starvation or clock leap detected (housekeeper delta=2m17s351ms904µs400ns).
[2025-11-03 09:41:05:30990440][File Watcher] INFO  o.s.b.d.a.LocalDevToolsAutoConfiguration$RestartingClassPathChangeChangedEventListener - Restarting due to 6 class path changes (0 additions, 0 deletions, 6 modifications)
[2025-11-03 09:41:05:30990450][Thread-11] INFO  o.s.b.w.e.tomcat.GracefulShutdown - Commencing graceful shutdown. Waiting for active requests to complete
[2025-11-03 09:41:05:30990455][tomcat-shutdown] INFO  o.a.coyote.http11.Http11NioProtocol - Pausing ProtocolHandler ["http-nio-9090"]
[2025-11-03 09:41:05:30990462][tomcat-shutdown] INFO  o.s.b.w.e.tomcat.GracefulShutdown - Graceful shutdown complete
[2025-11-03 09:41:05:30990462][Thread-11] INFO  o.a.coyote.http11.Http11NioProtocol - Stopping ProtocolHandler ["http-nio-9090"]
[2025-11-03 09:41:05:30990524][Thread-11] INFO  o.s.o.j.LocalContainerEntityManagerFactoryBean - Closing JPA EntityManagerFactory for persistence unit 'default'
[2025-11-03 09:41:05:30990534][Thread-11] INFO  com.zaxxer.hikari.HikariDataSource - HikariPool-1 - Shutdown initiated...
[2025-11-03 09:41:05:30990539][Thread-11] INFO  com.zaxxer.hikari.HikariDataSource - HikariPool-1 - Shutdown completed.
[2025-11-03 09:41:05:30990750][restartedMain] INFO  back.code.ModuBackApplication - Starting ModuBackApplication using Java 21.0.7 with PID 16156 (C:\modu_project\modu_back\build\classes\java\main started by sm002 in C:\modu_project\modu_back)
[2025-11-03 09:41:05:30990751][restartedMain] INFO  back.code.ModuBackApplication - No active profile set, falling back to 1 default profile: "default"
[2025-11-03 09:41:06:30991250][restartedMain] INFO  o.s.d.r.c.RepositoryConfigurationDelegate - Bootstrapping Spring Data JPA repositories in DEFAULT mode.
[2025-11-03 09:41:06:30991291][restartedMain] INFO  o.s.d.r.c.RepositoryConfigurationDelegate - Finished Spring Data repository scanning in 38 ms. Found 3 JPA repository interfaces.
[2025-11-03 09:41:06:30991484][restartedMain] INFO  o.s.b.w.e.tomcat.TomcatWebServer - Tomcat initialized with port 9090 (http)
[2025-11-03 09:41:06:30991484][restartedMain] INFO  o.a.coyote.http11.Http11NioProtocol - Initializing ProtocolHandler ["http-nio-9090"]
[2025-11-03 09:41:06:30991484][restartedMain] INFO  o.a.catalina.core.StandardService - Starting service [Tomcat]
[2025-11-03 09:41:06:30991484][restartedMain] INFO  o.a.catalina.core.StandardEngine - Starting Servlet engine: [Apache Tomcat/10.1.48]
[2025-11-03 09:41:06:30991579][restartedMain] INFO  o.a.c.c.C.[Tomcat].[localhost].[/] - Initializing Spring embedded WebApplicationContext
[2025-11-03 09:41:06:30991579][restartedMain] INFO  o.s.b.w.s.c.ServletWebServerApplicationContext - Root WebApplicationContext: initialization completed in 824 ms
[2025-11-03 09:41:06:30991663][restartedMain] INFO  o.h.jpa.internal.util.LogHelper - HHH000204: Processing PersistenceUnitInfo [name: default]
[2025-11-03 09:41:06:30991669][restartedMain] INFO  o.h.c.i.RegionFactoryInitiator - HHH000026: Second-level cache disabled
[2025-11-03 09:41:06:30991690][restartedMain] INFO  o.s.o.j.p.SpringPersistenceUnitInfo - No LoadTimeWeaver setup: ignoring JPA class transformer
[2025-11-03 09:41:06:30991693][restartedMain] INFO  com.zaxxer.hikari.HikariDataSource - HikariPool-2 - Starting...
[2025-11-03 09:41:06:30991700][restartedMain] INFO  com.zaxxer.hikari.pool.HikariPool - HikariPool-2 - Added connection org.mariadb.jdbc.Connection@49d43b0d
[2025-11-03 09:41:06:30991700][restartedMain] INFO  com.zaxxer.hikari.HikariDataSource - HikariPool-2 - Start completed.
[2025-11-03 09:41:06:30991700][restartedMain] WARN  org.hibernate.orm.deprecation - HHH90000025: MariaDBDialect does not need to be specified explicitly using 'hibernate.dialect' (remove the property setting and it will be selected by default)
[2025-11-03 09:41:06:30991700][restartedMain] INFO  o.hibernate.orm.connections.pooling - HHH10001005: Database info:
	Database JDBC URL [Connecting through datasource 'p6SpyDataSourceDecorator [com.p6spy.engine.spy.P6DataSource] -> dataSource [com.zaxxer.hikari.HikariDataSource]']
	Database driver: undefined/unknown
	Database version: 11.8.2
	Autocommit mode: undefined/unknown
	Isolation level: undefined/unknown
	Minimum pool size: undefined/unknown
	Maximum pool size: undefined/unknown
[2025-11-03 09:41:06:30991700][restartedMain] DEBUG o.h.t.d.sql.spi.DdlTypeRegistry - addDescriptor(12, org.hibernate.type.descriptor.sql.internal.CapacityDependentDdlType@5f63c7bb) replaced previous registration(org.hibernate.type.descriptor.sql.internal.CapacityDependentDdlType@58b237c3)
[2025-11-03 09:41:06:30991700][restartedMain] DEBUG o.h.t.d.sql.spi.DdlTypeRegistry - addDescriptor(-9, org.hibernate.type.descriptor.sql.internal.CapacityDependentDdlType@4e44ce13) replaced previous registration(org.hibernate.type.descriptor.sql.internal.CapacityDependentDdlType@57336f3)
[2025-11-03 09:41:06:30991700][restartedMain] DEBUG o.h.t.d.sql.spi.DdlTypeRegistry - addDescriptor(-3, org.hibernate.type.descriptor.sql.internal.CapacityDependentDdlType@446c77f9) replaced previous registration(org.hibernate.type.descriptor.sql.internal.CapacityDependentDdlType@d295c98)
[2025-11-03 09:41:06:30991700][restartedMain] DEBUG o.h.t.d.sql.spi.DdlTypeRegistry - addDescriptor(4003, org.hibernate.type.descriptor.sql.internal.DdlTypeImpl@65f53f78) replaced previous registration(org.hibernate.type.descriptor.sql.internal.DdlTypeImpl@79ad499b)
[2025-11-03 09:41:06:30991700][restartedMain] DEBUG o.h.t.d.sql.spi.DdlTypeRegistry - addDescriptor(4001, org.hibernate.type.descriptor.sql.internal.DdlTypeImpl@5e592ae8) replaced previous registration(org.hibernate.type.descriptor.sql.internal.DdlTypeImpl@19d37027)
[2025-11-03 09:41:06:30991700][restartedMain] DEBUG o.h.t.d.sql.spi.DdlTypeRegistry - addDescriptor(4002, org.hibernate.type.descriptor.sql.internal.DdlTypeImpl@5591829a) replaced previous registration(org.hibernate.type.descriptor.sql.internal.DdlTypeImpl@4663f822)
[2025-11-03 09:41:06:30991700][restartedMain] DEBUG o.h.t.d.sql.spi.DdlTypeRegistry - addDescriptor(2004, org.hibernate.type.descriptor.sql.internal.CapacityDependentDdlType@51fa946c) replaced previous registration(org.hibernate.type.descriptor.sql.internal.DdlTypeImpl@532a943c)
[2025-11-03 09:41:06:30991700][restartedMain] DEBUG o.h.t.d.sql.spi.DdlTypeRegistry - addDescriptor(2005, org.hibernate.type.descriptor.sql.internal.CapacityDependentDdlType@a764991) replaced previous registration(org.hibernate.type.descriptor.sql.internal.DdlTypeImpl@538d1215)
[2025-11-03 09:41:06:30991700][restartedMain] DEBUG o.h.t.d.sql.spi.DdlTypeRegistry - addDescriptor(2011, org.hibernate.type.descriptor.sql.internal.CapacityDependentDdlType@56d1a5fc) replaced previous registration(org.hibernate.type.descriptor.sql.internal.DdlTypeImpl@515d406e)
[2025-11-03 09:41:06:30991874][restartedMain] INFO  o.h.e.t.j.p.i.JtaPlatformInitiator - HHH000489: No JTA platform available (set 'hibernate.transaction.jta.platform' to enable JTA platform integration)
[2025-11-03 09:41:06:30991883][restartedMain] INFO  p6spy - #1762130466721 | took 7ms | statement | connection 7| url jdbc:mariadb://localhost/modu?user=root&password=***&prepStmtCacheSqlLimit=2048&useServerPrepStmts=true
select table_name from information_schema.TABLES where table_schema=database() and table_type='SEQUENCE'
select table_name from information_schema.TABLES where table_schema=database() and table_type='SEQUENCE';
[2025-11-03 09:41:06:30991899][restartedMain] INFO  o.s.o.j.LocalContainerEntityManagerFactoryBean - Initialized JPA EntityManagerFactory for persistence unit 'default'
[2025-11-03 09:41:07:30992268][restartedMain] INFO  o.s.s.c.a.a.c.InitializeAuthenticationProviderBeanManagerConfigurer$InitializeAuthenticationProviderManagerConfigurer - Global AuthenticationManager configured with AuthenticationProvider bean with name authProvider
[2025-11-03 09:41:07:30992268][restartedMain] WARN  o.s.s.c.a.a.c.InitializeUserDetailsBeanManagerConfigurer$InitializeUserDetailsManagerConfigurer - Global AuthenticationManager configured with an AuthenticationProvider bean. UserDetailsService beans will not be used by Spring Security for automatically configuring username/password login. Consider removing the AuthenticationProvider bean. Alternatively, consider using the UserDetailsService in a manually instantiated DaoAuthenticationProvider. If the current configuration is intentional, to turn off this warning, increase the logging level of 'org.springframework.security.config.annotation.authentication.configuration.InitializeUserDetailsBeanManagerConfigurer' to ERROR
[2025-11-03 09:41:07:30992304][restartedMain] WARN  o.s.s.c.a.web.builders.WebSecurity - You are asking Spring Security to ignore Deferred [Mvc [pattern='/static/imgs/**'], Ant [pattern='/static/imgs/**']]. This is not recommended -- please use permitAll via HttpSecurity#authorizeHttpRequests instead.
[2025-11-03 09:41:07:30992304][restartedMain] WARN  o.s.s.c.a.web.builders.WebSecurity - You are asking Spring Security to ignore org.springframework.boot.autoconfigure.security.servlet.StaticResourceRequest$StaticResourceRequestMatcher@edc0570. This is not recommended -- please use permitAll via HttpSecurity#authorizeHttpRequests instead.
[2025-11-03 09:41:07:30992421][restartedMain] INFO  o.s.b.d.a.OptionalLiveReloadServer - LiveReload server is running on port 35729
[2025-11-03 09:41:07:30992435][restartedMain] INFO  o.a.coyote.http11.Http11NioProtocol - Starting ProtocolHandler ["http-nio-9090"]
[2025-11-03 09:41:07:30992439][restartedMain] INFO  o.s.b.w.e.tomcat.TomcatWebServer - Tomcat started on port 9090 (http) with context path '/'
[2025-11-03 09:41:07:30992444][restartedMain] INFO  back.code.ModuBackApplication - Started ModuBackApplication in 1.805 seconds (process running for 30993.209)
[2025-11-03 09:41:07:30992447][restartedMain] INFO  o.s.b.d.a.ConditionEvaluationDeltaLoggingListener - Condition evaluation unchanged
[2025-11-03 09:44:20:31185819][File Watcher] INFO  o.s.b.d.a.LocalDevToolsAutoConfiguration$RestartingClassPathChangeChangedEventListener - Restarting due to 1 class path change (1 addition, 0 deletions, 0 modifications)
[2025-11-03 09:44:20:31185820][Thread-13] INFO  o.s.b.w.e.tomcat.GracefulShutdown - Commencing graceful shutdown. Waiting for active requests to complete
[2025-11-03 09:44:20:31185821][tomcat-shutdown] INFO  o.a.coyote.http11.Http11NioProtocol - Pausing ProtocolHandler ["http-nio-9090"]
[2025-11-03 09:44:20:31185825][tomcat-shutdown] INFO  o.s.b.w.e.tomcat.GracefulShutdown - Graceful shutdown complete
[2025-11-03 09:44:20:31185825][Thread-13] INFO  o.a.coyote.http11.Http11NioProtocol - Stopping ProtocolHandler ["http-nio-9090"]
[2025-11-03 09:44:20:31185828][Thread-13] INFO  o.s.o.j.LocalContainerEntityManagerFactoryBean - Closing JPA EntityManagerFactory for persistence unit 'default'
[2025-11-03 09:44:20:31185829][Thread-13] INFO  com.zaxxer.hikari.HikariDataSource - HikariPool-2 - Shutdown initiated...
[2025-11-03 09:44:20:31185832][Thread-13] INFO  com.zaxxer.hikari.HikariDataSource - HikariPool-2 - Shutdown completed.
[2025-11-03 09:44:20:31185943][restartedMain] INFO  back.code.ModuBackApplication - Starting ModuBackApplication using Java 21.0.7 with PID 16156 (C:\modu_project\modu_back\build\classes\java\main started by sm002 in C:\modu_project\modu_back)
[2025-11-03 09:44:20:31185944][restartedMain] INFO  back.code.ModuBackApplication - No active profile set, falling back to 1 default profile: "default"
[2025-11-03 09:44:21:31186237][restartedMain] INFO  o.s.d.r.c.RepositoryConfigurationDelegate - Bootstrapping Spring Data JPA repositories in DEFAULT mode.
[2025-11-03 09:44:21:31186264][restartedMain] INFO  o.s.d.r.c.RepositoryConfigurationDelegate - Finished Spring Data repository scanning in 25 ms. Found 3 JPA repository interfaces.
[2025-11-03 09:44:21:31186362][restartedMain] INFO  o.s.b.w.e.tomcat.TomcatWebServer - Tomcat initialized with port 9090 (http)
[2025-11-03 09:44:21:31186363][restartedMain] INFO  o.a.coyote.http11.Http11NioProtocol - Initializing ProtocolHandler ["http-nio-9090"]
[2025-11-03 09:44:21:31186363][restartedMain] INFO  o.a.catalina.core.StandardService - Starting service [Tomcat]
[2025-11-03 09:44:21:31186363][restartedMain] INFO  o.a.catalina.core.StandardEngine - Starting Servlet engine: [Apache Tomcat/10.1.48]
[2025-11-03 09:44:21:31186401][restartedMain] INFO  o.a.c.c.C.[Tomcat].[localhost].[/] - Initializing Spring embedded WebApplicationContext
[2025-11-03 09:44:21:31186401][restartedMain] INFO  o.s.b.w.s.c.ServletWebServerApplicationContext - Root WebApplicationContext: initialization completed in 456 ms
[2025-11-03 09:44:21:31186440][restartedMain] INFO  o.h.jpa.internal.util.LogHelper - HHH000204: Processing PersistenceUnitInfo [name: default]
[2025-11-03 09:44:21:31186443][restartedMain] INFO  o.h.c.i.RegionFactoryInitiator - HHH000026: Second-level cache disabled
[2025-11-03 09:44:21:31186466][restartedMain] INFO  o.s.o.j.p.SpringPersistenceUnitInfo - No LoadTimeWeaver setup: ignoring JPA class transformer
[2025-11-03 09:44:21:31186466][restartedMain] INFO  com.zaxxer.hikari.HikariDataSource - HikariPool-3 - Starting...
[2025-11-03 09:44:21:31186474][restartedMain] INFO  com.zaxxer.hikari.pool.HikariPool - HikariPool-3 - Added connection org.mariadb.jdbc.Connection@3e21145c
[2025-11-03 09:44:21:31186474][restartedMain] INFO  com.zaxxer.hikari.HikariDataSource - HikariPool-3 - Start completed.
[2025-11-03 09:44:21:31186477][restartedMain] WARN  org.hibernate.orm.deprecation - HHH90000025: MariaDBDialect does not need to be specified explicitly using 'hibernate.dialect' (remove the property setting and it will be selected by default)
[2025-11-03 09:44:21:31186478][restartedMain] INFO  o.hibernate.orm.connections.pooling - HHH10001005: Database info:
	Database JDBC URL [Connecting through datasource 'p6SpyDataSourceDecorator [com.p6spy.engine.spy.P6DataSource] -> dataSource [com.zaxxer.hikari.HikariDataSource]']
	Database driver: undefined/unknown
	Database version: 11.8.2
	Autocommit mode: undefined/unknown
	Isolation level: undefined/unknown
	Minimum pool size: undefined/unknown
	Maximum pool size: undefined/unknown
[2025-11-03 09:44:21:31186478][restartedMain] DEBUG o.h.t.d.sql.spi.DdlTypeRegistry - addDescriptor(12, org.hibernate.type.descriptor.sql.internal.CapacityDependentDdlType@6f6c499f) replaced previous registration(org.hibernate.type.descriptor.sql.internal.CapacityDependentDdlType@59eaa6e3)
[2025-11-03 09:44:21:31186478][restartedMain] DEBUG o.h.t.d.sql.spi.DdlTypeRegistry - addDescriptor(-9, org.hibernate.type.descriptor.sql.internal.CapacityDependentDdlType@57f1a81a) replaced previous registration(org.hibernate.type.descriptor.sql.internal.CapacityDependentDdlType@44ec894f)
[2025-11-03 09:44:21:31186478][restartedMain] DEBUG o.h.t.d.sql.spi.DdlTypeRegistry - addDescriptor(-3, org.hibernate.type.descriptor.sql.internal.CapacityDependentDdlType@49c100fc) replaced previous registration(org.hibernate.type.descriptor.sql.internal.CapacityDependentDdlType@45107a99)
[2025-11-03 09:44:21:31186478][restartedMain] DEBUG o.h.t.d.sql.spi.DdlTypeRegistry - addDescriptor(4003, org.hibernate.type.descriptor.sql.internal.DdlTypeImpl@1f7bab59) replaced previous registration(org.hibernate.type.descriptor.sql.internal.DdlTypeImpl@3f7dff08)
[2025-11-03 09:44:21:31186478][restartedMain] DEBUG o.h.t.d.sql.spi.DdlTypeRegistry - addDescriptor(4001, org.hibernate.type.descriptor.sql.internal.DdlTypeImpl@7e7acefb) replaced previous registration(org.hibernate.type.descriptor.sql.internal.DdlTypeImpl@38f8b71f)
[2025-11-03 09:44:21:31186478][restartedMain] DEBUG o.h.t.d.sql.spi.DdlTypeRegistry - addDescriptor(4002, org.hibernate.type.descriptor.sql.internal.DdlTypeImpl@7a1bf23a) replaced previous registration(org.hibernate.type.descriptor.sql.internal.DdlTypeImpl@2aced7ce)
[2025-11-03 09:44:21:31186478][restartedMain] DEBUG o.h.t.d.sql.spi.DdlTypeRegistry - addDescriptor(2004, org.hibernate.type.descriptor.sql.internal.CapacityDependentDdlType@26bd97a) replaced previous registration(org.hibernate.type.descriptor.sql.internal.DdlTypeImpl@7fd6d667)
[2025-11-03 09:44:21:31186478][restartedMain] DEBUG o.h.t.d.sql.spi.DdlTypeRegistry - addDescriptor(2005, org.hibernate.type.descriptor.sql.internal.CapacityDependentDdlType@5a796185) replaced previous registration(org.hibernate.type.descriptor.sql.internal.DdlTypeImpl@6d5ada3)
[2025-11-03 09:44:21:31186478][restartedMain] DEBUG o.h.t.d.sql.spi.DdlTypeRegistry - addDescriptor(2011, org.hibernate.type.descriptor.sql.internal.CapacityDependentDdlType@5a29040a) replaced previous registration(org.hibernate.type.descriptor.sql.internal.DdlTypeImpl@130584c6)
[2025-11-03 09:44:21:31186616][restartedMain] INFO  o.h.e.t.j.p.i.JtaPlatformInitiator - HHH000489: No JTA platform available (set 'hibernate.transaction.jta.platform' to enable JTA platform integration)
[2025-11-03 09:44:21:31186619][restartedMain] INFO  p6spy - #1762130661457 | took 1ms | statement | connection 9| url jdbc:mariadb://localhost/modu?user=root&password=***&prepStmtCacheSqlLimit=2048&useServerPrepStmts=true
select table_name from information_schema.TABLES where table_schema=database() and table_type='SEQUENCE'
select table_name from information_schema.TABLES where table_schema=database() and table_type='SEQUENCE';
[2025-11-03 09:44:21:31186640][restartedMain] INFO  o.s.o.j.LocalContainerEntityManagerFactoryBean - Initialized JPA EntityManagerFactory for persistence unit 'default'
[2025-11-03 09:44:21:31186970][restartedMain] INFO  o.s.s.c.a.a.c.InitializeAuthenticationProviderBeanManagerConfigurer$InitializeAuthenticationProviderManagerConfigurer - Global AuthenticationManager configured with AuthenticationProvider bean with name authProvider
[2025-11-03 09:44:21:31186970][restartedMain] WARN  o.s.s.c.a.a.c.InitializeUserDetailsBeanManagerConfigurer$InitializeUserDetailsManagerConfigurer - Global AuthenticationManager configured with an AuthenticationProvider bean. UserDetailsService beans will not be used by Spring Security for automatically configuring username/password login. Consider removing the AuthenticationProvider bean. Alternatively, consider using the UserDetailsService in a manually instantiated DaoAuthenticationProvider. If the current configuration is intentional, to turn off this warning, increase the logging level of 'org.springframework.security.config.annotation.authentication.configuration.InitializeUserDetailsBeanManagerConfigurer' to ERROR
[2025-11-03 09:44:21:31187015][restartedMain] WARN  o.s.s.c.a.web.builders.WebSecurity - You are asking Spring Security to ignore Deferred [Mvc [pattern='/static/imgs/**'], Ant [pattern='/static/imgs/**']]. This is not recommended -- please use permitAll via HttpSecurity#authorizeHttpRequests instead.
[2025-11-03 09:44:21:31187015][restartedMain] WARN  o.s.s.c.a.web.builders.WebSecurity - You are asking Spring Security to ignore org.springframework.boot.autoconfigure.security.servlet.StaticResourceRequest$StaticResourceRequestMatcher@5ba7b991. This is not recommended -- please use permitAll via HttpSecurity#authorizeHttpRequests instead.
[2025-11-03 09:44:21:31187131][restartedMain] INFO  o.s.b.d.a.OptionalLiveReloadServer - LiveReload server is running on port 35729
[2025-11-03 09:44:21:31187146][restartedMain] INFO  o.a.coyote.http11.Http11NioProtocol - Starting ProtocolHandler ["http-nio-9090"]
[2025-11-03 09:44:21:31187151][restartedMain] INFO  o.s.b.w.e.tomcat.TomcatWebServer - Tomcat started on port 9090 (http) with context path '/'
[2025-11-03 09:44:21:31187156][restartedMain] INFO  back.code.ModuBackApplication - Started ModuBackApplication in 1.27 seconds (process running for 31187.92)
[2025-11-03 09:44:21:31187159][restartedMain] INFO  o.s.b.d.a.ConditionEvaluationDeltaLoggingListener - Condition evaluation unchanged
[2025-11-03 09:45:45:31270639][File Watcher] INFO  o.s.b.d.a.LocalDevToolsAutoConfiguration$RestartingClassPathChangeChangedEventListener - Restarting due to 1 class path change (0 additions, 1 deletion, 0 modifications)
[2025-11-03 09:45:45:31270640][Thread-20] INFO  o.s.b.w.e.tomcat.GracefulShutdown - Commencing graceful shutdown. Waiting for active requests to complete
[2025-11-03 09:45:45:31270641][tomcat-shutdown] INFO  o.a.coyote.http11.Http11NioProtocol - Pausing ProtocolHandler ["http-nio-9090"]
[2025-11-03 09:45:45:31270651][tomcat-shutdown] INFO  o.s.b.w.e.tomcat.GracefulShutdown - Graceful shutdown complete
[2025-11-03 09:45:45:31270651][Thread-20] INFO  o.a.coyote.http11.Http11NioProtocol - Stopping ProtocolHandler ["http-nio-9090"]
[2025-11-03 09:45:45:31270656][Thread-20] INFO  o.s.o.j.LocalContainerEntityManagerFactoryBean - Closing JPA EntityManagerFactory for persistence unit 'default'
[2025-11-03 09:45:45:31270656][Thread-20] INFO  com.zaxxer.hikari.HikariDataSource - HikariPool-3 - Shutdown initiated...
[2025-11-03 09:45:45:31270659][Thread-20] INFO  com.zaxxer.hikari.HikariDataSource - HikariPool-3 - Shutdown completed.
[2025-11-03 09:45:45:31270776][restartedMain] INFO  back.code.ModuBackApplication - Starting ModuBackApplication using Java 21.0.7 with PID 16156 (C:\modu_project\modu_back\build\classes\java\main started by sm002 in C:\modu_project\modu_back)
[2025-11-03 09:45:45:31270776][restartedMain] INFO  back.code.ModuBackApplication - No active profile set, falling back to 1 default profile: "default"
[2025-11-03 09:45:45:31271025][restartedMain] INFO  o.s.d.r.c.RepositoryConfigurationDelegate - Bootstrapping Spring Data JPA repositories in DEFAULT mode.
[2025-11-03 09:45:45:31271070][restartedMain] INFO  o.s.d.r.c.RepositoryConfigurationDelegate - Finished Spring Data repository scanning in 34 ms. Found 3 JPA repository interfaces.
[2025-11-03 09:45:46:31271217][restartedMain] INFO  o.s.b.w.e.tomcat.TomcatWebServer - Tomcat initialized with port 9090 (http)
[2025-11-03 09:45:46:31271218][restartedMain] INFO  o.a.coyote.http11.Http11NioProtocol - Initializing ProtocolHandler ["http-nio-9090"]
[2025-11-03 09:45:46:31271218][restartedMain] INFO  o.a.catalina.core.StandardService - Starting service [Tomcat]
[2025-11-03 09:45:46:31271218][restartedMain] INFO  o.a.catalina.core.StandardEngine - Starting Servlet engine: [Apache Tomcat/10.1.48]
[2025-11-03 09:45:46:31271263][restartedMain] INFO  o.a.c.c.C.[Tomcat].[localhost].[/] - Initializing Spring embedded WebApplicationContext
[2025-11-03 09:45:46:31271263][restartedMain] INFO  o.s.b.w.s.c.ServletWebServerApplicationContext - Root WebApplicationContext: initialization completed in 485 ms
[2025-11-03 09:45:46:31271320][restartedMain] INFO  o.h.jpa.internal.util.LogHelper - HHH000204: Processing PersistenceUnitInfo [name: default]
[2025-11-03 09:45:46:31271324][restartedMain] INFO  o.h.c.i.RegionFactoryInitiator - HHH000026: Second-level cache disabled
[2025-11-03 09:45:46:31271337][restartedMain] INFO  o.s.o.j.p.SpringPersistenceUnitInfo - No LoadTimeWeaver setup: ignoring JPA class transformer
[2025-11-03 09:45:46:31271338][restartedMain] INFO  com.zaxxer.hikari.HikariDataSource - HikariPool-4 - Starting...
[2025-11-03 09:45:46:31271342][restartedMain] INFO  com.zaxxer.hikari.pool.HikariPool - HikariPool-4 - Added connection org.mariadb.jdbc.Connection@58599f77
[2025-11-03 09:45:46:31271342][restartedMain] INFO  com.zaxxer.hikari.HikariDataSource - HikariPool-4 - Start completed.
[2025-11-03 09:45:46:31271343][restartedMain] WARN  org.hibernate.orm.deprecation - HHH90000025: MariaDBDialect does not need to be specified explicitly using 'hibernate.dialect' (remove the property setting and it will be selected by default)
[2025-11-03 09:45:46:31271344][restartedMain] INFO  o.hibernate.orm.connections.pooling - HHH10001005: Database info:
	Database JDBC URL [Connecting through datasource 'p6SpyDataSourceDecorator [com.p6spy.engine.spy.P6DataSource] -> dataSource [com.zaxxer.hikari.HikariDataSource]']
	Database driver: undefined/unknown
	Database version: 11.8.2
	Autocommit mode: undefined/unknown
	Isolation level: undefined/unknown
	Minimum pool size: undefined/unknown
	Maximum pool size: undefined/unknown
[2025-11-03 09:45:46:31271344][restartedMain] DEBUG o.h.t.d.sql.spi.DdlTypeRegistry - addDescriptor(12, org.hibernate.type.descriptor.sql.internal.CapacityDependentDdlType@483a59f1) replaced previous registration(org.hibernate.type.descriptor.sql.internal.CapacityDependentDdlType@34b31783)
[2025-11-03 09:45:46:31271344][restartedMain] DEBUG o.h.t.d.sql.spi.DdlTypeRegistry - addDescriptor(-9, org.hibernate.type.descriptor.sql.internal.CapacityDependentDdlType@1243e649) replaced previous registration(org.hibernate.type.descriptor.sql.internal.CapacityDependentDdlType@14e7678e)
[2025-11-03 09:45:46:31271344][restartedMain] DEBUG o.h.t.d.sql.spi.DdlTypeRegistry - addDescriptor(-3, org.hibernate.type.descriptor.sql.internal.CapacityDependentDdlType@e084132) replaced previous registration(org.hibernate.type.descriptor.sql.internal.CapacityDependentDdlType@222b407f)
[2025-11-03 09:45:46:31271344][restartedMain] DEBUG o.h.t.d.sql.spi.DdlTypeRegistry - addDescriptor(4003, org.hibernate.type.descriptor.sql.internal.DdlTypeImpl@2f579bdd) replaced previous registration(org.hibernate.type.descriptor.sql.internal.DdlTypeImpl@a352ae)
[2025-11-03 09:45:46:31271344][restartedMain] DEBUG o.h.t.d.sql.spi.DdlTypeRegistry - addDescriptor(4001, org.hibernate.type.descriptor.sql.internal.DdlTypeImpl@4cee8259) replaced previous registration(org.hibernate.type.descriptor.sql.internal.DdlTypeImpl@34be1b03)
[2025-11-03 09:45:46:31271344][restartedMain] DEBUG o.h.t.d.sql.spi.DdlTypeRegistry - addDescriptor(4002, org.hibernate.type.descriptor.sql.internal.DdlTypeImpl@27a4e73a) replaced previous registration(org.hibernate.type.descriptor.sql.internal.DdlTypeImpl@3d88e742)
[2025-11-03 09:45:46:31271344][restartedMain] DEBUG o.h.t.d.sql.spi.DdlTypeRegistry - addDescriptor(2004, org.hibernate.type.descriptor.sql.internal.CapacityDependentDdlType@54c46e0) replaced previous registration(org.hibernate.type.descriptor.sql.internal.DdlTypeImpl@41ee3349)
[2025-11-03 09:45:46:31271344][restartedMain] DEBUG o.h.t.d.sql.spi.DdlTypeRegistry - addDescriptor(2005, org.hibernate.type.descriptor.sql.internal.CapacityDependentDdlType@41f39179) replaced previous registration(org.hibernate.type.descriptor.sql.internal.DdlTypeImpl@3bbbccf2)
[2025-11-03 09:45:46:31271344][restartedMain] DEBUG o.h.t.d.sql.spi.DdlTypeRegistry - addDescriptor(2011, org.hibernate.type.descriptor.sql.internal.CapacityDependentDdlType@5c27f623) replaced previous registration(org.hibernate.type.descriptor.sql.internal.DdlTypeImpl@6c63e295)
[2025-11-03 09:45:46:31271575][restartedMain] INFO  o.h.e.t.j.p.i.JtaPlatformInitiator - HHH000489: No JTA platform available (set 'hibernate.transaction.jta.platform' to enable JTA platform integration)
[2025-11-03 09:45:46:31271577][restartedMain] INFO  p6spy - #1762130746415 | took 1ms | statement | connection 11| url jdbc:mariadb://localhost/modu?user=root&password=***&prepStmtCacheSqlLimit=2048&useServerPrepStmts=true
select table_name from information_schema.TABLES where table_schema=database() and table_type='SEQUENCE'
select table_name from information_schema.TABLES where table_schema=database() and table_type='SEQUENCE';
[2025-11-03 09:45:46:31271603][restartedMain] ERROR o.s.o.j.LocalContainerEntityManagerFactoryBean - Failed to initialize JPA EntityManagerFactory: [PersistenceUnit: default] Unable to build Hibernate SessionFactory; nested exception is org.hibernate.tool.schema.spi.SchemaManagementException: Schema-validation: missing column [create_at] in table [user_setting]
[2025-11-03 09:45:46:31271603][restartedMain] WARN  o.s.b.w.s.c.AnnotationConfigServletWebServerApplicationContext - Exception encountered during context initialization - cancelling refresh attempt: org.springframework.beans.factory.BeanCreationException: Error creating bean with name 'entityManagerFactory' defined in class path resource [org/springframework/boot/autoconfigure/orm/jpa/HibernateJpaConfiguration.class]: [PersistenceUnit: default] Unable to build Hibernate SessionFactory; nested exception is org.hibernate.tool.schema.spi.SchemaManagementException: Schema-validation: missing column [create_at] in table [user_setting]
[2025-11-03 09:45:46:31271603][restartedMain] INFO  com.zaxxer.hikari.HikariDataSource - HikariPool-4 - Shutdown initiated...
[2025-11-03 09:45:46:31271623][restartedMain] INFO  com.zaxxer.hikari.HikariDataSource - HikariPool-4 - Shutdown completed.
[2025-11-03 09:45:46:31271624][restartedMain] INFO  o.a.catalina.core.StandardService - Stopping service [Tomcat]
[2025-11-03 09:45:46:31271632][restartedMain] INFO  o.s.b.a.l.ConditionEvaluationReportLogger - 

Error starting ApplicationContext. To display the condition evaluation report re-run your application with 'debug' enabled.
[2025-11-03 09:45:46:31271668][restartedMain] ERROR o.s.boot.SpringApplication - Application run failed
org.springframework.beans.factory.BeanCreationException: Error creating bean with name 'entityManagerFactory' defined in class path resource [org/springframework/boot/autoconfigure/orm/jpa/HibernateJpaConfiguration.class]: [PersistenceUnit: default] Unable to build Hibernate SessionFactory; nested exception is org.hibernate.tool.schema.spi.SchemaManagementException: Schema-validation: missing column [create_at] in table [user_setting]
	at org.springframework.beans.factory.support.AbstractAutowireCapableBeanFactory.initializeBean(AbstractAutowireCapableBeanFactory.java:1826)
	at org.springframework.beans.factory.support.AbstractAutowireCapableBeanFactory.doCreateBean(AbstractAutowireCapableBeanFactory.java:607)
	at org.springframework.beans.factory.support.AbstractAutowireCapableBeanFactory.createBean(AbstractAutowireCapableBeanFactory.java:529)
	at org.springframework.beans.factory.support.AbstractBeanFactory.lambda$doGetBean$0(AbstractBeanFactory.java:339)
	at org.springframework.beans.factory.support.DefaultSingletonBeanRegistry.getSingleton(DefaultSingletonBeanRegistry.java:373)
	at org.springframework.beans.factory.support.AbstractBeanFactory.doGetBean(AbstractBeanFactory.java:337)
	at org.springframework.beans.factory.support.AbstractBeanFactory.getBean(AbstractBeanFactory.java:207)
	at org.springframework.context.support.AbstractApplicationContext.finishBeanFactoryInitialization(AbstractApplicationContext.java:973)
	at org.springframework.context.support.AbstractApplicationContext.refresh(AbstractApplicationContext.java:627)
	at org.springframework.boot.web.servlet.context.ServletWebServerApplicationContext.refresh(ServletWebServerApplicationContext.java:146)
	at org.springframework.boot.SpringApplication.refresh(SpringApplication.java:752)
	at org.springframework.boot.SpringApplication.refreshContext(SpringApplication.java:439)
	at org.springframework.boot.SpringApplication.run(SpringApplication.java:318)
	at org.springframework.boot.SpringApplication.run(SpringApplication.java:1361)
	at org.springframework.boot.SpringApplication.run(SpringApplication.java:1350)
	at back.code.ModuBackApplication.main(ModuBackApplication.java:10)
	at java.base/jdk.internal.reflect.DirectMethodHandleAccessor.invoke(DirectMethodHandleAccessor.java:103)
	at java.base/java.lang.reflect.Method.invoke(Method.java:580)
	at org.springframework.boot.devtools.restart.RestartLauncher.run(RestartLauncher.java:50)
Caused by: jakarta.persistence.PersistenceException: [PersistenceUnit: default] Unable to build Hibernate SessionFactory; nested exception is org.hibernate.tool.schema.spi.SchemaManagementException: Schema-validation: missing column [create_at] in table [user_setting]
	at org.springframework.orm.jpa.AbstractEntityManagerFactoryBean.buildNativeEntityManagerFactory(AbstractEntityManagerFactoryBean.java:431)
	at org.springframework.orm.jpa.AbstractEntityManagerFactoryBean.afterPropertiesSet(AbstractEntityManagerFactoryBean.java:400)
	at org.springframework.orm.jpa.LocalContainerEntityManagerFactoryBean.afterPropertiesSet(LocalContainerEntityManagerFactoryBean.java:366)
	at org.springframework.beans.factory.support.AbstractAutowireCapableBeanFactory.invokeInitMethods(AbstractAutowireCapableBeanFactory.java:1873)
	at org.springframework.beans.factory.support.AbstractAutowireCapableBeanFactory.initializeBean(AbstractAutowireCapableBeanFactory.java:1822)
	... 18 common frames omitted
Caused by: org.hibernate.tool.schema.spi.SchemaManagementException: Schema-validation: missing column [create_at] in table [user_setting]
	at org.hibernate.tool.schema.internal.AbstractSchemaValidator.validateTable(AbstractSchemaValidator.java:149)
	at org.hibernate.tool.schema.internal.GroupedSchemaValidatorImpl.validateTables(GroupedSchemaValidatorImpl.java:46)
	at org.hibernate.tool.schema.internal.AbstractSchemaValidator.performValidation(AbstractSchemaValidator.java:99)
	at org.hibernate.tool.schema.internal.AbstractSchemaValidator.doValidation(AbstractSchemaValidator.java:77)
	at org.hibernate.tool.schema.spi.SchemaManagementToolCoordinator.performDatabaseAction(SchemaManagementToolCoordinator.java:289)
	at org.hibernate.tool.schema.spi.SchemaManagementToolCoordinator.lambda$process$5(SchemaManagementToolCoordinator.java:144)
	at java.base/java.util.HashMap.forEach(HashMap.java:1429)
	at org.hibernate.tool.schema.spi.SchemaManagementToolCoordinator.process(SchemaManagementToolCoordinator.java:141)
	at org.hibernate.boot.internal.SessionFactoryObserverForSchemaExport.sessionFactoryCreated(SessionFactoryObserverForSchemaExport.java:37)
	at org.hibernate.internal.SessionFactoryObserverChain.sessionFactoryCreated(SessionFactoryObserverChain.java:35)
	at org.hibernate.internal.SessionFactoryImpl.<init>(SessionFactoryImpl.java:324)
	at org.hibernate.boot.internal.SessionFactoryBuilderImpl.build(SessionFactoryBuilderImpl.java:463)
	at org.hibernate.jpa.boot.internal.EntityManagerFactoryBuilderImpl.build(EntityManagerFactoryBuilderImpl.java:1517)
	at org.springframework.orm.jpa.vendor.SpringHibernateJpaPersistenceProvider.createContainerEntityManagerFactory(SpringHibernateJpaPersistenceProvider.java:66)
	at org.springframework.orm.jpa.LocalContainerEntityManagerFactoryBean.createNativeEntityManagerFactory(LocalContainerEntityManagerFactoryBean.java:390)
	at org.springframework.orm.jpa.AbstractEntityManagerFactoryBean.buildNativeEntityManagerFactory(AbstractEntityManagerFactoryBean.java:419)
	... 22 common frames omitted
[2025-11-03 09:45:48:31273347][restartedMain] INFO  back.code.ModuBackApplication - Starting ModuBackApplication using Java 21.0.7 with PID 16156 (C:\modu_project\modu_back\build\classes\java\main started by sm002 in C:\modu_project\modu_back)
[2025-11-03 09:45:48:31273347][restartedMain] INFO  back.code.ModuBackApplication - No active profile set, falling back to 1 default profile: "default"
[2025-11-03 09:45:48:31273692][restartedMain] INFO  o.s.d.r.c.RepositoryConfigurationDelegate - Bootstrapping Spring Data JPA repositories in DEFAULT mode.
[2025-11-03 09:45:48:31273720][restartedMain] INFO  o.s.d.r.c.RepositoryConfigurationDelegate - Finished Spring Data repository scanning in 26 ms. Found 3 JPA repository interfaces.
[2025-11-03 09:45:48:31273828][restartedMain] INFO  o.s.b.w.e.tomcat.TomcatWebServer - Tomcat initialized with port 9090 (http)
[2025-11-03 09:45:48:31273829][restartedMain] INFO  o.a.coyote.http11.Http11NioProtocol - Initializing ProtocolHandler ["http-nio-9090"]
[2025-11-03 09:45:48:31273829][restartedMain] INFO  o.a.catalina.core.StandardService - Starting service [Tomcat]
[2025-11-03 09:45:48:31273829][restartedMain] INFO  o.a.catalina.core.StandardEngine - Starting Servlet engine: [Apache Tomcat/10.1.48]
[2025-11-03 09:45:48:31273861][restartedMain] INFO  o.a.c.c.C.[.[localhost].[/] - Initializing Spring embedded WebApplicationContext
[2025-11-03 09:45:48:31273861][restartedMain] INFO  o.s.b.w.s.c.ServletWebServerApplicationContext - Root WebApplicationContext: initialization completed in 511 ms
[2025-11-03 09:45:48:31273901][restartedMain] INFO  o.h.jpa.internal.util.LogHelper - HHH000204: Processing PersistenceUnitInfo [name: default]
[2025-11-03 09:45:48:31273904][restartedMain] INFO  o.h.c.i.RegionFactoryInitiator - HHH000026: Second-level cache disabled
[2025-11-03 09:45:48:31273910][restartedMain] INFO  o.s.o.j.p.SpringPersistenceUnitInfo - No LoadTimeWeaver setup: ignoring JPA class transformer
[2025-11-03 09:45:48:31273911][restartedMain] INFO  com.zaxxer.hikari.HikariDataSource - HikariPool-5 - Starting...
[2025-11-03 09:45:48:31273915][restartedMain] INFO  com.zaxxer.hikari.pool.HikariPool - HikariPool-5 - Added connection org.mariadb.jdbc.Connection@4c59dd1c
[2025-11-03 09:45:48:31273915][restartedMain] INFO  com.zaxxer.hikari.HikariDataSource - HikariPool-5 - Start completed.
[2025-11-03 09:45:48:31273916][restartedMain] WARN  org.hibernate.orm.deprecation - HHH90000025: MariaDBDialect does not need to be specified explicitly using 'hibernate.dialect' (remove the property setting and it will be selected by default)
[2025-11-03 09:45:48:31273916][restartedMain] INFO  o.hibernate.orm.connections.pooling - HHH10001005: Database info:
	Database JDBC URL [Connecting through datasource 'p6SpyDataSourceDecorator [com.p6spy.engine.spy.P6DataSource] -> dataSource [com.zaxxer.hikari.HikariDataSource]']
	Database driver: undefined/unknown
	Database version: 11.8.2
	Autocommit mode: undefined/unknown
	Isolation level: undefined/unknown
	Minimum pool size: undefined/unknown
	Maximum pool size: undefined/unknown
[2025-11-03 09:45:48:31273917][restartedMain] DEBUG o.h.t.d.sql.spi.DdlTypeRegistry - addDescriptor(12, org.hibernate.type.descriptor.sql.internal.CapacityDependentDdlType@5a01d04f) replaced previous registration(org.hibernate.type.descriptor.sql.internal.CapacityDependentDdlType@28beef05)
[2025-11-03 09:45:48:31273917][restartedMain] DEBUG o.h.t.d.sql.spi.DdlTypeRegistry - addDescriptor(-9, org.hibernate.type.descriptor.sql.internal.CapacityDependentDdlType@579ea1dc) replaced previous registration(org.hibernate.type.descriptor.sql.internal.CapacityDependentDdlType@36e74901)
[2025-11-03 09:45:48:31273917][restartedMain] DEBUG o.h.t.d.sql.spi.DdlTypeRegistry - addDescriptor(-3, org.hibernate.type.descriptor.sql.internal.CapacityDependentDdlType@62b0743a) replaced previous registration(org.hibernate.type.descriptor.sql.internal.CapacityDependentDdlType@3da979ae)
[2025-11-03 09:45:48:31273917][restartedMain] DEBUG o.h.t.d.sql.spi.DdlTypeRegistry - addDescriptor(4003, org.hibernate.type.descriptor.sql.internal.DdlTypeImpl@1f1bbf86) replaced previous registration(org.hibernate.type.descriptor.sql.internal.DdlTypeImpl@13384225)
[2025-11-03 09:45:48:31273917][restartedMain] DEBUG o.h.t.d.sql.spi.DdlTypeRegistry - addDescriptor(4001, org.hibernate.type.descriptor.sql.internal.DdlTypeImpl@72c8f5dc) replaced previous registration(org.hibernate.type.descriptor.sql.internal.DdlTypeImpl@45a8622)
[2025-11-03 09:45:48:31273917][restartedMain] DEBUG o.h.t.d.sql.spi.DdlTypeRegistry - addDescriptor(4002, org.hibernate.type.descriptor.sql.internal.DdlTypeImpl@46ffeea0) replaced previous registration(org.hibernate.type.descriptor.sql.internal.DdlTypeImpl@1707a530)
[2025-11-03 09:45:48:31273917][restartedMain] DEBUG o.h.t.d.sql.spi.DdlTypeRegistry - addDescriptor(2004, org.hibernate.type.descriptor.sql.internal.CapacityDependentDdlType@22d4c419) replaced previous registration(org.hibernate.type.descriptor.sql.internal.DdlTypeImpl@726f3df7)
[2025-11-03 09:45:48:31273917][restartedMain] DEBUG o.h.t.d.sql.spi.DdlTypeRegistry - addDescriptor(2005, org.hibernate.type.descriptor.sql.internal.CapacityDependentDdlType@4b5c47f4) replaced previous registration(org.hibernate.type.descriptor.sql.internal.DdlTypeImpl@61d8458a)
[2025-11-03 09:45:48:31273917][restartedMain] DEBUG o.h.t.d.sql.spi.DdlTypeRegistry - addDescriptor(2011, org.hibernate.type.descriptor.sql.internal.CapacityDependentDdlType@65a8a1a4) replaced previous registration(org.hibernate.type.descriptor.sql.internal.DdlTypeImpl@6ea3a863)
[2025-11-03 09:45:48:31273993][restartedMain] INFO  o.h.e.t.j.p.i.JtaPlatformInitiator - HHH000489: No JTA platform available (set 'hibernate.transaction.jta.platform' to enable JTA platform integration)
[2025-11-03 09:45:48:31273994][restartedMain] INFO  p6spy - #1762130748832 | took 0ms | statement | connection 13| url jdbc:mariadb://localhost/modu?user=root&password=***&prepStmtCacheSqlLimit=2048&useServerPrepStmts=true
select table_name from information_schema.TABLES where table_schema=database() and table_type='SEQUENCE'
select table_name from information_schema.TABLES where table_schema=database() and table_type='SEQUENCE';
[2025-11-03 09:45:48:31274010][restartedMain] ERROR o.s.o.j.LocalContainerEntityManagerFactoryBean - Failed to initialize JPA EntityManagerFactory: [PersistenceUnit: default] Unable to build Hibernate SessionFactory; nested exception is org.hibernate.tool.schema.spi.SchemaManagementException: Schema-validation: missing column [create_at] in table [user_setting]
[2025-11-03 09:45:48:31274010][restartedMain] WARN  o.s.b.w.s.c.AnnotationConfigServletWebServerApplicationContext - Exception encountered during context initialization - cancelling refresh attempt: org.springframework.beans.factory.BeanCreationException: Error creating bean with name 'entityManagerFactory' defined in class path resource [org/springframework/boot/autoconfigure/orm/jpa/HibernateJpaConfiguration.class]: [PersistenceUnit: default] Unable to build Hibernate SessionFactory; nested exception is org.hibernate.tool.schema.spi.SchemaManagementException: Schema-validation: missing column [create_at] in table [user_setting]
[2025-11-03 09:45:48:31274010][restartedMain] INFO  com.zaxxer.hikari.HikariDataSource - HikariPool-5 - Shutdown initiated...
[2025-11-03 09:45:48:31274011][restartedMain] INFO  com.zaxxer.hikari.HikariDataSource - HikariPool-5 - Shutdown completed.
[2025-11-03 09:45:48:31274013][restartedMain] INFO  o.a.catalina.core.StandardService - Stopping service [Tomcat]
[2025-11-03 09:45:48:31274017][restartedMain] INFO  o.s.b.a.l.ConditionEvaluationReportLogger - 

Error starting ApplicationContext. To display the condition evaluation report re-run your application with 'debug' enabled.
[2025-11-03 09:45:48:31274020][restartedMain] ERROR o.s.boot.SpringApplication - Application run failed
org.springframework.beans.factory.BeanCreationException: Error creating bean with name 'entityManagerFactory' defined in class path resource [org/springframework/boot/autoconfigure/orm/jpa/HibernateJpaConfiguration.class]: [PersistenceUnit: default] Unable to build Hibernate SessionFactory; nested exception is org.hibernate.tool.schema.spi.SchemaManagementException: Schema-validation: missing column [create_at] in table [user_setting]
	at org.springframework.beans.factory.support.AbstractAutowireCapableBeanFactory.initializeBean(AbstractAutowireCapableBeanFactory.java:1826)
	at org.springframework.beans.factory.support.AbstractAutowireCapableBeanFactory.doCreateBean(AbstractAutowireCapableBeanFactory.java:607)
	at org.springframework.beans.factory.support.AbstractAutowireCapableBeanFactory.createBean(AbstractAutowireCapableBeanFactory.java:529)
	at org.springframework.beans.factory.support.AbstractBeanFactory.lambda$doGetBean$0(AbstractBeanFactory.java:339)
	at org.springframework.beans.factory.support.DefaultSingletonBeanRegistry.getSingleton(DefaultSingletonBeanRegistry.java:373)
	at org.springframework.beans.factory.support.AbstractBeanFactory.doGetBean(AbstractBeanFactory.java:337)
	at org.springframework.beans.factory.support.AbstractBeanFactory.getBean(AbstractBeanFactory.java:207)
	at org.springframework.context.support.AbstractApplicationContext.finishBeanFactoryInitialization(AbstractApplicationContext.java:973)
	at org.springframework.context.support.AbstractApplicationContext.refresh(AbstractApplicationContext.java:627)
	at org.springframework.boot.web.servlet.context.ServletWebServerApplicationContext.refresh(ServletWebServerApplicationContext.java:146)
	at org.springframework.boot.SpringApplication.refresh(SpringApplication.java:752)
	at org.springframework.boot.SpringApplication.refreshContext(SpringApplication.java:439)
	at org.springframework.boot.SpringApplication.run(SpringApplication.java:318)
	at org.springframework.boot.SpringApplication.run(SpringApplication.java:1361)
	at org.springframework.boot.SpringApplication.run(SpringApplication.java:1350)
	at back.code.ModuBackApplication.main(ModuBackApplication.java:10)
	at java.base/jdk.internal.reflect.DirectMethodHandleAccessor.invoke(DirectMethodHandleAccessor.java:103)
	at java.base/java.lang.reflect.Method.invoke(Method.java:580)
	at org.springframework.boot.devtools.restart.RestartLauncher.run(RestartLauncher.java:50)
Caused by: jakarta.persistence.PersistenceException: [PersistenceUnit: default] Unable to build Hibernate SessionFactory; nested exception is org.hibernate.tool.schema.spi.SchemaManagementException: Schema-validation: missing column [create_at] in table [user_setting]
	at org.springframework.orm.jpa.AbstractEntityManagerFactoryBean.buildNativeEntityManagerFactory(AbstractEntityManagerFactoryBean.java:431)
	at org.springframework.orm.jpa.AbstractEntityManagerFactoryBean.afterPropertiesSet(AbstractEntityManagerFactoryBean.java:400)
	at org.springframework.orm.jpa.LocalContainerEntityManagerFactoryBean.afterPropertiesSet(LocalContainerEntityManagerFactoryBean.java:366)
	at org.springframework.beans.factory.support.AbstractAutowireCapableBeanFactory.invokeInitMethods(AbstractAutowireCapableBeanFactory.java:1873)
	at org.springframework.beans.factory.support.AbstractAutowireCapableBeanFactory.initializeBean(AbstractAutowireCapableBeanFactory.java:1822)
	... 18 common frames omitted
Caused by: org.hibernate.tool.schema.spi.SchemaManagementException: Schema-validation: missing column [create_at] in table [user_setting]
	at org.hibernate.tool.schema.internal.AbstractSchemaValidator.validateTable(AbstractSchemaValidator.java:149)
	at org.hibernate.tool.schema.internal.GroupedSchemaValidatorImpl.validateTables(GroupedSchemaValidatorImpl.java:46)
	at org.hibernate.tool.schema.internal.AbstractSchemaValidator.performValidation(AbstractSchemaValidator.java:99)
	at org.hibernate.tool.schema.internal.AbstractSchemaValidator.doValidation(AbstractSchemaValidator.java:77)
	at org.hibernate.tool.schema.spi.SchemaManagementToolCoordinator.performDatabaseAction(SchemaManagementToolCoordinator.java:289)
	at org.hibernate.tool.schema.spi.SchemaManagementToolCoordinator.lambda$process$5(SchemaManagementToolCoordinator.java:144)
	at java.base/java.util.HashMap.forEach(HashMap.java:1429)
	at org.hibernate.tool.schema.spi.SchemaManagementToolCoordinator.process(SchemaManagementToolCoordinator.java:141)
	at org.hibernate.boot.internal.SessionFactoryObserverForSchemaExport.sessionFactoryCreated(SessionFactoryObserverForSchemaExport.java:37)
	at org.hibernate.internal.SessionFactoryObserverChain.sessionFactoryCreated(SessionFactoryObserverChain.java:35)
	at org.hibernate.internal.SessionFactoryImpl.<init>(SessionFactoryImpl.java:324)
	at org.hibernate.boot.internal.SessionFactoryBuilderImpl.build(SessionFactoryBuilderImpl.java:463)
	at org.hibernate.jpa.boot.internal.EntityManagerFactoryBuilderImpl.build(EntityManagerFactoryBuilderImpl.java:1517)
	at org.springframework.orm.jpa.vendor.SpringHibernateJpaPersistenceProvider.createContainerEntityManagerFactory(SpringHibernateJpaPersistenceProvider.java:66)
	at org.springframework.orm.jpa.LocalContainerEntityManagerFactoryBean.createNativeEntityManagerFactory(LocalContainerEntityManagerFactoryBean.java:390)
	at org.springframework.orm.jpa.AbstractEntityManagerFactoryBean.buildNativeEntityManagerFactory(AbstractEntityManagerFactoryBean.java:419)
	... 22 common frames omitted
[2025-11-03 09:45:55:31280651][restartedMain] INFO  back.code.ModuBackApplication - Starting ModuBackApplication using Java 21.0.7 with PID 16156 (C:\modu_project\modu_back\build\classes\java\main started by sm002 in C:\modu_project\modu_back)
[2025-11-03 09:45:55:31280651][restartedMain] INFO  back.code.ModuBackApplication - No active profile set, falling back to 1 default profile: "default"
[2025-11-03 09:45:55:31280952][restartedMain] INFO  o.s.d.r.c.RepositoryConfigurationDelegate - Bootstrapping Spring Data JPA repositories in DEFAULT mode.
[2025-11-03 09:45:55:31280973][restartedMain] INFO  o.s.d.r.c.RepositoryConfigurationDelegate - Finished Spring Data repository scanning in 20 ms. Found 3 JPA repository interfaces.
[2025-11-03 09:45:55:31281057][restartedMain] INFO  o.s.b.w.e.tomcat.TomcatWebServer - Tomcat initialized with port 9090 (http)
[2025-11-03 09:45:55:31281058][restartedMain] INFO  o.a.coyote.http11.Http11NioProtocol - Initializing ProtocolHandler ["http-nio-9090"]
[2025-11-03 09:45:55:31281058][restartedMain] INFO  o.a.catalina.core.StandardService - Starting service [Tomcat]
[2025-11-03 09:45:55:31281058][restartedMain] INFO  o.a.catalina.core.StandardEngine - Starting Servlet engine: [Apache Tomcat/10.1.48]
[2025-11-03 09:45:55:31281091][restartedMain] INFO  o.a.c.c.C.[.[localhost].[/] - Initializing Spring embedded WebApplicationContext
[2025-11-03 09:45:55:31281091][restartedMain] INFO  o.s.b.w.s.c.ServletWebServerApplicationContext - Root WebApplicationContext: initialization completed in 438 ms
[2025-11-03 09:45:55:31281151][restartedMain] INFO  o.h.jpa.internal.util.LogHelper - HHH000204: Processing PersistenceUnitInfo [name: default]
[2025-11-03 09:45:55:31281155][restartedMain] INFO  o.h.c.i.RegionFactoryInitiator - HHH000026: Second-level cache disabled
[2025-11-03 09:45:56:31281166][restartedMain] INFO  o.s.o.j.p.SpringPersistenceUnitInfo - No LoadTimeWeaver setup: ignoring JPA class transformer
[2025-11-03 09:45:56:31281167][restartedMain] INFO  com.zaxxer.hikari.HikariDataSource - HikariPool-6 - Starting...
[2025-11-03 09:45:56:31281170][restartedMain] INFO  com.zaxxer.hikari.pool.HikariPool - HikariPool-6 - Added connection org.mariadb.jdbc.Connection@372a7264
[2025-11-03 09:45:56:31281172][restartedMain] INFO  com.zaxxer.hikari.HikariDataSource - HikariPool-6 - Start completed.
[2025-11-03 09:45:56:31281172][restartedMain] WARN  org.hibernate.orm.deprecation - HHH90000025: MariaDBDialect does not need to be specified explicitly using 'hibernate.dialect' (remove the property setting and it will be selected by default)
[2025-11-03 09:45:56:31281173][restartedMain] INFO  o.hibernate.orm.connections.pooling - HHH10001005: Database info:
	Database JDBC URL [Connecting through datasource 'p6SpyDataSourceDecorator [com.p6spy.engine.spy.P6DataSource] -> dataSource [com.zaxxer.hikari.HikariDataSource]']
	Database driver: undefined/unknown
	Database version: 11.8.2
	Autocommit mode: undefined/unknown
	Isolation level: undefined/unknown
	Minimum pool size: undefined/unknown
	Maximum pool size: undefined/unknown
[2025-11-03 09:45:56:31281173][restartedMain] DEBUG o.h.t.d.sql.spi.DdlTypeRegistry - addDescriptor(12, org.hibernate.type.descriptor.sql.internal.CapacityDependentDdlType@71544a79) replaced previous registration(org.hibernate.type.descriptor.sql.internal.CapacityDependentDdlType@727e3fae)
[2025-11-03 09:45:56:31281173][restartedMain] DEBUG o.h.t.d.sql.spi.DdlTypeRegistry - addDescriptor(-9, org.hibernate.type.descriptor.sql.internal.CapacityDependentDdlType@ebeeed0) replaced previous registration(org.hibernate.type.descriptor.sql.internal.CapacityDependentDdlType@793a0d16)
[2025-11-03 09:45:56:31281173][restartedMain] DEBUG o.h.t.d.sql.spi.DdlTypeRegistry - addDescriptor(-3, org.hibernate.type.descriptor.sql.internal.CapacityDependentDdlType@2a6e87ca) replaced previous registration(org.hibernate.type.descriptor.sql.internal.CapacityDependentDdlType@296e4e66)
[2025-11-03 09:45:56:31281173][restartedMain] DEBUG o.h.t.d.sql.spi.DdlTypeRegistry - addDescriptor(4003, org.hibernate.type.descriptor.sql.internal.DdlTypeImpl@505ffdf5) replaced previous registration(org.hibernate.type.descriptor.sql.internal.DdlTypeImpl@79a41855)
[2025-11-03 09:45:56:31281173][restartedMain] DEBUG o.h.t.d.sql.spi.DdlTypeRegistry - addDescriptor(4001, org.hibernate.type.descriptor.sql.internal.DdlTypeImpl@27aa807c) replaced previous registration(org.hibernate.type.descriptor.sql.internal.DdlTypeImpl@7c6cf791)
[2025-11-03 09:45:56:31281173][restartedMain] DEBUG o.h.t.d.sql.spi.DdlTypeRegistry - addDescriptor(4002, org.hibernate.type.descriptor.sql.internal.DdlTypeImpl@53731dbc) replaced previous registration(org.hibernate.type.descriptor.sql.internal.DdlTypeImpl@accd137)
[2025-11-03 09:45:56:31281173][restartedMain] DEBUG o.h.t.d.sql.spi.DdlTypeRegistry - addDescriptor(2004, org.hibernate.type.descriptor.sql.internal.CapacityDependentDdlType@79961972) replaced previous registration(org.hibernate.type.descriptor.sql.internal.DdlTypeImpl@625da9ae)
[2025-11-03 09:45:56:31281173][restartedMain] DEBUG o.h.t.d.sql.spi.DdlTypeRegistry - addDescriptor(2005, org.hibernate.type.descriptor.sql.internal.CapacityDependentDdlType@2988d6a4) replaced previous registration(org.hibernate.type.descriptor.sql.internal.DdlTypeImpl@45a1efcb)
[2025-11-03 09:45:56:31281173][restartedMain] DEBUG o.h.t.d.sql.spi.DdlTypeRegistry - addDescriptor(2011, org.hibernate.type.descriptor.sql.internal.CapacityDependentDdlType@cb52384) replaced previous registration(org.hibernate.type.descriptor.sql.internal.DdlTypeImpl@3aafb65)
[2025-11-03 09:45:56:31281257][restartedMain] INFO  o.h.e.t.j.p.i.JtaPlatformInitiator - HHH000489: No JTA platform available (set 'hibernate.transaction.jta.platform' to enable JTA platform integration)
[2025-11-03 09:45:56:31281258][restartedMain] INFO  p6spy - #1762130756096 | took 0ms | statement | connection 15| url jdbc:mariadb://localhost/modu?user=root&password=***&prepStmtCacheSqlLimit=2048&useServerPrepStmts=true
select table_name from information_schema.TABLES where table_schema=database() and table_type='SEQUENCE'
select table_name from information_schema.TABLES where table_schema=database() and table_type='SEQUENCE';
[2025-11-03 09:45:56:31281276][restartedMain] ERROR o.s.o.j.LocalContainerEntityManagerFactoryBean - Failed to initialize JPA EntityManagerFactory: [PersistenceUnit: default] Unable to build Hibernate SessionFactory; nested exception is org.hibernate.tool.schema.spi.SchemaManagementException: Schema-validation: missing column [create_at] in table [user_setting]
[2025-11-03 09:45:56:31281276][restartedMain] WARN  o.s.b.w.s.c.AnnotationConfigServletWebServerApplicationContext - Exception encountered during context initialization - cancelling refresh attempt: org.springframework.beans.factory.BeanCreationException: Error creating bean with name 'entityManagerFactory' defined in class path resource [org/springframework/boot/autoconfigure/orm/jpa/HibernateJpaConfiguration.class]: [PersistenceUnit: default] Unable to build Hibernate SessionFactory; nested exception is org.hibernate.tool.schema.spi.SchemaManagementException: Schema-validation: missing column [create_at] in table [user_setting]
[2025-11-03 09:45:56:31281276][restartedMain] INFO  com.zaxxer.hikari.HikariDataSource - HikariPool-6 - Shutdown initiated...
[2025-11-03 09:45:56:31281277][restartedMain] INFO  com.zaxxer.hikari.HikariDataSource - HikariPool-6 - Shutdown completed.
[2025-11-03 09:45:56:31281279][restartedMain] INFO  o.a.catalina.core.StandardService - Stopping service [Tomcat]
[2025-11-03 09:45:56:31281284][restartedMain] INFO  o.s.b.a.l.ConditionEvaluationReportLogger - 

Error starting ApplicationContext. To display the condition evaluation report re-run your application with 'debug' enabled.
[2025-11-03 09:45:56:31281288][restartedMain] ERROR o.s.boot.SpringApplication - Application run failed
org.springframework.beans.factory.BeanCreationException: Error creating bean with name 'entityManagerFactory' defined in class path resource [org/springframework/boot/autoconfigure/orm/jpa/HibernateJpaConfiguration.class]: [PersistenceUnit: default] Unable to build Hibernate SessionFactory; nested exception is org.hibernate.tool.schema.spi.SchemaManagementException: Schema-validation: missing column [create_at] in table [user_setting]
	at org.springframework.beans.factory.support.AbstractAutowireCapableBeanFactory.initializeBean(AbstractAutowireCapableBeanFactory.java:1826)
	at org.springframework.beans.factory.support.AbstractAutowireCapableBeanFactory.doCreateBean(AbstractAutowireCapableBeanFactory.java:607)
	at org.springframework.beans.factory.support.AbstractAutowireCapableBeanFactory.createBean(AbstractAutowireCapableBeanFactory.java:529)
	at org.springframework.beans.factory.support.AbstractBeanFactory.lambda$doGetBean$0(AbstractBeanFactory.java:339)
	at org.springframework.beans.factory.support.DefaultSingletonBeanRegistry.getSingleton(DefaultSingletonBeanRegistry.java:373)
	at org.springframework.beans.factory.support.AbstractBeanFactory.doGetBean(AbstractBeanFactory.java:337)
	at org.springframework.beans.factory.support.AbstractBeanFactory.getBean(AbstractBeanFactory.java:207)
	at org.springframework.context.support.AbstractApplicationContext.finishBeanFactoryInitialization(AbstractApplicationContext.java:973)
	at org.springframework.context.support.AbstractApplicationContext.refresh(AbstractApplicationContext.java:627)
	at org.springframework.boot.web.servlet.context.ServletWebServerApplicationContext.refresh(ServletWebServerApplicationContext.java:146)
	at org.springframework.boot.SpringApplication.refresh(SpringApplication.java:752)
	at org.springframework.boot.SpringApplication.refreshContext(SpringApplication.java:439)
	at org.springframework.boot.SpringApplication.run(SpringApplication.java:318)
	at org.springframework.boot.SpringApplication.run(SpringApplication.java:1361)
	at org.springframework.boot.SpringApplication.run(SpringApplication.java:1350)
	at back.code.ModuBackApplication.main(ModuBackApplication.java:10)
	at java.base/jdk.internal.reflect.DirectMethodHandleAccessor.invoke(DirectMethodHandleAccessor.java:103)
	at java.base/java.lang.reflect.Method.invoke(Method.java:580)
	at org.springframework.boot.devtools.restart.RestartLauncher.run(RestartLauncher.java:50)
Caused by: jakarta.persistence.PersistenceException: [PersistenceUnit: default] Unable to build Hibernate SessionFactory; nested exception is org.hibernate.tool.schema.spi.SchemaManagementException: Schema-validation: missing column [create_at] in table [user_setting]
	at org.springframework.orm.jpa.AbstractEntityManagerFactoryBean.buildNativeEntityManagerFactory(AbstractEntityManagerFactoryBean.java:431)
	at org.springframework.orm.jpa.AbstractEntityManagerFactoryBean.afterPropertiesSet(AbstractEntityManagerFactoryBean.java:400)
	at org.springframework.orm.jpa.LocalContainerEntityManagerFactoryBean.afterPropertiesSet(LocalContainerEntityManagerFactoryBean.java:366)
	at org.springframework.beans.factory.support.AbstractAutowireCapableBeanFactory.invokeInitMethods(AbstractAutowireCapableBeanFactory.java:1873)
	at org.springframework.beans.factory.support.AbstractAutowireCapableBeanFactory.initializeBean(AbstractAutowireCapableBeanFactory.java:1822)
	... 18 common frames omitted
Caused by: org.hibernate.tool.schema.spi.SchemaManagementException: Schema-validation: missing column [create_at] in table [user_setting]
	at org.hibernate.tool.schema.internal.AbstractSchemaValidator.validateTable(AbstractSchemaValidator.java:149)
	at org.hibernate.tool.schema.internal.GroupedSchemaValidatorImpl.validateTables(GroupedSchemaValidatorImpl.java:46)
	at org.hibernate.tool.schema.internal.AbstractSchemaValidator.performValidation(AbstractSchemaValidator.java:99)
	at org.hibernate.tool.schema.internal.AbstractSchemaValidator.doValidation(AbstractSchemaValidator.java:77)
	at org.hibernate.tool.schema.spi.SchemaManagementToolCoordinator.performDatabaseAction(SchemaManagementToolCoordinator.java:289)
	at org.hibernate.tool.schema.spi.SchemaManagementToolCoordinator.lambda$process$5(SchemaManagementToolCoordinator.java:144)
	at java.base/java.util.HashMap.forEach(HashMap.java:1429)
	at org.hibernate.tool.schema.spi.SchemaManagementToolCoordinator.process(SchemaManagementToolCoordinator.java:141)
	at org.hibernate.boot.internal.SessionFactoryObserverForSchemaExport.sessionFactoryCreated(SessionFactoryObserverForSchemaExport.java:37)
	at org.hibernate.internal.SessionFactoryObserverChain.sessionFactoryCreated(SessionFactoryObserverChain.java:35)
	at org.hibernate.internal.SessionFactoryImpl.<init>(SessionFactoryImpl.java:324)
	at org.hibernate.boot.internal.SessionFactoryBuilderImpl.build(SessionFactoryBuilderImpl.java:463)
	at org.hibernate.jpa.boot.internal.EntityManagerFactoryBuilderImpl.build(EntityManagerFactoryBuilderImpl.java:1517)
	at org.springframework.orm.jpa.vendor.SpringHibernateJpaPersistenceProvider.createContainerEntityManagerFactory(SpringHibernateJpaPersistenceProvider.java:66)
	at org.springframework.orm.jpa.LocalContainerEntityManagerFactoryBean.createNativeEntityManagerFactory(LocalContainerEntityManagerFactoryBean.java:390)
	at org.springframework.orm.jpa.AbstractEntityManagerFactoryBean.buildNativeEntityManagerFactory(AbstractEntityManagerFactoryBean.java:419)
	... 22 common frames omitted
[2025-11-03 09:45:57:31282771][restartedMain] INFO  back.code.ModuBackApplication - Starting ModuBackApplication using Java 21.0.7 with PID 16156 (C:\modu_project\modu_back\build\classes\java\main started by sm002 in C:\modu_project\modu_back)
[2025-11-03 09:45:57:31282771][restartedMain] INFO  back.code.ModuBackApplication - No active profile set, falling back to 1 default profile: "default"
[2025-11-03 09:45:57:31283035][restartedMain] INFO  o.s.d.r.c.RepositoryConfigurationDelegate - Bootstrapping Spring Data JPA repositories in DEFAULT mode.
[2025-11-03 09:45:57:31283060][restartedMain] INFO  o.s.d.r.c.RepositoryConfigurationDelegate - Finished Spring Data repository scanning in 24 ms. Found 3 JPA repository interfaces.
[2025-11-03 09:45:58:31283184][restartedMain] INFO  o.s.b.w.e.tomcat.TomcatWebServer - Tomcat initialized with port 9090 (http)
[2025-11-03 09:45:58:31283184][restartedMain] INFO  o.a.coyote.http11.Http11NioProtocol - Initializing ProtocolHandler ["http-nio-9090"]
[2025-11-03 09:45:58:31283184][restartedMain] INFO  o.a.catalina.core.StandardService - Starting service [Tomcat]
[2025-11-03 09:45:58:31283184][restartedMain] INFO  o.a.catalina.core.StandardEngine - Starting Servlet engine: [Apache Tomcat/10.1.48]
[2025-11-03 09:45:58:31283225][restartedMain] INFO  o.a.c.c.C.[.[localhost].[/] - Initializing Spring embedded WebApplicationContext
[2025-11-03 09:45:58:31283225][restartedMain] INFO  o.s.b.w.s.c.ServletWebServerApplicationContext - Root WebApplicationContext: initialization completed in 453 ms
[2025-11-03 09:45:58:31283279][restartedMain] INFO  o.h.jpa.internal.util.LogHelper - HHH000204: Processing PersistenceUnitInfo [name: default]
[2025-11-03 09:45:58:31283283][restartedMain] INFO  o.h.c.i.RegionFactoryInitiator - HHH000026: Second-level cache disabled
[2025-11-03 09:45:58:31283291][restartedMain] INFO  o.s.o.j.p.SpringPersistenceUnitInfo - No LoadTimeWeaver setup: ignoring JPA class transformer
[2025-11-03 09:45:58:31283292][restartedMain] INFO  com.zaxxer.hikari.HikariDataSource - HikariPool-7 - Starting...
[2025-11-03 09:45:58:31283296][restartedMain] INFO  com.zaxxer.hikari.pool.HikariPool - HikariPool-7 - Added connection org.mariadb.jdbc.Connection@27c89ff3
[2025-11-03 09:45:58:31283296][restartedMain] INFO  com.zaxxer.hikari.HikariDataSource - HikariPool-7 - Start completed.
[2025-11-03 09:45:58:31283297][restartedMain] WARN  org.hibernate.orm.deprecation - HHH90000025: MariaDBDialect does not need to be specified explicitly using 'hibernate.dialect' (remove the property setting and it will be selected by default)
[2025-11-03 09:45:58:31283297][restartedMain] INFO  o.hibernate.orm.connections.pooling - HHH10001005: Database info:
	Database JDBC URL [Connecting through datasource 'p6SpyDataSourceDecorator [com.p6spy.engine.spy.P6DataSource] -> dataSource [com.zaxxer.hikari.HikariDataSource]']
	Database driver: undefined/unknown
	Database version: 11.8.2
	Autocommit mode: undefined/unknown
	Isolation level: undefined/unknown
	Minimum pool size: undefined/unknown
	Maximum pool size: undefined/unknown
[2025-11-03 09:45:58:31283298][restartedMain] DEBUG o.h.t.d.sql.spi.DdlTypeRegistry - addDescriptor(12, org.hibernate.type.descriptor.sql.internal.CapacityDependentDdlType@67de92e6) replaced previous registration(org.hibernate.type.descriptor.sql.internal.CapacityDependentDdlType@1b623641)
[2025-11-03 09:45:58:31283298][restartedMain] DEBUG o.h.t.d.sql.spi.DdlTypeRegistry - addDescriptor(-9, org.hibernate.type.descriptor.sql.internal.CapacityDependentDdlType@fe64fd3) replaced previous registration(org.hibernate.type.descriptor.sql.internal.CapacityDependentDdlType@596523af)
[2025-11-03 09:45:58:31283298][restartedMain] DEBUG o.h.t.d.sql.spi.DdlTypeRegistry - addDescriptor(-3, org.hibernate.type.descriptor.sql.internal.CapacityDependentDdlType@4a3fc3c7) replaced previous registration(org.hibernate.type.descriptor.sql.internal.CapacityDependentDdlType@40e524ff)
[2025-11-03 09:45:58:31283298][restartedMain] DEBUG o.h.t.d.sql.spi.DdlTypeRegistry - addDescriptor(4003, org.hibernate.type.descriptor.sql.internal.DdlTypeImpl@7d4063e7) replaced previous registration(org.hibernate.type.descriptor.sql.internal.DdlTypeImpl@d484fbb)
[2025-11-03 09:45:58:31283298][restartedMain] DEBUG o.h.t.d.sql.spi.DdlTypeRegistry - addDescriptor(4001, org.hibernate.type.descriptor.sql.internal.DdlTypeImpl@39dd942e) replaced previous registration(org.hibernate.type.descriptor.sql.internal.DdlTypeImpl@50769d36)
[2025-11-03 09:45:58:31283298][restartedMain] DEBUG o.h.t.d.sql.spi.DdlTypeRegistry - addDescriptor(4002, org.hibernate.type.descriptor.sql.internal.DdlTypeImpl@2e578384) replaced previous registration(org.hibernate.type.descriptor.sql.internal.DdlTypeImpl@612d3462)
[2025-11-03 09:45:58:31283298][restartedMain] DEBUG o.h.t.d.sql.spi.DdlTypeRegistry - addDescriptor(2004, org.hibernate.type.descriptor.sql.internal.CapacityDependentDdlType@3404b08d) replaced previous registration(org.hibernate.type.descriptor.sql.internal.DdlTypeImpl@50ff1416)
[2025-11-03 09:45:58:31283298][restartedMain] DEBUG o.h.t.d.sql.spi.DdlTypeRegistry - addDescriptor(2005, org.hibernate.type.descriptor.sql.internal.CapacityDependentDdlType@42a6e62e) replaced previous registration(org.hibernate.type.descriptor.sql.internal.DdlTypeImpl@4aa0543c)
[2025-11-03 09:45:58:31283298][restartedMain] DEBUG o.h.t.d.sql.spi.DdlTypeRegistry - addDescriptor(2011, org.hibernate.type.descriptor.sql.internal.CapacityDependentDdlType@5bb1053d) replaced previous registration(org.hibernate.type.descriptor.sql.internal.DdlTypeImpl@73c6e5f9)
[2025-11-03 09:45:58:31283411][restartedMain] INFO  o.h.e.t.j.p.i.JtaPlatformInitiator - HHH000489: No JTA platform available (set 'hibernate.transaction.jta.platform' to enable JTA platform integration)
[2025-11-03 09:45:58:31283412][restartedMain] INFO  p6spy - #1762130758250 | took 1ms | statement | connection 17| url jdbc:mariadb://localhost/modu?user=root&password=***&prepStmtCacheSqlLimit=2048&useServerPrepStmts=true
select table_name from information_schema.TABLES where table_schema=database() and table_type='SEQUENCE'
select table_name from information_schema.TABLES where table_schema=database() and table_type='SEQUENCE';
[2025-11-03 09:45:58:31283435][restartedMain] ERROR o.s.o.j.LocalContainerEntityManagerFactoryBean - Failed to initialize JPA EntityManagerFactory: [PersistenceUnit: default] Unable to build Hibernate SessionFactory; nested exception is org.hibernate.tool.schema.spi.SchemaManagementException: Schema-validation: missing column [create_at] in table [user_setting]
[2025-11-03 09:45:58:31283435][restartedMain] WARN  o.s.b.w.s.c.AnnotationConfigServletWebServerApplicationContext - Exception encountered during context initialization - cancelling refresh attempt: org.springframework.beans.factory.BeanCreationException: Error creating bean with name 'entityManagerFactory' defined in class path resource [org/springframework/boot/autoconfigure/orm/jpa/HibernateJpaConfiguration.class]: [PersistenceUnit: default] Unable to build Hibernate SessionFactory; nested exception is org.hibernate.tool.schema.spi.SchemaManagementException: Schema-validation: missing column [create_at] in table [user_setting]
[2025-11-03 09:45:58:31283435][restartedMain] INFO  com.zaxxer.hikari.HikariDataSource - HikariPool-7 - Shutdown initiated...
[2025-11-03 09:45:58:31283455][restartedMain] INFO  com.zaxxer.hikari.HikariDataSource - HikariPool-7 - Shutdown completed.
[2025-11-03 09:45:58:31283457][restartedMain] INFO  o.a.catalina.core.StandardService - Stopping service [Tomcat]
[2025-11-03 09:45:58:31283462][restartedMain] INFO  o.s.b.a.l.ConditionEvaluationReportLogger - 

Error starting ApplicationContext. To display the condition evaluation report re-run your application with 'debug' enabled.
[2025-11-03 09:45:58:31283474][restartedMain] ERROR o.s.boot.SpringApplication - Application run failed
org.springframework.beans.factory.BeanCreationException: Error creating bean with name 'entityManagerFactory' defined in class path resource [org/springframework/boot/autoconfigure/orm/jpa/HibernateJpaConfiguration.class]: [PersistenceUnit: default] Unable to build Hibernate SessionFactory; nested exception is org.hibernate.tool.schema.spi.SchemaManagementException: Schema-validation: missing column [create_at] in table [user_setting]
	at org.springframework.beans.factory.support.AbstractAutowireCapableBeanFactory.initializeBean(AbstractAutowireCapableBeanFactory.java:1826)
	at org.springframework.beans.factory.support.AbstractAutowireCapableBeanFactory.doCreateBean(AbstractAutowireCapableBeanFactory.java:607)
	at org.springframework.beans.factory.support.AbstractAutowireCapableBeanFactory.createBean(AbstractAutowireCapableBeanFactory.java:529)
	at org.springframework.beans.factory.support.AbstractBeanFactory.lambda$doGetBean$0(AbstractBeanFactory.java:339)
	at org.springframework.beans.factory.support.DefaultSingletonBeanRegistry.getSingleton(DefaultSingletonBeanRegistry.java:373)
	at org.springframework.beans.factory.support.AbstractBeanFactory.doGetBean(AbstractBeanFactory.java:337)
	at org.springframework.beans.factory.support.AbstractBeanFactory.getBean(AbstractBeanFactory.java:207)
	at org.springframework.context.support.AbstractApplicationContext.finishBeanFactoryInitialization(AbstractApplicationContext.java:973)
	at org.springframework.context.support.AbstractApplicationContext.refresh(AbstractApplicationContext.java:627)
	at org.springframework.boot.web.servlet.context.ServletWebServerApplicationContext.refresh(ServletWebServerApplicationContext.java:146)
	at org.springframework.boot.SpringApplication.refresh(SpringApplication.java:752)
	at org.springframework.boot.SpringApplication.refreshContext(SpringApplication.java:439)
	at org.springframework.boot.SpringApplication.run(SpringApplication.java:318)
	at org.springframework.boot.SpringApplication.run(SpringApplication.java:1361)
	at org.springframework.boot.SpringApplication.run(SpringApplication.java:1350)
	at back.code.ModuBackApplication.main(ModuBackApplication.java:10)
	at java.base/jdk.internal.reflect.DirectMethodHandleAccessor.invoke(DirectMethodHandleAccessor.java:103)
	at java.base/java.lang.reflect.Method.invoke(Method.java:580)
	at org.springframework.boot.devtools.restart.RestartLauncher.run(RestartLauncher.java:50)
Caused by: jakarta.persistence.PersistenceException: [PersistenceUnit: default] Unable to build Hibernate SessionFactory; nested exception is org.hibernate.tool.schema.spi.SchemaManagementException: Schema-validation: missing column [create_at] in table [user_setting]
	at org.springframework.orm.jpa.AbstractEntityManagerFactoryBean.buildNativeEntityManagerFactory(AbstractEntityManagerFactoryBean.java:431)
	at org.springframework.orm.jpa.AbstractEntityManagerFactoryBean.afterPropertiesSet(AbstractEntityManagerFactoryBean.java:400)
	at org.springframework.orm.jpa.LocalContainerEntityManagerFactoryBean.afterPropertiesSet(LocalContainerEntityManagerFactoryBean.java:366)
	at org.springframework.beans.factory.support.AbstractAutowireCapableBeanFactory.invokeInitMethods(AbstractAutowireCapableBeanFactory.java:1873)
	at org.springframework.beans.factory.support.AbstractAutowireCapableBeanFactory.initializeBean(AbstractAutowireCapableBeanFactory.java:1822)
	... 18 common frames omitted
Caused by: org.hibernate.tool.schema.spi.SchemaManagementException: Schema-validation: missing column [create_at] in table [user_setting]
	at org.hibernate.tool.schema.internal.AbstractSchemaValidator.validateTable(AbstractSchemaValidator.java:149)
	at org.hibernate.tool.schema.internal.GroupedSchemaValidatorImpl.validateTables(GroupedSchemaValidatorImpl.java:46)
	at org.hibernate.tool.schema.internal.AbstractSchemaValidator.performValidation(AbstractSchemaValidator.java:99)
	at org.hibernate.tool.schema.internal.AbstractSchemaValidator.doValidation(AbstractSchemaValidator.java:77)
	at org.hibernate.tool.schema.spi.SchemaManagementToolCoordinator.performDatabaseAction(SchemaManagementToolCoordinator.java:289)
	at org.hibernate.tool.schema.spi.SchemaManagementToolCoordinator.lambda$process$5(SchemaManagementToolCoordinator.java:144)
	at java.base/java.util.HashMap.forEach(HashMap.java:1429)
	at org.hibernate.tool.schema.spi.SchemaManagementToolCoordinator.process(SchemaManagementToolCoordinator.java:141)
	at org.hibernate.boot.internal.SessionFactoryObserverForSchemaExport.sessionFactoryCreated(SessionFactoryObserverForSchemaExport.java:37)
	at org.hibernate.internal.SessionFactoryObserverChain.sessionFactoryCreated(SessionFactoryObserverChain.java:35)
	at org.hibernate.internal.SessionFactoryImpl.<init>(SessionFactoryImpl.java:324)
	at org.hibernate.boot.internal.SessionFactoryBuilderImpl.build(SessionFactoryBuilderImpl.java:463)
	at org.hibernate.jpa.boot.internal.EntityManagerFactoryBuilderImpl.build(EntityManagerFactoryBuilderImpl.java:1517)
	at org.springframework.orm.jpa.vendor.SpringHibernateJpaPersistenceProvider.createContainerEntityManagerFactory(SpringHibernateJpaPersistenceProvider.java:66)
	at org.springframework.orm.jpa.LocalContainerEntityManagerFactoryBean.createNativeEntityManagerFactory(LocalContainerEntityManagerFactoryBean.java:390)
	at org.springframework.orm.jpa.AbstractEntityManagerFactoryBean.buildNativeEntityManagerFactory(AbstractEntityManagerFactoryBean.java:419)
	... 22 common frames omitted
[2025-11-03 09:46:06:31292140][restartedMain] INFO  back.code.ModuBackApplication - Starting ModuBackApplication using Java 21.0.7 with PID 16156 (C:\modu_project\modu_back\build\classes\java\main started by sm002 in C:\modu_project\modu_back)
[2025-11-03 09:46:06:31292140][restartedMain] INFO  back.code.ModuBackApplication - No active profile set, falling back to 1 default profile: "default"
[2025-11-03 09:46:07:31292458][restartedMain] INFO  o.s.d.r.c.RepositoryConfigurationDelegate - Bootstrapping Spring Data JPA repositories in DEFAULT mode.
[2025-11-03 09:46:07:31292497][restartedMain] INFO  o.s.d.r.c.RepositoryConfigurationDelegate - Finished Spring Data repository scanning in 38 ms. Found 3 JPA repository interfaces.
[2025-11-03 09:46:07:31292614][restartedMain] INFO  o.s.b.w.e.tomcat.TomcatWebServer - Tomcat initialized with port 9090 (http)
[2025-11-03 09:46:07:31292614][restartedMain] INFO  o.a.coyote.http11.Http11NioProtocol - Initializing ProtocolHandler ["http-nio-9090"]
[2025-11-03 09:46:07:31292614][restartedMain] INFO  o.a.catalina.core.StandardService - Starting service [Tomcat]
[2025-11-03 09:46:07:31292614][restartedMain] INFO  o.a.catalina.core.StandardEngine - Starting Servlet engine: [Apache Tomcat/10.1.48]
[2025-11-03 09:46:07:31292665][restartedMain] INFO  o.a.c.c.C.[.[localhost].[/] - Initializing Spring embedded WebApplicationContext
[2025-11-03 09:46:07:31292665][restartedMain] INFO  o.s.b.w.s.c.ServletWebServerApplicationContext - Root WebApplicationContext: initialization completed in 522 ms
[2025-11-03 09:46:07:31292698][restartedMain] INFO  o.h.jpa.internal.util.LogHelper - HHH000204: Processing PersistenceUnitInfo [name: default]
[2025-11-03 09:46:07:31292702][restartedMain] INFO  o.h.c.i.RegionFactoryInitiator - HHH000026: Second-level cache disabled
[2025-11-03 09:46:07:31292712][restartedMain] INFO  o.s.o.j.p.SpringPersistenceUnitInfo - No LoadTimeWeaver setup: ignoring JPA class transformer
[2025-11-03 09:46:07:31292712][restartedMain] INFO  com.zaxxer.hikari.HikariDataSource - HikariPool-8 - Starting...
[2025-11-03 09:46:07:31292715][restartedMain] INFO  com.zaxxer.hikari.pool.HikariPool - HikariPool-8 - Added connection org.mariadb.jdbc.Connection@12305005
[2025-11-03 09:46:07:31292715][restartedMain] INFO  com.zaxxer.hikari.HikariDataSource - HikariPool-8 - Start completed.
[2025-11-03 09:46:07:31292716][restartedMain] WARN  org.hibernate.orm.deprecation - HHH90000025: MariaDBDialect does not need to be specified explicitly using 'hibernate.dialect' (remove the property setting and it will be selected by default)
[2025-11-03 09:46:07:31292716][restartedMain] INFO  o.hibernate.orm.connections.pooling - HHH10001005: Database info:
	Database JDBC URL [Connecting through datasource 'p6SpyDataSourceDecorator [com.p6spy.engine.spy.P6DataSource] -> dataSource [com.zaxxer.hikari.HikariDataSource]']
	Database driver: undefined/unknown
	Database version: 11.8.2
	Autocommit mode: undefined/unknown
	Isolation level: undefined/unknown
	Minimum pool size: undefined/unknown
	Maximum pool size: undefined/unknown
[2025-11-03 09:46:07:31292717][restartedMain] DEBUG o.h.t.d.sql.spi.DdlTypeRegistry - addDescriptor(12, org.hibernate.type.descriptor.sql.internal.CapacityDependentDdlType@692c681a) replaced previous registration(org.hibernate.type.descriptor.sql.internal.CapacityDependentDdlType@588aa06f)
[2025-11-03 09:46:07:31292717][restartedMain] DEBUG o.h.t.d.sql.spi.DdlTypeRegistry - addDescriptor(-9, org.hibernate.type.descriptor.sql.internal.CapacityDependentDdlType@4f4a4a25) replaced previous registration(org.hibernate.type.descriptor.sql.internal.CapacityDependentDdlType@4eee524c)
[2025-11-03 09:46:07:31292717][restartedMain] DEBUG o.h.t.d.sql.spi.DdlTypeRegistry - addDescriptor(-3, org.hibernate.type.descriptor.sql.internal.CapacityDependentDdlType@44088f33) replaced previous registration(org.hibernate.type.descriptor.sql.internal.CapacityDependentDdlType@498cc605)
[2025-11-03 09:46:07:31292717][restartedMain] DEBUG o.h.t.d.sql.spi.DdlTypeRegistry - addDescriptor(4003, org.hibernate.type.descriptor.sql.internal.DdlTypeImpl@540aa673) replaced previous registration(org.hibernate.type.descriptor.sql.internal.DdlTypeImpl@684ae28c)
[2025-11-03 09:46:07:31292717][restartedMain] DEBUG o.h.t.d.sql.spi.DdlTypeRegistry - addDescriptor(4001, org.hibernate.type.descriptor.sql.internal.DdlTypeImpl@68bb89a1) replaced previous registration(org.hibernate.type.descriptor.sql.internal.DdlTypeImpl@47a8c65d)
[2025-11-03 09:46:07:31292717][restartedMain] DEBUG o.h.t.d.sql.spi.DdlTypeRegistry - addDescriptor(4002, org.hibernate.type.descriptor.sql.internal.DdlTypeImpl@4690c9e5) replaced previous registration(org.hibernate.type.descriptor.sql.internal.DdlTypeImpl@79f11d39)
[2025-11-03 09:46:07:31292717][restartedMain] DEBUG o.h.t.d.sql.spi.DdlTypeRegistry - addDescriptor(2004, org.hibernate.type.descriptor.sql.internal.CapacityDependentDdlType@4d336527) replaced previous registration(org.hibernate.type.descriptor.sql.internal.DdlTypeImpl@4ca8d8f2)
[2025-11-03 09:46:07:31292717][restartedMain] DEBUG o.h.t.d.sql.spi.DdlTypeRegistry - addDescriptor(2005, org.hibernate.type.descriptor.sql.internal.CapacityDependentDdlType@cb7ef63) replaced previous registration(org.hibernate.type.descriptor.sql.internal.DdlTypeImpl@7d5e3319)
[2025-11-03 09:46:07:31292717][restartedMain] DEBUG o.h.t.d.sql.spi.DdlTypeRegistry - addDescriptor(2011, org.hibernate.type.descriptor.sql.internal.CapacityDependentDdlType@2b927bc8) replaced previous registration(org.hibernate.type.descriptor.sql.internal.DdlTypeImpl@21f74900)
[2025-11-03 09:46:07:31292788][restartedMain] INFO  o.h.e.t.j.p.i.JtaPlatformInitiator - HHH000489: No JTA platform available (set 'hibernate.transaction.jta.platform' to enable JTA platform integration)
[2025-11-03 09:46:07:31292789][restartedMain] INFO  p6spy - #1762130767627 | took 0ms | statement | connection 19| url jdbc:mariadb://localhost/modu?user=root&password=***&prepStmtCacheSqlLimit=2048&useServerPrepStmts=true
select table_name from information_schema.TABLES where table_schema=database() and table_type='SEQUENCE'
select table_name from information_schema.TABLES where table_schema=database() and table_type='SEQUENCE';
[2025-11-03 09:46:07:31292802][restartedMain] ERROR o.s.o.j.LocalContainerEntityManagerFactoryBean - Failed to initialize JPA EntityManagerFactory: [PersistenceUnit: default] Unable to build Hibernate SessionFactory; nested exception is org.hibernate.tool.schema.spi.SchemaManagementException: Schema-validation: missing column [create_at] in table [user_setting]
[2025-11-03 09:46:07:31292802][restartedMain] WARN  o.s.b.w.s.c.AnnotationConfigServletWebServerApplicationContext - Exception encountered during context initialization - cancelling refresh attempt: org.springframework.beans.factory.BeanCreationException: Error creating bean with name 'entityManagerFactory' defined in class path resource [org/springframework/boot/autoconfigure/orm/jpa/HibernateJpaConfiguration.class]: [PersistenceUnit: default] Unable to build Hibernate SessionFactory; nested exception is org.hibernate.tool.schema.spi.SchemaManagementException: Schema-validation: missing column [create_at] in table [user_setting]
[2025-11-03 09:46:07:31292802][restartedMain] INFO  com.zaxxer.hikari.HikariDataSource - HikariPool-8 - Shutdown initiated...
[2025-11-03 09:46:07:31292802][restartedMain] INFO  com.zaxxer.hikari.HikariDataSource - HikariPool-8 - Shutdown completed.
[2025-11-03 09:46:07:31292803][restartedMain] INFO  o.a.catalina.core.StandardService - Stopping service [Tomcat]
[2025-11-03 09:46:07:31292807][restartedMain] INFO  o.s.b.a.l.ConditionEvaluationReportLogger - 

Error starting ApplicationContext. To display the condition evaluation report re-run your application with 'debug' enabled.
[2025-11-03 09:46:07:31292809][restartedMain] ERROR o.s.boot.SpringApplication - Application run failed
org.springframework.beans.factory.BeanCreationException: Error creating bean with name 'entityManagerFactory' defined in class path resource [org/springframework/boot/autoconfigure/orm/jpa/HibernateJpaConfiguration.class]: [PersistenceUnit: default] Unable to build Hibernate SessionFactory; nested exception is org.hibernate.tool.schema.spi.SchemaManagementException: Schema-validation: missing column [create_at] in table [user_setting]
	at org.springframework.beans.factory.support.AbstractAutowireCapableBeanFactory.initializeBean(AbstractAutowireCapableBeanFactory.java:1826)
	at org.springframework.beans.factory.support.AbstractAutowireCapableBeanFactory.doCreateBean(AbstractAutowireCapableBeanFactory.java:607)
	at org.springframework.beans.factory.support.AbstractAutowireCapableBeanFactory.createBean(AbstractAutowireCapableBeanFactory.java:529)
	at org.springframework.beans.factory.support.AbstractBeanFactory.lambda$doGetBean$0(AbstractBeanFactory.java:339)
	at org.springframework.beans.factory.support.DefaultSingletonBeanRegistry.getSingleton(DefaultSingletonBeanRegistry.java:373)
	at org.springframework.beans.factory.support.AbstractBeanFactory.doGetBean(AbstractBeanFactory.java:337)
	at org.springframework.beans.factory.support.AbstractBeanFactory.getBean(AbstractBeanFactory.java:207)
	at org.springframework.context.support.AbstractApplicationContext.finishBeanFactoryInitialization(AbstractApplicationContext.java:973)
	at org.springframework.context.support.AbstractApplicationContext.refresh(AbstractApplicationContext.java:627)
	at org.springframework.boot.web.servlet.context.ServletWebServerApplicationContext.refresh(ServletWebServerApplicationContext.java:146)
	at org.springframework.boot.SpringApplication.refresh(SpringApplication.java:752)
	at org.springframework.boot.SpringApplication.refreshContext(SpringApplication.java:439)
	at org.springframework.boot.SpringApplication.run(SpringApplication.java:318)
	at org.springframework.boot.SpringApplication.run(SpringApplication.java:1361)
	at org.springframework.boot.SpringApplication.run(SpringApplication.java:1350)
	at back.code.ModuBackApplication.main(ModuBackApplication.java:10)
	at java.base/jdk.internal.reflect.DirectMethodHandleAccessor.invoke(DirectMethodHandleAccessor.java:103)
	at java.base/java.lang.reflect.Method.invoke(Method.java:580)
	at org.springframework.boot.devtools.restart.RestartLauncher.run(RestartLauncher.java:50)
Caused by: jakarta.persistence.PersistenceException: [PersistenceUnit: default] Unable to build Hibernate SessionFactory; nested exception is org.hibernate.tool.schema.spi.SchemaManagementException: Schema-validation: missing column [create_at] in table [user_setting]
	at org.springframework.orm.jpa.AbstractEntityManagerFactoryBean.buildNativeEntityManagerFactory(AbstractEntityManagerFactoryBean.java:431)
	at org.springframework.orm.jpa.AbstractEntityManagerFactoryBean.afterPropertiesSet(AbstractEntityManagerFactoryBean.java:400)
	at org.springframework.orm.jpa.LocalContainerEntityManagerFactoryBean.afterPropertiesSet(LocalContainerEntityManagerFactoryBean.java:366)
	at org.springframework.beans.factory.support.AbstractAutowireCapableBeanFactory.invokeInitMethods(AbstractAutowireCapableBeanFactory.java:1873)
	at org.springframework.beans.factory.support.AbstractAutowireCapableBeanFactory.initializeBean(AbstractAutowireCapableBeanFactory.java:1822)
	... 18 common frames omitted
Caused by: org.hibernate.tool.schema.spi.SchemaManagementException: Schema-validation: missing column [create_at] in table [user_setting]
	at org.hibernate.tool.schema.internal.AbstractSchemaValidator.validateTable(AbstractSchemaValidator.java:149)
	at org.hibernate.tool.schema.internal.GroupedSchemaValidatorImpl.validateTables(GroupedSchemaValidatorImpl.java:46)
	at org.hibernate.tool.schema.internal.AbstractSchemaValidator.performValidation(AbstractSchemaValidator.java:99)
	at org.hibernate.tool.schema.internal.AbstractSchemaValidator.doValidation(AbstractSchemaValidator.java:77)
	at org.hibernate.tool.schema.spi.SchemaManagementToolCoordinator.performDatabaseAction(SchemaManagementToolCoordinator.java:289)
	at org.hibernate.tool.schema.spi.SchemaManagementToolCoordinator.lambda$process$5(SchemaManagementToolCoordinator.java:144)
	at java.base/java.util.HashMap.forEach(HashMap.java:1429)
	at org.hibernate.tool.schema.spi.SchemaManagementToolCoordinator.process(SchemaManagementToolCoordinator.java:141)
	at org.hibernate.boot.internal.SessionFactoryObserverForSchemaExport.sessionFactoryCreated(SessionFactoryObserverForSchemaExport.java:37)
	at org.hibernate.internal.SessionFactoryObserverChain.sessionFactoryCreated(SessionFactoryObserverChain.java:35)
	at org.hibernate.internal.SessionFactoryImpl.<init>(SessionFactoryImpl.java:324)
	at org.hibernate.boot.internal.SessionFactoryBuilderImpl.build(SessionFactoryBuilderImpl.java:463)
	at org.hibernate.jpa.boot.internal.EntityManagerFactoryBuilderImpl.build(EntityManagerFactoryBuilderImpl.java:1517)
	at org.springframework.orm.jpa.vendor.SpringHibernateJpaPersistenceProvider.createContainerEntityManagerFactory(SpringHibernateJpaPersistenceProvider.java:66)
	at org.springframework.orm.jpa.LocalContainerEntityManagerFactoryBean.createNativeEntityManagerFactory(LocalContainerEntityManagerFactoryBean.java:390)
	at org.springframework.orm.jpa.AbstractEntityManagerFactoryBean.buildNativeEntityManagerFactory(AbstractEntityManagerFactoryBean.java:419)
	... 22 common frames omitted
[2025-11-03 09:46:09:31294290][restartedMain] INFO  back.code.ModuBackApplication - Starting ModuBackApplication using Java 21.0.7 with PID 16156 (C:\modu_project\modu_back\build\classes\java\main started by sm002 in C:\modu_project\modu_back)
[2025-11-03 09:46:09:31294290][restartedMain] INFO  back.code.ModuBackApplication - No active profile set, falling back to 1 default profile: "default"
[2025-11-03 09:46:09:31294505][restartedMain] INFO  o.s.d.r.c.RepositoryConfigurationDelegate - Bootstrapping Spring Data JPA repositories in DEFAULT mode.
[2025-11-03 09:46:09:31294525][restartedMain] INFO  o.s.d.r.c.RepositoryConfigurationDelegate - Finished Spring Data repository scanning in 19 ms. Found 3 JPA repository interfaces.
[2025-11-03 09:46:09:31294629][restartedMain] INFO  o.s.b.w.e.tomcat.TomcatWebServer - Tomcat initialized with port 9090 (http)
[2025-11-03 09:46:09:31294630][restartedMain] INFO  o.a.coyote.http11.Http11NioProtocol - Initializing ProtocolHandler ["http-nio-9090"]
[2025-11-03 09:46:09:31294630][restartedMain] INFO  o.a.catalina.core.StandardService - Starting service [Tomcat]
[2025-11-03 09:46:09:31294630][restartedMain] INFO  o.a.catalina.core.StandardEngine - Starting Servlet engine: [Apache Tomcat/10.1.48]
[2025-11-03 09:46:09:31294664][restartedMain] INFO  o.a.c.c.C.[.[localhost].[/] - Initializing Spring embedded WebApplicationContext
[2025-11-03 09:46:09:31294664][restartedMain] INFO  o.s.b.w.s.c.ServletWebServerApplicationContext - Root WebApplicationContext: initialization completed in 373 ms
[2025-11-03 09:46:09:31294707][restartedMain] INFO  o.h.jpa.internal.util.LogHelper - HHH000204: Processing PersistenceUnitInfo [name: default]
[2025-11-03 09:46:09:31294710][restartedMain] INFO  o.h.c.i.RegionFactoryInitiator - HHH000026: Second-level cache disabled
[2025-11-03 09:46:09:31294717][restartedMain] INFO  o.s.o.j.p.SpringPersistenceUnitInfo - No LoadTimeWeaver setup: ignoring JPA class transformer
[2025-11-03 09:46:09:31294718][restartedMain] INFO  com.zaxxer.hikari.HikariDataSource - HikariPool-9 - Starting...
[2025-11-03 09:46:09:31294721][restartedMain] INFO  com.zaxxer.hikari.pool.HikariPool - HikariPool-9 - Added connection org.mariadb.jdbc.Connection@76531c32
[2025-11-03 09:46:09:31294721][restartedMain] INFO  com.zaxxer.hikari.HikariDataSource - HikariPool-9 - Start completed.
[2025-11-03 09:46:09:31294722][restartedMain] WARN  org.hibernate.orm.deprecation - HHH90000025: MariaDBDialect does not need to be specified explicitly using 'hibernate.dialect' (remove the property setting and it will be selected by default)
[2025-11-03 09:46:09:31294722][restartedMain] INFO  o.hibernate.orm.connections.pooling - HHH10001005: Database info:
	Database JDBC URL [Connecting through datasource 'p6SpyDataSourceDecorator [com.p6spy.engine.spy.P6DataSource] -> dataSource [com.zaxxer.hikari.HikariDataSource]']
	Database driver: undefined/unknown
	Database version: 11.8.2
	Autocommit mode: undefined/unknown
	Isolation level: undefined/unknown
	Minimum pool size: undefined/unknown
	Maximum pool size: undefined/unknown
[2025-11-03 09:46:09:31294722][restartedMain] DEBUG o.h.t.d.sql.spi.DdlTypeRegistry - addDescriptor(12, org.hibernate.type.descriptor.sql.internal.CapacityDependentDdlType@58621b92) replaced previous registration(org.hibernate.type.descriptor.sql.internal.CapacityDependentDdlType@6c072686)
[2025-11-03 09:46:09:31294722][restartedMain] DEBUG o.h.t.d.sql.spi.DdlTypeRegistry - addDescriptor(-9, org.hibernate.type.descriptor.sql.internal.CapacityDependentDdlType@615a5566) replaced previous registration(org.hibernate.type.descriptor.sql.internal.CapacityDependentDdlType@63ba781a)
[2025-11-03 09:46:09:31294722][restartedMain] DEBUG o.h.t.d.sql.spi.DdlTypeRegistry - addDescriptor(-3, org.hibernate.type.descriptor.sql.internal.CapacityDependentDdlType@2b4c5174) replaced previous registration(org.hibernate.type.descriptor.sql.internal.CapacityDependentDdlType@7eaa618d)
[2025-11-03 09:46:09:31294722][restartedMain] DEBUG o.h.t.d.sql.spi.DdlTypeRegistry - addDescriptor(4003, org.hibernate.type.descriptor.sql.internal.DdlTypeImpl@4d68fa5b) replaced previous registration(org.hibernate.type.descriptor.sql.internal.DdlTypeImpl@7d222144)
[2025-11-03 09:46:09:31294723][restartedMain] DEBUG o.h.t.d.sql.spi.DdlTypeRegistry - addDescriptor(4001, org.hibernate.type.descriptor.sql.internal.DdlTypeImpl@342c1865) replaced previous registration(org.hibernate.type.descriptor.sql.internal.DdlTypeImpl@19a7a164)
[2025-11-03 09:46:09:31294723][restartedMain] DEBUG o.h.t.d.sql.spi.DdlTypeRegistry - addDescriptor(4002, org.hibernate.type.descriptor.sql.internal.DdlTypeImpl@7f53110e) replaced previous registration(org.hibernate.type.descriptor.sql.internal.DdlTypeImpl@2b68d1b1)
[2025-11-03 09:46:09:31294723][restartedMain] DEBUG o.h.t.d.sql.spi.DdlTypeRegistry - addDescriptor(2004, org.hibernate.type.descriptor.sql.internal.CapacityDependentDdlType@f60f939) replaced previous registration(org.hibernate.type.descriptor.sql.internal.DdlTypeImpl@250ccc9e)
[2025-11-03 09:46:09:31294723][restartedMain] DEBUG o.h.t.d.sql.spi.DdlTypeRegistry - addDescriptor(2005, org.hibernate.type.descriptor.sql.internal.CapacityDependentDdlType@42b06250) replaced previous registration(org.hibernate.type.descriptor.sql.internal.DdlTypeImpl@2f38c6ee)
[2025-11-03 09:46:09:31294723][restartedMain] DEBUG o.h.t.d.sql.spi.DdlTypeRegistry - addDescriptor(2011, org.hibernate.type.descriptor.sql.internal.CapacityDependentDdlType@27194b01) replaced previous registration(org.hibernate.type.descriptor.sql.internal.DdlTypeImpl@64b21b40)
[2025-11-03 09:46:09:31294827][restartedMain] INFO  o.h.e.t.j.p.i.JtaPlatformInitiator - HHH000489: No JTA platform available (set 'hibernate.transaction.jta.platform' to enable JTA platform integration)
[2025-11-03 09:46:09:31294829][restartedMain] INFO  p6spy - #1762130769667 | took 1ms | statement | connection 21| url jdbc:mariadb://localhost/modu?user=root&password=***&prepStmtCacheSqlLimit=2048&useServerPrepStmts=true
select table_name from information_schema.TABLES where table_schema=database() and table_type='SEQUENCE'
select table_name from information_schema.TABLES where table_schema=database() and table_type='SEQUENCE';
[2025-11-03 09:46:09:31294849][restartedMain] ERROR o.s.o.j.LocalContainerEntityManagerFactoryBean - Failed to initialize JPA EntityManagerFactory: [PersistenceUnit: default] Unable to build Hibernate SessionFactory; nested exception is org.hibernate.tool.schema.spi.SchemaManagementException: Schema-validation: missing column [create_at] in table [user_setting]
[2025-11-03 09:46:09:31294849][restartedMain] WARN  o.s.b.w.s.c.AnnotationConfigServletWebServerApplicationContext - Exception encountered during context initialization - cancelling refresh attempt: org.springframework.beans.factory.BeanCreationException: Error creating bean with name 'entityManagerFactory' defined in class path resource [org/springframework/boot/autoconfigure/orm/jpa/HibernateJpaConfiguration.class]: [PersistenceUnit: default] Unable to build Hibernate SessionFactory; nested exception is org.hibernate.tool.schema.spi.SchemaManagementException: Schema-validation: missing column [create_at] in table [user_setting]
[2025-11-03 09:46:09:31294849][restartedMain] INFO  com.zaxxer.hikari.HikariDataSource - HikariPool-9 - Shutdown initiated...
[2025-11-03 09:46:09:31294873][restartedMain] INFO  com.zaxxer.hikari.HikariDataSource - HikariPool-9 - Shutdown completed.
[2025-11-03 09:46:09:31294875][restartedMain] INFO  o.a.catalina.core.StandardService - Stopping service [Tomcat]
[2025-11-03 09:46:09:31294880][restartedMain] INFO  o.s.b.a.l.ConditionEvaluationReportLogger - 

Error starting ApplicationContext. To display the condition evaluation report re-run your application with 'debug' enabled.
[2025-11-03 09:46:09:31294884][restartedMain] ERROR o.s.boot.SpringApplication - Application run failed
org.springframework.beans.factory.BeanCreationException: Error creating bean with name 'entityManagerFactory' defined in class path resource [org/springframework/boot/autoconfigure/orm/jpa/HibernateJpaConfiguration.class]: [PersistenceUnit: default] Unable to build Hibernate SessionFactory; nested exception is org.hibernate.tool.schema.spi.SchemaManagementException: Schema-validation: missing column [create_at] in table [user_setting]
	at org.springframework.beans.factory.support.AbstractAutowireCapableBeanFactory.initializeBean(AbstractAutowireCapableBeanFactory.java:1826)
	at org.springframework.beans.factory.support.AbstractAutowireCapableBeanFactory.doCreateBean(AbstractAutowireCapableBeanFactory.java:607)
	at org.springframework.beans.factory.support.AbstractAutowireCapableBeanFactory.createBean(AbstractAutowireCapableBeanFactory.java:529)
	at org.springframework.beans.factory.support.AbstractBeanFactory.lambda$doGetBean$0(AbstractBeanFactory.java:339)
	at org.springframework.beans.factory.support.DefaultSingletonBeanRegistry.getSingleton(DefaultSingletonBeanRegistry.java:373)
	at org.springframework.beans.factory.support.AbstractBeanFactory.doGetBean(AbstractBeanFactory.java:337)
	at org.springframework.beans.factory.support.AbstractBeanFactory.getBean(AbstractBeanFactory.java:207)
	at org.springframework.context.support.AbstractApplicationContext.finishBeanFactoryInitialization(AbstractApplicationContext.java:973)
	at org.springframework.context.support.AbstractApplicationContext.refresh(AbstractApplicationContext.java:627)
	at org.springframework.boot.web.servlet.context.ServletWebServerApplicationContext.refresh(ServletWebServerApplicationContext.java:146)
	at org.springframework.boot.SpringApplication.refresh(SpringApplication.java:752)
	at org.springframework.boot.SpringApplication.refreshContext(SpringApplication.java:439)
	at org.springframework.boot.SpringApplication.run(SpringApplication.java:318)
	at org.springframework.boot.SpringApplication.run(SpringApplication.java:1361)
	at org.springframework.boot.SpringApplication.run(SpringApplication.java:1350)
	at back.code.ModuBackApplication.main(ModuBackApplication.java:10)
	at java.base/jdk.internal.reflect.DirectMethodHandleAccessor.invoke(DirectMethodHandleAccessor.java:103)
	at java.base/java.lang.reflect.Method.invoke(Method.java:580)
	at org.springframework.boot.devtools.restart.RestartLauncher.run(RestartLauncher.java:50)
Caused by: jakarta.persistence.PersistenceException: [PersistenceUnit: default] Unable to build Hibernate SessionFactory; nested exception is org.hibernate.tool.schema.spi.SchemaManagementException: Schema-validation: missing column [create_at] in table [user_setting]
	at org.springframework.orm.jpa.AbstractEntityManagerFactoryBean.buildNativeEntityManagerFactory(AbstractEntityManagerFactoryBean.java:431)
	at org.springframework.orm.jpa.AbstractEntityManagerFactoryBean.afterPropertiesSet(AbstractEntityManagerFactoryBean.java:400)
	at org.springframework.orm.jpa.LocalContainerEntityManagerFactoryBean.afterPropertiesSet(LocalContainerEntityManagerFactoryBean.java:366)
	at org.springframework.beans.factory.support.AbstractAutowireCapableBeanFactory.invokeInitMethods(AbstractAutowireCapableBeanFactory.java:1873)
	at org.springframework.beans.factory.support.AbstractAutowireCapableBeanFactory.initializeBean(AbstractAutowireCapableBeanFactory.java:1822)
	... 18 common frames omitted
Caused by: org.hibernate.tool.schema.spi.SchemaManagementException: Schema-validation: missing column [create_at] in table [user_setting]
	at org.hibernate.tool.schema.internal.AbstractSchemaValidator.validateTable(AbstractSchemaValidator.java:149)
	at org.hibernate.tool.schema.internal.GroupedSchemaValidatorImpl.validateTables(GroupedSchemaValidatorImpl.java:46)
	at org.hibernate.tool.schema.internal.AbstractSchemaValidator.performValidation(AbstractSchemaValidator.java:99)
	at org.hibernate.tool.schema.internal.AbstractSchemaValidator.doValidation(AbstractSchemaValidator.java:77)
	at org.hibernate.tool.schema.spi.SchemaManagementToolCoordinator.performDatabaseAction(SchemaManagementToolCoordinator.java:289)
	at org.hibernate.tool.schema.spi.SchemaManagementToolCoordinator.lambda$process$5(SchemaManagementToolCoordinator.java:144)
	at java.base/java.util.HashMap.forEach(HashMap.java:1429)
	at org.hibernate.tool.schema.spi.SchemaManagementToolCoordinator.process(SchemaManagementToolCoordinator.java:141)
	at org.hibernate.boot.internal.SessionFactoryObserverForSchemaExport.sessionFactoryCreated(SessionFactoryObserverForSchemaExport.java:37)
	at org.hibernate.internal.SessionFactoryObserverChain.sessionFactoryCreated(SessionFactoryObserverChain.java:35)
	at org.hibernate.internal.SessionFactoryImpl.<init>(SessionFactoryImpl.java:324)
	at org.hibernate.boot.internal.SessionFactoryBuilderImpl.build(SessionFactoryBuilderImpl.java:463)
	at org.hibernate.jpa.boot.internal.EntityManagerFactoryBuilderImpl.build(EntityManagerFactoryBuilderImpl.java:1517)
	at org.springframework.orm.jpa.vendor.SpringHibernateJpaPersistenceProvider.createContainerEntityManagerFactory(SpringHibernateJpaPersistenceProvider.java:66)
	at org.springframework.orm.jpa.LocalContainerEntityManagerFactoryBean.createNativeEntityManagerFactory(LocalContainerEntityManagerFactoryBean.java:390)
	at org.springframework.orm.jpa.AbstractEntityManagerFactoryBean.buildNativeEntityManagerFactory(AbstractEntityManagerFactoryBean.java:419)
	... 22 common frames omitted
[2025-11-03 09:46:13:31298432][restartedMain] INFO  back.code.ModuBackApplication - Starting ModuBackApplication using Java 21.0.7 with PID 16156 (C:\modu_project\modu_back\build\classes\java\main started by sm002 in C:\modu_project\modu_back)
[2025-11-03 09:46:13:31298432][restartedMain] INFO  back.code.ModuBackApplication - No active profile set, falling back to 1 default profile: "default"
[2025-11-03 09:46:13:31298779][restartedMain] INFO  o.s.d.r.c.RepositoryConfigurationDelegate - Bootstrapping Spring Data JPA repositories in DEFAULT mode.
[2025-11-03 09:46:13:31298808][restartedMain] INFO  o.s.d.r.c.RepositoryConfigurationDelegate - Finished Spring Data repository scanning in 28 ms. Found 3 JPA repository interfaces.
[2025-11-03 09:46:13:31298938][restartedMain] INFO  o.s.b.w.e.tomcat.TomcatWebServer - Tomcat initialized with port 9090 (http)
[2025-11-03 09:46:13:31298939][restartedMain] INFO  o.a.coyote.http11.Http11NioProtocol - Initializing ProtocolHandler ["http-nio-9090"]
[2025-11-03 09:46:13:31298939][restartedMain] INFO  o.a.catalina.core.StandardService - Starting service [Tomcat]
[2025-11-03 09:46:13:31298939][restartedMain] INFO  o.a.catalina.core.StandardEngine - Starting Servlet engine: [Apache Tomcat/10.1.48]
[2025-11-03 09:46:13:31298977][restartedMain] INFO  o.a.c.c.C.[.[localhost].[/] - Initializing Spring embedded WebApplicationContext
[2025-11-03 09:46:13:31298977][restartedMain] INFO  o.s.b.w.s.c.ServletWebServerApplicationContext - Root WebApplicationContext: initialization completed in 543 ms
[2025-11-03 09:46:13:31299019][restartedMain] INFO  o.h.jpa.internal.util.LogHelper - HHH000204: Processing PersistenceUnitInfo [name: default]
[2025-11-03 09:46:13:31299023][restartedMain] INFO  o.h.c.i.RegionFactoryInitiator - HHH000026: Second-level cache disabled
[2025-11-03 09:46:13:31299030][restartedMain] INFO  o.s.o.j.p.SpringPersistenceUnitInfo - No LoadTimeWeaver setup: ignoring JPA class transformer
[2025-11-03 09:46:13:31299031][restartedMain] INFO  com.zaxxer.hikari.HikariDataSource - HikariPool-10 - Starting...
[2025-11-03 09:46:13:31299033][restartedMain] INFO  com.zaxxer.hikari.pool.HikariPool - HikariPool-10 - Added connection org.mariadb.jdbc.Connection@6b9d1aa2
[2025-11-03 09:46:13:31299033][restartedMain] INFO  com.zaxxer.hikari.HikariDataSource - HikariPool-10 - Start completed.
[2025-11-03 09:46:13:31299034][restartedMain] WARN  org.hibernate.orm.deprecation - HHH90000025: MariaDBDialect does not need to be specified explicitly using 'hibernate.dialect' (remove the property setting and it will be selected by default)
[2025-11-03 09:46:13:31299035][restartedMain] INFO  o.hibernate.orm.connections.pooling - HHH10001005: Database info:
	Database JDBC URL [Connecting through datasource 'p6SpyDataSourceDecorator [com.p6spy.engine.spy.P6DataSource] -> dataSource [com.zaxxer.hikari.HikariDataSource]']
	Database driver: undefined/unknown
	Database version: 11.8.2
	Autocommit mode: undefined/unknown
	Isolation level: undefined/unknown
	Minimum pool size: undefined/unknown
	Maximum pool size: undefined/unknown
[2025-11-03 09:46:13:31299035][restartedMain] DEBUG o.h.t.d.sql.spi.DdlTypeRegistry - addDescriptor(12, org.hibernate.type.descriptor.sql.internal.CapacityDependentDdlType@40b96c4c) replaced previous registration(org.hibernate.type.descriptor.sql.internal.CapacityDependentDdlType@3ea4a07e)
[2025-11-03 09:46:13:31299035][restartedMain] DEBUG o.h.t.d.sql.spi.DdlTypeRegistry - addDescriptor(-9, org.hibernate.type.descriptor.sql.internal.CapacityDependentDdlType@186e90e) replaced previous registration(org.hibernate.type.descriptor.sql.internal.CapacityDependentDdlType@678f126d)
[2025-11-03 09:46:13:31299035][restartedMain] DEBUG o.h.t.d.sql.spi.DdlTypeRegistry - addDescriptor(-3, org.hibernate.type.descriptor.sql.internal.CapacityDependentDdlType@6c5fd9dc) replaced previous registration(org.hibernate.type.descriptor.sql.internal.CapacityDependentDdlType@77633379)
[2025-11-03 09:46:13:31299035][restartedMain] DEBUG o.h.t.d.sql.spi.DdlTypeRegistry - addDescriptor(4003, org.hibernate.type.descriptor.sql.internal.DdlTypeImpl@411b6a02) replaced previous registration(org.hibernate.type.descriptor.sql.internal.DdlTypeImpl@5e981436)
[2025-11-03 09:46:13:31299035][restartedMain] DEBUG o.h.t.d.sql.spi.DdlTypeRegistry - addDescriptor(4001, org.hibernate.type.descriptor.sql.internal.DdlTypeImpl@4c1bb700) replaced previous registration(org.hibernate.type.descriptor.sql.internal.DdlTypeImpl@228dbd01)
[2025-11-03 09:46:13:31299035][restartedMain] DEBUG o.h.t.d.sql.spi.DdlTypeRegistry - addDescriptor(4002, org.hibernate.type.descriptor.sql.internal.DdlTypeImpl@38dc8828) replaced previous registration(org.hibernate.type.descriptor.sql.internal.DdlTypeImpl@267b12a1)
[2025-11-03 09:46:13:31299035][restartedMain] DEBUG o.h.t.d.sql.spi.DdlTypeRegistry - addDescriptor(2004, org.hibernate.type.descriptor.sql.internal.CapacityDependentDdlType@374912d9) replaced previous registration(org.hibernate.type.descriptor.sql.internal.DdlTypeImpl@7863c484)
[2025-11-03 09:46:13:31299035][restartedMain] DEBUG o.h.t.d.sql.spi.DdlTypeRegistry - addDescriptor(2005, org.hibernate.type.descriptor.sql.internal.CapacityDependentDdlType@24229e68) replaced previous registration(org.hibernate.type.descriptor.sql.internal.DdlTypeImpl@5ab27e57)
[2025-11-03 09:46:13:31299035][restartedMain] DEBUG o.h.t.d.sql.spi.DdlTypeRegistry - addDescriptor(2011, org.hibernate.type.descriptor.sql.internal.CapacityDependentDdlType@25126002) replaced previous registration(org.hibernate.type.descriptor.sql.internal.DdlTypeImpl@4333d7c0)
[2025-11-03 09:46:13:31299119][restartedMain] INFO  o.h.e.t.j.p.i.JtaPlatformInitiator - HHH000489: No JTA platform available (set 'hibernate.transaction.jta.platform' to enable JTA platform integration)
[2025-11-03 09:46:13:31299120][restartedMain] INFO  p6spy - #1762130773958 | took 0ms | statement | connection 23| url jdbc:mariadb://localhost/modu?user=root&password=***&prepStmtCacheSqlLimit=2048&useServerPrepStmts=true
select table_name from information_schema.TABLES where table_schema=database() and table_type='SEQUENCE'
select table_name from information_schema.TABLES where table_schema=database() and table_type='SEQUENCE';
[2025-11-03 09:46:13:31299148][restartedMain] ERROR o.s.o.j.LocalContainerEntityManagerFactoryBean - Failed to initialize JPA EntityManagerFactory: [PersistenceUnit: default] Unable to build Hibernate SessionFactory; nested exception is org.hibernate.tool.schema.spi.SchemaManagementException: Schema-validation: missing column [create_at] in table [user_setting]
[2025-11-03 09:46:13:31299148][restartedMain] WARN  o.s.b.w.s.c.AnnotationConfigServletWebServerApplicationContext - Exception encountered during context initialization - cancelling refresh attempt: org.springframework.beans.factory.BeanCreationException: Error creating bean with name 'entityManagerFactory' defined in class path resource [org/springframework/boot/autoconfigure/orm/jpa/HibernateJpaConfiguration.class]: [PersistenceUnit: default] Unable to build Hibernate SessionFactory; nested exception is org.hibernate.tool.schema.spi.SchemaManagementException: Schema-validation: missing column [create_at] in table [user_setting]
[2025-11-03 09:46:13:31299148][restartedMain] INFO  com.zaxxer.hikari.HikariDataSource - HikariPool-10 - Shutdown initiated...
[2025-11-03 09:46:13:31299149][restartedMain] INFO  com.zaxxer.hikari.HikariDataSource - HikariPool-10 - Shutdown completed.
[2025-11-03 09:46:13:31299150][restartedMain] INFO  o.a.catalina.core.StandardService - Stopping service [Tomcat]
[2025-11-03 09:46:13:31299154][restartedMain] INFO  o.s.b.a.l.ConditionEvaluationReportLogger - 

Error starting ApplicationContext. To display the condition evaluation report re-run your application with 'debug' enabled.
[2025-11-03 09:46:13:31299157][restartedMain] ERROR o.s.boot.SpringApplication - Application run failed
org.springframework.beans.factory.BeanCreationException: Error creating bean with name 'entityManagerFactory' defined in class path resource [org/springframework/boot/autoconfigure/orm/jpa/HibernateJpaConfiguration.class]: [PersistenceUnit: default] Unable to build Hibernate SessionFactory; nested exception is org.hibernate.tool.schema.spi.SchemaManagementException: Schema-validation: missing column [create_at] in table [user_setting]
	at org.springframework.beans.factory.support.AbstractAutowireCapableBeanFactory.initializeBean(AbstractAutowireCapableBeanFactory.java:1826)
	at org.springframework.beans.factory.support.AbstractAutowireCapableBeanFactory.doCreateBean(AbstractAutowireCapableBeanFactory.java:607)
	at org.springframework.beans.factory.support.AbstractAutowireCapableBeanFactory.createBean(AbstractAutowireCapableBeanFactory.java:529)
	at org.springframework.beans.factory.support.AbstractBeanFactory.lambda$doGetBean$0(AbstractBeanFactory.java:339)
	at org.springframework.beans.factory.support.DefaultSingletonBeanRegistry.getSingleton(DefaultSingletonBeanRegistry.java:373)
	at org.springframework.beans.factory.support.AbstractBeanFactory.doGetBean(AbstractBeanFactory.java:337)
	at org.springframework.beans.factory.support.AbstractBeanFactory.getBean(AbstractBeanFactory.java:207)
	at org.springframework.context.support.AbstractApplicationContext.finishBeanFactoryInitialization(AbstractApplicationContext.java:973)
	at org.springframework.context.support.AbstractApplicationContext.refresh(AbstractApplicationContext.java:627)
	at org.springframework.boot.web.servlet.context.ServletWebServerApplicationContext.refresh(ServletWebServerApplicationContext.java:146)
	at org.springframework.boot.SpringApplication.refresh(SpringApplication.java:752)
	at org.springframework.boot.SpringApplication.refreshContext(SpringApplication.java:439)
	at org.springframework.boot.SpringApplication.run(SpringApplication.java:318)
	at org.springframework.boot.SpringApplication.run(SpringApplication.java:1361)
	at org.springframework.boot.SpringApplication.run(SpringApplication.java:1350)
	at back.code.ModuBackApplication.main(ModuBackApplication.java:10)
	at java.base/jdk.internal.reflect.DirectMethodHandleAccessor.invoke(DirectMethodHandleAccessor.java:103)
	at java.base/java.lang.reflect.Method.invoke(Method.java:580)
	at org.springframework.boot.devtools.restart.RestartLauncher.run(RestartLauncher.java:50)
Caused by: jakarta.persistence.PersistenceException: [PersistenceUnit: default] Unable to build Hibernate SessionFactory; nested exception is org.hibernate.tool.schema.spi.SchemaManagementException: Schema-validation: missing column [create_at] in table [user_setting]
	at org.springframework.orm.jpa.AbstractEntityManagerFactoryBean.buildNativeEntityManagerFactory(AbstractEntityManagerFactoryBean.java:431)
	at org.springframework.orm.jpa.AbstractEntityManagerFactoryBean.afterPropertiesSet(AbstractEntityManagerFactoryBean.java:400)
	at org.springframework.orm.jpa.LocalContainerEntityManagerFactoryBean.afterPropertiesSet(LocalContainerEntityManagerFactoryBean.java:366)
	at org.springframework.beans.factory.support.AbstractAutowireCapableBeanFactory.invokeInitMethods(AbstractAutowireCapableBeanFactory.java:1873)
	at org.springframework.beans.factory.support.AbstractAutowireCapableBeanFactory.initializeBean(AbstractAutowireCapableBeanFactory.java:1822)
	... 18 common frames omitted
Caused by: org.hibernate.tool.schema.spi.SchemaManagementException: Schema-validation: missing column [create_at] in table [user_setting]
	at org.hibernate.tool.schema.internal.AbstractSchemaValidator.validateTable(AbstractSchemaValidator.java:149)
	at org.hibernate.tool.schema.internal.GroupedSchemaValidatorImpl.validateTables(GroupedSchemaValidatorImpl.java:46)
	at org.hibernate.tool.schema.internal.AbstractSchemaValidator.performValidation(AbstractSchemaValidator.java:99)
	at org.hibernate.tool.schema.internal.AbstractSchemaValidator.doValidation(AbstractSchemaValidator.java:77)
	at org.hibernate.tool.schema.spi.SchemaManagementToolCoordinator.performDatabaseAction(SchemaManagementToolCoordinator.java:289)
	at org.hibernate.tool.schema.spi.SchemaManagementToolCoordinator.lambda$process$5(SchemaManagementToolCoordinator.java:144)
	at java.base/java.util.HashMap.forEach(HashMap.java:1429)
	at org.hibernate.tool.schema.spi.SchemaManagementToolCoordinator.process(SchemaManagementToolCoordinator.java:141)
	at org.hibernate.boot.internal.SessionFactoryObserverForSchemaExport.sessionFactoryCreated(SessionFactoryObserverForSchemaExport.java:37)
	at org.hibernate.internal.SessionFactoryObserverChain.sessionFactoryCreated(SessionFactoryObserverChain.java:35)
	at org.hibernate.internal.SessionFactoryImpl.<init>(SessionFactoryImpl.java:324)
	at org.hibernate.boot.internal.SessionFactoryBuilderImpl.build(SessionFactoryBuilderImpl.java:463)
	at org.hibernate.jpa.boot.internal.EntityManagerFactoryBuilderImpl.build(EntityManagerFactoryBuilderImpl.java:1517)
	at org.springframework.orm.jpa.vendor.SpringHibernateJpaPersistenceProvider.createContainerEntityManagerFactory(SpringHibernateJpaPersistenceProvider.java:66)
	at org.springframework.orm.jpa.LocalContainerEntityManagerFactoryBean.createNativeEntityManagerFactory(LocalContainerEntityManagerFactoryBean.java:390)
	at org.springframework.orm.jpa.AbstractEntityManagerFactoryBean.buildNativeEntityManagerFactory(AbstractEntityManagerFactoryBean.java:419)
	... 22 common frames omitted
[2025-11-03 09:46:15:31300646][restartedMain] INFO  back.code.ModuBackApplication - Starting ModuBackApplication using Java 21.0.7 with PID 16156 (C:\modu_project\modu_back\build\classes\java\main started by sm002 in C:\modu_project\modu_back)
[2025-11-03 09:46:15:31300646][restartedMain] INFO  back.code.ModuBackApplication - No active profile set, falling back to 1 default profile: "default"
[2025-11-03 09:46:15:31300854][restartedMain] INFO  o.s.d.r.c.RepositoryConfigurationDelegate - Bootstrapping Spring Data JPA repositories in DEFAULT mode.
[2025-11-03 09:46:15:31300880][restartedMain] INFO  o.s.d.r.c.RepositoryConfigurationDelegate - Finished Spring Data repository scanning in 25 ms. Found 3 JPA repository interfaces.
[2025-11-03 09:46:15:31300973][restartedMain] INFO  o.s.b.w.e.tomcat.TomcatWebServer - Tomcat initialized with port 9090 (http)
[2025-11-03 09:46:15:31300973][restartedMain] INFO  o.a.coyote.http11.Http11NioProtocol - Initializing ProtocolHandler ["http-nio-9090"]
[2025-11-03 09:46:15:31300973][restartedMain] INFO  o.a.catalina.core.StandardService - Starting service [Tomcat]
[2025-11-03 09:46:15:31300974][restartedMain] INFO  o.a.catalina.core.StandardEngine - Starting Servlet engine: [Apache Tomcat/10.1.48]
[2025-11-03 09:46:15:31301001][restartedMain] INFO  o.a.c.c.C.[.[localhost].[/] - Initializing Spring embedded WebApplicationContext
[2025-11-03 09:46:15:31301001][restartedMain] INFO  o.s.b.w.s.c.ServletWebServerApplicationContext - Root WebApplicationContext: initialization completed in 354 ms
[2025-11-03 09:46:15:31301037][restartedMain] INFO  o.h.jpa.internal.util.LogHelper - HHH000204: Processing PersistenceUnitInfo [name: default]
[2025-11-03 09:46:15:31301040][restartedMain] INFO  o.h.c.i.RegionFactoryInitiator - HHH000026: Second-level cache disabled
[2025-11-03 09:46:15:31301050][restartedMain] INFO  o.s.o.j.p.SpringPersistenceUnitInfo - No LoadTimeWeaver setup: ignoring JPA class transformer
[2025-11-03 09:46:15:31301051][restartedMain] INFO  com.zaxxer.hikari.HikariDataSource - HikariPool-11 - Starting...
[2025-11-03 09:46:15:31301053][restartedMain] INFO  com.zaxxer.hikari.pool.HikariPool - HikariPool-11 - Added connection org.mariadb.jdbc.Connection@251ba68e
[2025-11-03 09:46:15:31301053][restartedMain] INFO  com.zaxxer.hikari.HikariDataSource - HikariPool-11 - Start completed.
[2025-11-03 09:46:15:31301054][restartedMain] WARN  org.hibernate.orm.deprecation - HHH90000025: MariaDBDialect does not need to be specified explicitly using 'hibernate.dialect' (remove the property setting and it will be selected by default)
[2025-11-03 09:46:15:31301054][restartedMain] INFO  o.hibernate.orm.connections.pooling - HHH10001005: Database info:
	Database JDBC URL [Connecting through datasource 'p6SpyDataSourceDecorator [com.p6spy.engine.spy.P6DataSource] -> dataSource [com.zaxxer.hikari.HikariDataSource]']
	Database driver: undefined/unknown
	Database version: 11.8.2
	Autocommit mode: undefined/unknown
	Isolation level: undefined/unknown
	Minimum pool size: undefined/unknown
	Maximum pool size: undefined/unknown
[2025-11-03 09:46:15:31301054][restartedMain] DEBUG o.h.t.d.sql.spi.DdlTypeRegistry - addDescriptor(12, org.hibernate.type.descriptor.sql.internal.CapacityDependentDdlType@7fd624c4) replaced previous registration(org.hibernate.type.descriptor.sql.internal.CapacityDependentDdlType@4a5c9de6)
[2025-11-03 09:46:15:31301054][restartedMain] DEBUG o.h.t.d.sql.spi.DdlTypeRegistry - addDescriptor(-9, org.hibernate.type.descriptor.sql.internal.CapacityDependentDdlType@5a5549ba) replaced previous registration(org.hibernate.type.descriptor.sql.internal.CapacityDependentDdlType@d4c1028)
[2025-11-03 09:46:15:31301054][restartedMain] DEBUG o.h.t.d.sql.spi.DdlTypeRegistry - addDescriptor(-3, org.hibernate.type.descriptor.sql.internal.CapacityDependentDdlType@43f2f541) replaced previous registration(org.hibernate.type.descriptor.sql.internal.CapacityDependentDdlType@6d6ff374)
[2025-11-03 09:46:15:31301054][restartedMain] DEBUG o.h.t.d.sql.spi.DdlTypeRegistry - addDescriptor(4003, org.hibernate.type.descriptor.sql.internal.DdlTypeImpl@1d876ffa) replaced previous registration(org.hibernate.type.descriptor.sql.internal.DdlTypeImpl@70a7f132)
[2025-11-03 09:46:15:31301054][restartedMain] DEBUG o.h.t.d.sql.spi.DdlTypeRegistry - addDescriptor(4001, org.hibernate.type.descriptor.sql.internal.DdlTypeImpl@24ab4a9a) replaced previous registration(org.hibernate.type.descriptor.sql.internal.DdlTypeImpl@36cdf928)
[2025-11-03 09:46:15:31301054][restartedMain] DEBUG o.h.t.d.sql.spi.DdlTypeRegistry - addDescriptor(4002, org.hibernate.type.descriptor.sql.internal.DdlTypeImpl@1013b8b4) replaced previous registration(org.hibernate.type.descriptor.sql.internal.DdlTypeImpl@5ff2f5e5)
[2025-11-03 09:46:15:31301054][restartedMain] DEBUG o.h.t.d.sql.spi.DdlTypeRegistry - addDescriptor(2004, org.hibernate.type.descriptor.sql.internal.CapacityDependentDdlType@21f38b1b) replaced previous registration(org.hibernate.type.descriptor.sql.internal.DdlTypeImpl@78ae32b4)
[2025-11-03 09:46:15:31301054][restartedMain] DEBUG o.h.t.d.sql.spi.DdlTypeRegistry - addDescriptor(2005, org.hibernate.type.descriptor.sql.internal.CapacityDependentDdlType@75f5f30d) replaced previous registration(org.hibernate.type.descriptor.sql.internal.DdlTypeImpl@3de06d8b)
[2025-11-03 09:46:15:31301054][restartedMain] DEBUG o.h.t.d.sql.spi.DdlTypeRegistry - addDescriptor(2011, org.hibernate.type.descriptor.sql.internal.CapacityDependentDdlType@f6827f) replaced previous registration(org.hibernate.type.descriptor.sql.internal.DdlTypeImpl@9c42b47)
[2025-11-03 09:46:15:31301110][restartedMain] INFO  o.h.e.t.j.p.i.JtaPlatformInitiator - HHH000489: No JTA platform available (set 'hibernate.transaction.jta.platform' to enable JTA platform integration)
[2025-11-03 09:46:15:31301110][restartedMain] INFO  p6spy - #1762130775948 | took 0ms | statement | connection 25| url jdbc:mariadb://localhost/modu?user=root&password=***&prepStmtCacheSqlLimit=2048&useServerPrepStmts=true
select table_name from information_schema.TABLES where table_schema=database() and table_type='SEQUENCE'
select table_name from information_schema.TABLES where table_schema=database() and table_type='SEQUENCE';
[2025-11-03 09:46:15:31301123][restartedMain] ERROR o.s.o.j.LocalContainerEntityManagerFactoryBean - Failed to initialize JPA EntityManagerFactory: [PersistenceUnit: default] Unable to build Hibernate SessionFactory; nested exception is org.hibernate.tool.schema.spi.SchemaManagementException: Schema-validation: missing column [create_at] in table [user_setting]
[2025-11-03 09:46:15:31301123][restartedMain] WARN  o.s.b.w.s.c.AnnotationConfigServletWebServerApplicationContext - Exception encountered during context initialization - cancelling refresh attempt: org.springframework.beans.factory.BeanCreationException: Error creating bean with name 'entityManagerFactory' defined in class path resource [org/springframework/boot/autoconfigure/orm/jpa/HibernateJpaConfiguration.class]: [PersistenceUnit: default] Unable to build Hibernate SessionFactory; nested exception is org.hibernate.tool.schema.spi.SchemaManagementException: Schema-validation: missing column [create_at] in table [user_setting]
[2025-11-03 09:46:15:31301123][restartedMain] INFO  com.zaxxer.hikari.HikariDataSource - HikariPool-11 - Shutdown initiated...
[2025-11-03 09:46:15:31301126][restartedMain] INFO  com.zaxxer.hikari.HikariDataSource - HikariPool-11 - Shutdown completed.
[2025-11-03 09:46:15:31301126][restartedMain] INFO  o.a.catalina.core.StandardService - Stopping service [Tomcat]
[2025-11-03 09:46:15:31301130][restartedMain] INFO  o.s.b.a.l.ConditionEvaluationReportLogger - 

Error starting ApplicationContext. To display the condition evaluation report re-run your application with 'debug' enabled.
[2025-11-03 09:46:15:31301130][restartedMain] ERROR o.s.boot.SpringApplication - Application run failed
org.springframework.beans.factory.BeanCreationException: Error creating bean with name 'entityManagerFactory' defined in class path resource [org/springframework/boot/autoconfigure/orm/jpa/HibernateJpaConfiguration.class]: [PersistenceUnit: default] Unable to build Hibernate SessionFactory; nested exception is org.hibernate.tool.schema.spi.SchemaManagementException: Schema-validation: missing column [create_at] in table [user_setting]
	at org.springframework.beans.factory.support.AbstractAutowireCapableBeanFactory.initializeBean(AbstractAutowireCapableBeanFactory.java:1826)
	at org.springframework.beans.factory.support.AbstractAutowireCapableBeanFactory.doCreateBean(AbstractAutowireCapableBeanFactory.java:607)
	at org.springframework.beans.factory.support.AbstractAutowireCapableBeanFactory.createBean(AbstractAutowireCapableBeanFactory.java:529)
	at org.springframework.beans.factory.support.AbstractBeanFactory.lambda$doGetBean$0(AbstractBeanFactory.java:339)
	at org.springframework.beans.factory.support.DefaultSingletonBeanRegistry.getSingleton(DefaultSingletonBeanRegistry.java:373)
	at org.springframework.beans.factory.support.AbstractBeanFactory.doGetBean(AbstractBeanFactory.java:337)
	at org.springframework.beans.factory.support.AbstractBeanFactory.getBean(AbstractBeanFactory.java:207)
	at org.springframework.context.support.AbstractApplicationContext.finishBeanFactoryInitialization(AbstractApplicationContext.java:973)
	at org.springframework.context.support.AbstractApplicationContext.refresh(AbstractApplicationContext.java:627)
	at org.springframework.boot.web.servlet.context.ServletWebServerApplicationContext.refresh(ServletWebServerApplicationContext.java:146)
	at org.springframework.boot.SpringApplication.refresh(SpringApplication.java:752)
	at org.springframework.boot.SpringApplication.refreshContext(SpringApplication.java:439)
	at org.springframework.boot.SpringApplication.run(SpringApplication.java:318)
	at org.springframework.boot.SpringApplication.run(SpringApplication.java:1361)
	at org.springframework.boot.SpringApplication.run(SpringApplication.java:1350)
	at back.code.ModuBackApplication.main(ModuBackApplication.java:10)
	at java.base/jdk.internal.reflect.DirectMethodHandleAccessor.invoke(DirectMethodHandleAccessor.java:103)
	at java.base/java.lang.reflect.Method.invoke(Method.java:580)
	at org.springframework.boot.devtools.restart.RestartLauncher.run(RestartLauncher.java:50)
Caused by: jakarta.persistence.PersistenceException: [PersistenceUnit: default] Unable to build Hibernate SessionFactory; nested exception is org.hibernate.tool.schema.spi.SchemaManagementException: Schema-validation: missing column [create_at] in table [user_setting]
	at org.springframework.orm.jpa.AbstractEntityManagerFactoryBean.buildNativeEntityManagerFactory(AbstractEntityManagerFactoryBean.java:431)
	at org.springframework.orm.jpa.AbstractEntityManagerFactoryBean.afterPropertiesSet(AbstractEntityManagerFactoryBean.java:400)
	at org.springframework.orm.jpa.LocalContainerEntityManagerFactoryBean.afterPropertiesSet(LocalContainerEntityManagerFactoryBean.java:366)
	at org.springframework.beans.factory.support.AbstractAutowireCapableBeanFactory.invokeInitMethods(AbstractAutowireCapableBeanFactory.java:1873)
	at org.springframework.beans.factory.support.AbstractAutowireCapableBeanFactory.initializeBean(AbstractAutowireCapableBeanFactory.java:1822)
	... 18 common frames omitted
Caused by: org.hibernate.tool.schema.spi.SchemaManagementException: Schema-validation: missing column [create_at] in table [user_setting]
	at org.hibernate.tool.schema.internal.AbstractSchemaValidator.validateTable(AbstractSchemaValidator.java:149)
	at org.hibernate.tool.schema.internal.GroupedSchemaValidatorImpl.validateTables(GroupedSchemaValidatorImpl.java:46)
	at org.hibernate.tool.schema.internal.AbstractSchemaValidator.performValidation(AbstractSchemaValidator.java:99)
	at org.hibernate.tool.schema.internal.AbstractSchemaValidator.doValidation(AbstractSchemaValidator.java:77)
	at org.hibernate.tool.schema.spi.SchemaManagementToolCoordinator.performDatabaseAction(SchemaManagementToolCoordinator.java:289)
	at org.hibernate.tool.schema.spi.SchemaManagementToolCoordinator.lambda$process$5(SchemaManagementToolCoordinator.java:144)
	at java.base/java.util.HashMap.forEach(HashMap.java:1429)
	at org.hibernate.tool.schema.spi.SchemaManagementToolCoordinator.process(SchemaManagementToolCoordinator.java:141)
	at org.hibernate.boot.internal.SessionFactoryObserverForSchemaExport.sessionFactoryCreated(SessionFactoryObserverForSchemaExport.java:37)
	at org.hibernate.internal.SessionFactoryObserverChain.sessionFactoryCreated(SessionFactoryObserverChain.java:35)
	at org.hibernate.internal.SessionFactoryImpl.<init>(SessionFactoryImpl.java:324)
	at org.hibernate.boot.internal.SessionFactoryBuilderImpl.build(SessionFactoryBuilderImpl.java:463)
	at org.hibernate.jpa.boot.internal.EntityManagerFactoryBuilderImpl.build(EntityManagerFactoryBuilderImpl.java:1517)
	at org.springframework.orm.jpa.vendor.SpringHibernateJpaPersistenceProvider.createContainerEntityManagerFactory(SpringHibernateJpaPersistenceProvider.java:66)
	at org.springframework.orm.jpa.LocalContainerEntityManagerFactoryBean.createNativeEntityManagerFactory(LocalContainerEntityManagerFactoryBean.java:390)
	at org.springframework.orm.jpa.AbstractEntityManagerFactoryBean.buildNativeEntityManagerFactory(AbstractEntityManagerFactoryBean.java:419)
	... 22 common frames omitted
[2025-11-03 09:46:24:31309801][restartedMain] INFO  back.code.ModuBackApplication - Starting ModuBackApplication using Java 21.0.7 with PID 16156 (C:\modu_project\modu_back\build\classes\java\main started by sm002 in C:\modu_project\modu_back)
[2025-11-03 09:46:24:31309801][restartedMain] INFO  back.code.ModuBackApplication - No active profile set, falling back to 1 default profile: "default"
[2025-11-03 09:46:24:31310037][restartedMain] INFO  o.s.d.r.c.RepositoryConfigurationDelegate - Bootstrapping Spring Data JPA repositories in DEFAULT mode.
[2025-11-03 09:46:24:31310059][restartedMain] INFO  o.s.d.r.c.RepositoryConfigurationDelegate - Finished Spring Data repository scanning in 20 ms. Found 3 JPA repository interfaces.
[2025-11-03 09:46:24:31310139][restartedMain] INFO  o.s.b.w.e.tomcat.TomcatWebServer - Tomcat initialized with port 9090 (http)
[2025-11-03 09:46:24:31310140][restartedMain] INFO  o.a.coyote.http11.Http11NioProtocol - Initializing ProtocolHandler ["http-nio-9090"]
[2025-11-03 09:46:24:31310140][restartedMain] INFO  o.a.catalina.core.StandardService - Starting service [Tomcat]
[2025-11-03 09:46:24:31310140][restartedMain] INFO  o.a.catalina.core.StandardEngine - Starting Servlet engine: [Apache Tomcat/10.1.48]
[2025-11-03 09:46:25:31310172][restartedMain] INFO  o.a.c.c.C.[.[localhost].[/] - Initializing Spring embedded WebApplicationContext
[2025-11-03 09:46:25:31310172][restartedMain] INFO  o.s.b.w.s.c.ServletWebServerApplicationContext - Root WebApplicationContext: initialization completed in 370 ms
[2025-11-03 09:46:25:31310212][restartedMain] INFO  o.h.jpa.internal.util.LogHelper - HHH000204: Processing PersistenceUnitInfo [name: default]
[2025-11-03 09:46:25:31310215][restartedMain] INFO  o.h.c.i.RegionFactoryInitiator - HHH000026: Second-level cache disabled
[2025-11-03 09:46:25:31310221][restartedMain] INFO  o.s.o.j.p.SpringPersistenceUnitInfo - No LoadTimeWeaver setup: ignoring JPA class transformer
[2025-11-03 09:46:25:31310223][restartedMain] INFO  com.zaxxer.hikari.HikariDataSource - HikariPool-12 - Starting...
[2025-11-03 09:46:25:31310227][restartedMain] INFO  com.zaxxer.hikari.pool.HikariPool - HikariPool-12 - Added connection org.mariadb.jdbc.Connection@1269759a
[2025-11-03 09:46:25:31310227][restartedMain] INFO  com.zaxxer.hikari.HikariDataSource - HikariPool-12 - Start completed.
[2025-11-03 09:46:25:31310227][restartedMain] WARN  org.hibernate.orm.deprecation - HHH90000025: MariaDBDialect does not need to be specified explicitly using 'hibernate.dialect' (remove the property setting and it will be selected by default)
[2025-11-03 09:46:25:31310229][restartedMain] INFO  o.hibernate.orm.connections.pooling - HHH10001005: Database info:
	Database JDBC URL [Connecting through datasource 'p6SpyDataSourceDecorator [com.p6spy.engine.spy.P6DataSource] -> dataSource [com.zaxxer.hikari.HikariDataSource]']
	Database driver: undefined/unknown
	Database version: 11.8.2
	Autocommit mode: undefined/unknown
	Isolation level: undefined/unknown
	Minimum pool size: undefined/unknown
	Maximum pool size: undefined/unknown
[2025-11-03 09:46:25:31310229][restartedMain] DEBUG o.h.t.d.sql.spi.DdlTypeRegistry - addDescriptor(12, org.hibernate.type.descriptor.sql.internal.CapacityDependentDdlType@2a0628e0) replaced previous registration(org.hibernate.type.descriptor.sql.internal.CapacityDependentDdlType@7691c724)
[2025-11-03 09:46:25:31310229][restartedMain] DEBUG o.h.t.d.sql.spi.DdlTypeRegistry - addDescriptor(-9, org.hibernate.type.descriptor.sql.internal.CapacityDependentDdlType@6009a2f) replaced previous registration(org.hibernate.type.descriptor.sql.internal.CapacityDependentDdlType@4c5503db)
[2025-11-03 09:46:25:31310229][restartedMain] DEBUG o.h.t.d.sql.spi.DdlTypeRegistry - addDescriptor(-3, org.hibernate.type.descriptor.sql.internal.CapacityDependentDdlType@570f6399) replaced previous registration(org.hibernate.type.descriptor.sql.internal.CapacityDependentDdlType@2fdf26bb)
[2025-11-03 09:46:25:31310229][restartedMain] DEBUG o.h.t.d.sql.spi.DdlTypeRegistry - addDescriptor(4003, org.hibernate.type.descriptor.sql.internal.DdlTypeImpl@2d8c108d) replaced previous registration(org.hibernate.type.descriptor.sql.internal.DdlTypeImpl@4923953c)
[2025-11-03 09:46:25:31310229][restartedMain] DEBUG o.h.t.d.sql.spi.DdlTypeRegistry - addDescriptor(4001, org.hibernate.type.descriptor.sql.internal.DdlTypeImpl@651c242a) replaced previous registration(org.hibernate.type.descriptor.sql.internal.DdlTypeImpl@33203ccc)
[2025-11-03 09:46:25:31310229][restartedMain] DEBUG o.h.t.d.sql.spi.DdlTypeRegistry - addDescriptor(4002, org.hibernate.type.descriptor.sql.internal.DdlTypeImpl@7ee55a5d) replaced previous registration(org.hibernate.type.descriptor.sql.internal.DdlTypeImpl@2b3aaac8)
[2025-11-03 09:46:25:31310229][restartedMain] DEBUG o.h.t.d.sql.spi.DdlTypeRegistry - addDescriptor(2004, org.hibernate.type.descriptor.sql.internal.CapacityDependentDdlType@2f83e6f1) replaced previous registration(org.hibernate.type.descriptor.sql.internal.DdlTypeImpl@1df76991)
[2025-11-03 09:46:25:31310229][restartedMain] DEBUG o.h.t.d.sql.spi.DdlTypeRegistry - addDescriptor(2005, org.hibernate.type.descriptor.sql.internal.CapacityDependentDdlType@4994efc0) replaced previous registration(org.hibernate.type.descriptor.sql.internal.DdlTypeImpl@370660d0)
[2025-11-03 09:46:25:31310229][restartedMain] DEBUG o.h.t.d.sql.spi.DdlTypeRegistry - addDescriptor(2011, org.hibernate.type.descriptor.sql.internal.CapacityDependentDdlType@702acaf) replaced previous registration(org.hibernate.type.descriptor.sql.internal.DdlTypeImpl@211ff63f)
[2025-11-03 09:46:25:31310299][restartedMain] INFO  o.h.e.t.j.p.i.JtaPlatformInitiator - HHH000489: No JTA platform available (set 'hibernate.transaction.jta.platform' to enable JTA platform integration)
[2025-11-03 09:46:25:31310301][restartedMain] INFO  p6spy - #1762130785139 | took 0ms | statement | connection 27| url jdbc:mariadb://localhost/modu?user=root&password=***&prepStmtCacheSqlLimit=2048&useServerPrepStmts=true
select table_name from information_schema.TABLES where table_schema=database() and table_type='SEQUENCE'
select table_name from information_schema.TABLES where table_schema=database() and table_type='SEQUENCE';
[2025-11-03 09:46:25:31310316][restartedMain] ERROR o.s.o.j.LocalContainerEntityManagerFactoryBean - Failed to initialize JPA EntityManagerFactory: [PersistenceUnit: default] Unable to build Hibernate SessionFactory; nested exception is org.hibernate.tool.schema.spi.SchemaManagementException: Schema-validation: missing column [create_at] in table [user_setting]
[2025-11-03 09:46:25:31310316][restartedMain] WARN  o.s.b.w.s.c.AnnotationConfigServletWebServerApplicationContext - Exception encountered during context initialization - cancelling refresh attempt: org.springframework.beans.factory.BeanCreationException: Error creating bean with name 'entityManagerFactory' defined in class path resource [org/springframework/boot/autoconfigure/orm/jpa/HibernateJpaConfiguration.class]: [PersistenceUnit: default] Unable to build Hibernate SessionFactory; nested exception is org.hibernate.tool.schema.spi.SchemaManagementException: Schema-validation: missing column [create_at] in table [user_setting]
[2025-11-03 09:46:25:31310316][restartedMain] INFO  com.zaxxer.hikari.HikariDataSource - HikariPool-12 - Shutdown initiated...
[2025-11-03 09:46:25:31310317][restartedMain] INFO  com.zaxxer.hikari.HikariDataSource - HikariPool-12 - Shutdown completed.
[2025-11-03 09:46:25:31310318][restartedMain] INFO  o.a.catalina.core.StandardService - Stopping service [Tomcat]
[2025-11-03 09:46:25:31310322][restartedMain] INFO  o.s.b.a.l.ConditionEvaluationReportLogger - 

Error starting ApplicationContext. To display the condition evaluation report re-run your application with 'debug' enabled.
[2025-11-03 09:46:25:31310325][restartedMain] ERROR o.s.boot.SpringApplication - Application run failed
org.springframework.beans.factory.BeanCreationException: Error creating bean with name 'entityManagerFactory' defined in class path resource [org/springframework/boot/autoconfigure/orm/jpa/HibernateJpaConfiguration.class]: [PersistenceUnit: default] Unable to build Hibernate SessionFactory; nested exception is org.hibernate.tool.schema.spi.SchemaManagementException: Schema-validation: missing column [create_at] in table [user_setting]
	at org.springframework.beans.factory.support.AbstractAutowireCapableBeanFactory.initializeBean(AbstractAutowireCapableBeanFactory.java:1826)
	at org.springframework.beans.factory.support.AbstractAutowireCapableBeanFactory.doCreateBean(AbstractAutowireCapableBeanFactory.java:607)
	at org.springframework.beans.factory.support.AbstractAutowireCapableBeanFactory.createBean(AbstractAutowireCapableBeanFactory.java:529)
	at org.springframework.beans.factory.support.AbstractBeanFactory.lambda$doGetBean$0(AbstractBeanFactory.java:339)
	at org.springframework.beans.factory.support.DefaultSingletonBeanRegistry.getSingleton(DefaultSingletonBeanRegistry.java:373)
	at org.springframework.beans.factory.support.AbstractBeanFactory.doGetBean(AbstractBeanFactory.java:337)
	at org.springframework.beans.factory.support.AbstractBeanFactory.getBean(AbstractBeanFactory.java:207)
	at org.springframework.context.support.AbstractApplicationContext.finishBeanFactoryInitialization(AbstractApplicationContext.java:973)
	at org.springframework.context.support.AbstractApplicationContext.refresh(AbstractApplicationContext.java:627)
	at org.springframework.boot.web.servlet.context.ServletWebServerApplicationContext.refresh(ServletWebServerApplicationContext.java:146)
	at org.springframework.boot.SpringApplication.refresh(SpringApplication.java:752)
	at org.springframework.boot.SpringApplication.refreshContext(SpringApplication.java:439)
	at org.springframework.boot.SpringApplication.run(SpringApplication.java:318)
	at org.springframework.boot.SpringApplication.run(SpringApplication.java:1361)
	at org.springframework.boot.SpringApplication.run(SpringApplication.java:1350)
	at back.code.ModuBackApplication.main(ModuBackApplication.java:10)
	at java.base/jdk.internal.reflect.DirectMethodHandleAccessor.invoke(DirectMethodHandleAccessor.java:103)
	at java.base/java.lang.reflect.Method.invoke(Method.java:580)
	at org.springframework.boot.devtools.restart.RestartLauncher.run(RestartLauncher.java:50)
Caused by: jakarta.persistence.PersistenceException: [PersistenceUnit: default] Unable to build Hibernate SessionFactory; nested exception is org.hibernate.tool.schema.spi.SchemaManagementException: Schema-validation: missing column [create_at] in table [user_setting]
	at org.springframework.orm.jpa.AbstractEntityManagerFactoryBean.buildNativeEntityManagerFactory(AbstractEntityManagerFactoryBean.java:431)
	at org.springframework.orm.jpa.AbstractEntityManagerFactoryBean.afterPropertiesSet(AbstractEntityManagerFactoryBean.java:400)
	at org.springframework.orm.jpa.LocalContainerEntityManagerFactoryBean.afterPropertiesSet(LocalContainerEntityManagerFactoryBean.java:366)
	at org.springframework.beans.factory.support.AbstractAutowireCapableBeanFactory.invokeInitMethods(AbstractAutowireCapableBeanFactory.java:1873)
	at org.springframework.beans.factory.support.AbstractAutowireCapableBeanFactory.initializeBean(AbstractAutowireCapableBeanFactory.java:1822)
	... 18 common frames omitted
Caused by: org.hibernate.tool.schema.spi.SchemaManagementException: Schema-validation: missing column [create_at] in table [user_setting]
	at org.hibernate.tool.schema.internal.AbstractSchemaValidator.validateTable(AbstractSchemaValidator.java:149)
	at org.hibernate.tool.schema.internal.GroupedSchemaValidatorImpl.validateTables(GroupedSchemaValidatorImpl.java:46)
	at org.hibernate.tool.schema.internal.AbstractSchemaValidator.performValidation(AbstractSchemaValidator.java:99)
	at org.hibernate.tool.schema.internal.AbstractSchemaValidator.doValidation(AbstractSchemaValidator.java:77)
	at org.hibernate.tool.schema.spi.SchemaManagementToolCoordinator.performDatabaseAction(SchemaManagementToolCoordinator.java:289)
	at org.hibernate.tool.schema.spi.SchemaManagementToolCoordinator.lambda$process$5(SchemaManagementToolCoordinator.java:144)
	at java.base/java.util.HashMap.forEach(HashMap.java:1429)
	at org.hibernate.tool.schema.spi.SchemaManagementToolCoordinator.process(SchemaManagementToolCoordinator.java:141)
	at org.hibernate.boot.internal.SessionFactoryObserverForSchemaExport.sessionFactoryCreated(SessionFactoryObserverForSchemaExport.java:37)
	at org.hibernate.internal.SessionFactoryObserverChain.sessionFactoryCreated(SessionFactoryObserverChain.java:35)
	at org.hibernate.internal.SessionFactoryImpl.<init>(SessionFactoryImpl.java:324)
	at org.hibernate.boot.internal.SessionFactoryBuilderImpl.build(SessionFactoryBuilderImpl.java:463)
	at org.hibernate.jpa.boot.internal.EntityManagerFactoryBuilderImpl.build(EntityManagerFactoryBuilderImpl.java:1517)
	at org.springframework.orm.jpa.vendor.SpringHibernateJpaPersistenceProvider.createContainerEntityManagerFactory(SpringHibernateJpaPersistenceProvider.java:66)
	at org.springframework.orm.jpa.LocalContainerEntityManagerFactoryBean.createNativeEntityManagerFactory(LocalContainerEntityManagerFactoryBean.java:390)
	at org.springframework.orm.jpa.AbstractEntityManagerFactoryBean.buildNativeEntityManagerFactory(AbstractEntityManagerFactoryBean.java:419)
	... 22 common frames omitted
[2025-11-03 09:46:29:31314887][restartedMain] INFO  back.code.ModuBackApplication - Starting ModuBackApplication using Java 21.0.7 with PID 16156 (C:\modu_project\modu_back\build\classes\java\main started by sm002 in C:\modu_project\modu_back)
[2025-11-03 09:46:29:31314887][restartedMain] INFO  back.code.ModuBackApplication - No active profile set, falling back to 1 default profile: "default"
[2025-11-03 09:46:29:31315131][restartedMain] INFO  o.s.d.r.c.RepositoryConfigurationDelegate - Bootstrapping Spring Data JPA repositories in DEFAULT mode.
[2025-11-03 09:46:29:31315153][restartedMain] INFO  o.s.d.r.c.RepositoryConfigurationDelegate - Finished Spring Data repository scanning in 21 ms. Found 3 JPA repository interfaces.
[2025-11-03 09:46:30:31315266][restartedMain] INFO  o.s.b.w.e.tomcat.TomcatWebServer - Tomcat initialized with port 9090 (http)
[2025-11-03 09:46:30:31315267][restartedMain] INFO  o.a.coyote.http11.Http11NioProtocol - Initializing ProtocolHandler ["http-nio-9090"]
[2025-11-03 09:46:30:31315267][restartedMain] INFO  o.a.catalina.core.StandardService - Starting service [Tomcat]
[2025-11-03 09:46:30:31315267][restartedMain] INFO  o.a.catalina.core.StandardEngine - Starting Servlet engine: [Apache Tomcat/10.1.48]
[2025-11-03 09:46:30:31315315][restartedMain] INFO  o.a.c.c.C.[.[localhost].[/] - Initializing Spring embedded WebApplicationContext
[2025-11-03 09:46:30:31315315][restartedMain] INFO  o.s.b.w.s.c.ServletWebServerApplicationContext - Root WebApplicationContext: initialization completed in 426 ms
[2025-11-03 09:46:30:31315367][restartedMain] INFO  o.h.jpa.internal.util.LogHelper - HHH000204: Processing PersistenceUnitInfo [name: default]
[2025-11-03 09:46:30:31315372][restartedMain] INFO  o.h.c.i.RegionFactoryInitiator - HHH000026: Second-level cache disabled
[2025-11-03 09:46:30:31315383][restartedMain] INFO  o.s.o.j.p.SpringPersistenceUnitInfo - No LoadTimeWeaver setup: ignoring JPA class transformer
[2025-11-03 09:46:30:31315384][restartedMain] INFO  com.zaxxer.hikari.HikariDataSource - HikariPool-13 - Starting...
[2025-11-03 09:46:30:31315388][restartedMain] INFO  com.zaxxer.hikari.pool.HikariPool - HikariPool-13 - Added connection org.mariadb.jdbc.Connection@176f957f
[2025-11-03 09:46:30:31315389][restartedMain] INFO  com.zaxxer.hikari.HikariDataSource - HikariPool-13 - Start completed.
[2025-11-03 09:46:30:31315390][restartedMain] WARN  org.hibernate.orm.deprecation - HHH90000025: MariaDBDialect does not need to be specified explicitly using 'hibernate.dialect' (remove the property setting and it will be selected by default)
[2025-11-03 09:46:30:31315390][restartedMain] INFO  o.hibernate.orm.connections.pooling - HHH10001005: Database info:
	Database JDBC URL [Connecting through datasource 'p6SpyDataSourceDecorator [com.p6spy.engine.spy.P6DataSource] -> dataSource [com.zaxxer.hikari.HikariDataSource]']
	Database driver: undefined/unknown
	Database version: 11.8.2
	Autocommit mode: undefined/unknown
	Isolation level: undefined/unknown
	Minimum pool size: undefined/unknown
	Maximum pool size: undefined/unknown
[2025-11-03 09:46:30:31315391][restartedMain] DEBUG o.h.t.d.sql.spi.DdlTypeRegistry - addDescriptor(12, org.hibernate.type.descriptor.sql.internal.CapacityDependentDdlType@71941b1f) replaced previous registration(org.hibernate.type.descriptor.sql.internal.CapacityDependentDdlType@3b9bd92e)
[2025-11-03 09:46:30:31315391][restartedMain] DEBUG o.h.t.d.sql.spi.DdlTypeRegistry - addDescriptor(-9, org.hibernate.type.descriptor.sql.internal.CapacityDependentDdlType@73e5c0bc) replaced previous registration(org.hibernate.type.descriptor.sql.internal.CapacityDependentDdlType@2d014851)
[2025-11-03 09:46:30:31315391][restartedMain] DEBUG o.h.t.d.sql.spi.DdlTypeRegistry - addDescriptor(-3, org.hibernate.type.descriptor.sql.internal.CapacityDependentDdlType@7c9cf20d) replaced previous registration(org.hibernate.type.descriptor.sql.internal.CapacityDependentDdlType@19ab0619)
[2025-11-03 09:46:30:31315391][restartedMain] DEBUG o.h.t.d.sql.spi.DdlTypeRegistry - addDescriptor(4003, org.hibernate.type.descriptor.sql.internal.DdlTypeImpl@4416c5b0) replaced previous registration(org.hibernate.type.descriptor.sql.internal.DdlTypeImpl@63f24ea3)
[2025-11-03 09:46:30:31315391][restartedMain] DEBUG o.h.t.d.sql.spi.DdlTypeRegistry - addDescriptor(4001, org.hibernate.type.descriptor.sql.internal.DdlTypeImpl@7865c44a) replaced previous registration(org.hibernate.type.descriptor.sql.internal.DdlTypeImpl@39bf9e91)
[2025-11-03 09:46:30:31315391][restartedMain] DEBUG o.h.t.d.sql.spi.DdlTypeRegistry - addDescriptor(4002, org.hibernate.type.descriptor.sql.internal.DdlTypeImpl@4b76e753) replaced previous registration(org.hibernate.type.descriptor.sql.internal.DdlTypeImpl@3a802fc8)
[2025-11-03 09:46:30:31315391][restartedMain] DEBUG o.h.t.d.sql.spi.DdlTypeRegistry - addDescriptor(2004, org.hibernate.type.descriptor.sql.internal.CapacityDependentDdlType@6c91eb46) replaced previous registration(org.hibernate.type.descriptor.sql.internal.DdlTypeImpl@291fab53)
[2025-11-03 09:46:30:31315391][restartedMain] DEBUG o.h.t.d.sql.spi.DdlTypeRegistry - addDescriptor(2005, org.hibernate.type.descriptor.sql.internal.CapacityDependentDdlType@552f9d5c) replaced previous registration(org.hibernate.type.descriptor.sql.internal.DdlTypeImpl@6e6a065e)
[2025-11-03 09:46:30:31315391][restartedMain] DEBUG o.h.t.d.sql.spi.DdlTypeRegistry - addDescriptor(2011, org.hibernate.type.descriptor.sql.internal.CapacityDependentDdlType@dc20b0e) replaced previous registration(org.hibernate.type.descriptor.sql.internal.DdlTypeImpl@59536cd6)
[2025-11-03 09:46:30:31315473][restartedMain] INFO  o.h.e.t.j.p.i.JtaPlatformInitiator - HHH000489: No JTA platform available (set 'hibernate.transaction.jta.platform' to enable JTA platform integration)
[2025-11-03 09:46:30:31315474][restartedMain] INFO  p6spy - #1762130790312 | took 0ms | statement | connection 29| url jdbc:mariadb://localhost/modu?user=root&password=***&prepStmtCacheSqlLimit=2048&useServerPrepStmts=true
select table_name from information_schema.TABLES where table_schema=database() and table_type='SEQUENCE'
select table_name from information_schema.TABLES where table_schema=database() and table_type='SEQUENCE';
[2025-11-03 09:46:30:31315489][restartedMain] ERROR o.s.o.j.LocalContainerEntityManagerFactoryBean - Failed to initialize JPA EntityManagerFactory: [PersistenceUnit: default] Unable to build Hibernate SessionFactory; nested exception is org.hibernate.tool.schema.spi.SchemaManagementException: Schema-validation: missing column [create_at] in table [user_setting]
[2025-11-03 09:46:30:31315489][restartedMain] WARN  o.s.b.w.s.c.AnnotationConfigServletWebServerApplicationContext - Exception encountered during context initialization - cancelling refresh attempt: org.springframework.beans.factory.BeanCreationException: Error creating bean with name 'entityManagerFactory' defined in class path resource [org/springframework/boot/autoconfigure/orm/jpa/HibernateJpaConfiguration.class]: [PersistenceUnit: default] Unable to build Hibernate SessionFactory; nested exception is org.hibernate.tool.schema.spi.SchemaManagementException: Schema-validation: missing column [create_at] in table [user_setting]
[2025-11-03 09:46:30:31315489][restartedMain] INFO  com.zaxxer.hikari.HikariDataSource - HikariPool-13 - Shutdown initiated...
[2025-11-03 09:46:30:31315490][restartedMain] INFO  com.zaxxer.hikari.HikariDataSource - HikariPool-13 - Shutdown completed.
[2025-11-03 09:46:30:31315491][restartedMain] INFO  o.a.catalina.core.StandardService - Stopping service [Tomcat]
[2025-11-03 09:46:30:31315495][restartedMain] INFO  o.s.b.a.l.ConditionEvaluationReportLogger - 

Error starting ApplicationContext. To display the condition evaluation report re-run your application with 'debug' enabled.
[2025-11-03 09:46:30:31315498][restartedMain] ERROR o.s.boot.SpringApplication - Application run failed
org.springframework.beans.factory.BeanCreationException: Error creating bean with name 'entityManagerFactory' defined in class path resource [org/springframework/boot/autoconfigure/orm/jpa/HibernateJpaConfiguration.class]: [PersistenceUnit: default] Unable to build Hibernate SessionFactory; nested exception is org.hibernate.tool.schema.spi.SchemaManagementException: Schema-validation: missing column [create_at] in table [user_setting]
	at org.springframework.beans.factory.support.AbstractAutowireCapableBeanFactory.initializeBean(AbstractAutowireCapableBeanFactory.java:1826)
	at org.springframework.beans.factory.support.AbstractAutowireCapableBeanFactory.doCreateBean(AbstractAutowireCapableBeanFactory.java:607)
	at org.springframework.beans.factory.support.AbstractAutowireCapableBeanFactory.createBean(AbstractAutowireCapableBeanFactory.java:529)
	at org.springframework.beans.factory.support.AbstractBeanFactory.lambda$doGetBean$0(AbstractBeanFactory.java:339)
	at org.springframework.beans.factory.support.DefaultSingletonBeanRegistry.getSingleton(DefaultSingletonBeanRegistry.java:373)
	at org.springframework.beans.factory.support.AbstractBeanFactory.doGetBean(AbstractBeanFactory.java:337)
	at org.springframework.beans.factory.support.AbstractBeanFactory.getBean(AbstractBeanFactory.java:207)
	at org.springframework.context.support.AbstractApplicationContext.finishBeanFactoryInitialization(AbstractApplicationContext.java:973)
	at org.springframework.context.support.AbstractApplicationContext.refresh(AbstractApplicationContext.java:627)
	at org.springframework.boot.web.servlet.context.ServletWebServerApplicationContext.refresh(ServletWebServerApplicationContext.java:146)
	at org.springframework.boot.SpringApplication.refresh(SpringApplication.java:752)
	at org.springframework.boot.SpringApplication.refreshContext(SpringApplication.java:439)
	at org.springframework.boot.SpringApplication.run(SpringApplication.java:318)
	at org.springframework.boot.SpringApplication.run(SpringApplication.java:1361)
	at org.springframework.boot.SpringApplication.run(SpringApplication.java:1350)
	at back.code.ModuBackApplication.main(ModuBackApplication.java:10)
	at java.base/jdk.internal.reflect.DirectMethodHandleAccessor.invoke(DirectMethodHandleAccessor.java:103)
	at java.base/java.lang.reflect.Method.invoke(Method.java:580)
	at org.springframework.boot.devtools.restart.RestartLauncher.run(RestartLauncher.java:50)
Caused by: jakarta.persistence.PersistenceException: [PersistenceUnit: default] Unable to build Hibernate SessionFactory; nested exception is org.hibernate.tool.schema.spi.SchemaManagementException: Schema-validation: missing column [create_at] in table [user_setting]
	at org.springframework.orm.jpa.AbstractEntityManagerFactoryBean.buildNativeEntityManagerFactory(AbstractEntityManagerFactoryBean.java:431)
	at org.springframework.orm.jpa.AbstractEntityManagerFactoryBean.afterPropertiesSet(AbstractEntityManagerFactoryBean.java:400)
	at org.springframework.orm.jpa.LocalContainerEntityManagerFactoryBean.afterPropertiesSet(LocalContainerEntityManagerFactoryBean.java:366)
	at org.springframework.beans.factory.support.AbstractAutowireCapableBeanFactory.invokeInitMethods(AbstractAutowireCapableBeanFactory.java:1873)
	at org.springframework.beans.factory.support.AbstractAutowireCapableBeanFactory.initializeBean(AbstractAutowireCapableBeanFactory.java:1822)
	... 18 common frames omitted
Caused by: org.hibernate.tool.schema.spi.SchemaManagementException: Schema-validation: missing column [create_at] in table [user_setting]
	at org.hibernate.tool.schema.internal.AbstractSchemaValidator.validateTable(AbstractSchemaValidator.java:149)
	at org.hibernate.tool.schema.internal.GroupedSchemaValidatorImpl.validateTables(GroupedSchemaValidatorImpl.java:46)
	at org.hibernate.tool.schema.internal.AbstractSchemaValidator.performValidation(AbstractSchemaValidator.java:99)
	at org.hibernate.tool.schema.internal.AbstractSchemaValidator.doValidation(AbstractSchemaValidator.java:77)
	at org.hibernate.tool.schema.spi.SchemaManagementToolCoordinator.performDatabaseAction(SchemaManagementToolCoordinator.java:289)
	at org.hibernate.tool.schema.spi.SchemaManagementToolCoordinator.lambda$process$5(SchemaManagementToolCoordinator.java:144)
	at java.base/java.util.HashMap.forEach(HashMap.java:1429)
	at org.hibernate.tool.schema.spi.SchemaManagementToolCoordinator.process(SchemaManagementToolCoordinator.java:141)
	at org.hibernate.boot.internal.SessionFactoryObserverForSchemaExport.sessionFactoryCreated(SessionFactoryObserverForSchemaExport.java:37)
	at org.hibernate.internal.SessionFactoryObserverChain.sessionFactoryCreated(SessionFactoryObserverChain.java:35)
	at org.hibernate.internal.SessionFactoryImpl.<init>(SessionFactoryImpl.java:324)
	at org.hibernate.boot.internal.SessionFactoryBuilderImpl.build(SessionFactoryBuilderImpl.java:463)
	at org.hibernate.jpa.boot.internal.EntityManagerFactoryBuilderImpl.build(EntityManagerFactoryBuilderImpl.java:1517)
	at org.springframework.orm.jpa.vendor.SpringHibernateJpaPersistenceProvider.createContainerEntityManagerFactory(SpringHibernateJpaPersistenceProvider.java:66)
	at org.springframework.orm.jpa.LocalContainerEntityManagerFactoryBean.createNativeEntityManagerFactory(LocalContainerEntityManagerFactoryBean.java:390)
	at org.springframework.orm.jpa.AbstractEntityManagerFactoryBean.buildNativeEntityManagerFactory(AbstractEntityManagerFactoryBean.java:419)
	... 22 common frames omitted
[2025-11-03 09:46:31:31316991][restartedMain] INFO  back.code.ModuBackApplication - Starting ModuBackApplication using Java 21.0.7 with PID 16156 (C:\modu_project\modu_back\build\classes\java\main started by sm002 in C:\modu_project\modu_back)
[2025-11-03 09:46:31:31316991][restartedMain] INFO  back.code.ModuBackApplication - No active profile set, falling back to 1 default profile: "default"
[2025-11-03 09:46:32:31317357][restartedMain] INFO  o.s.d.r.c.RepositoryConfigurationDelegate - Bootstrapping Spring Data JPA repositories in DEFAULT mode.
[2025-11-03 09:46:32:31317397][restartedMain] INFO  o.s.d.r.c.RepositoryConfigurationDelegate - Finished Spring Data repository scanning in 39 ms. Found 3 JPA repository interfaces.
[2025-11-03 09:46:32:31317516][restartedMain] INFO  o.s.b.w.e.tomcat.TomcatWebServer - Tomcat initialized with port 9090 (http)
[2025-11-03 09:46:32:31317516][restartedMain] INFO  o.a.coyote.http11.Http11NioProtocol - Initializing ProtocolHandler ["http-nio-9090"]
[2025-11-03 09:46:32:31317516][restartedMain] INFO  o.a.catalina.core.StandardService - Starting service [Tomcat]
[2025-11-03 09:46:32:31317516][restartedMain] INFO  o.a.catalina.core.StandardEngine - Starting Servlet engine: [Apache Tomcat/10.1.48]
[2025-11-03 09:46:32:31317552][restartedMain] INFO  o.a.c.c.C.[.[localhost].[/] - Initializing Spring embedded WebApplicationContext
[2025-11-03 09:46:32:31317552][restartedMain] INFO  o.s.b.w.s.c.ServletWebServerApplicationContext - Root WebApplicationContext: initialization completed in 559 ms
[2025-11-03 09:46:32:31317591][restartedMain] INFO  o.h.jpa.internal.util.LogHelper - HHH000204: Processing PersistenceUnitInfo [name: default]
[2025-11-03 09:46:32:31317593][restartedMain] INFO  o.h.c.i.RegionFactoryInitiator - HHH000026: Second-level cache disabled
[2025-11-03 09:46:32:31317600][restartedMain] INFO  o.s.o.j.p.SpringPersistenceUnitInfo - No LoadTimeWeaver setup: ignoring JPA class transformer
[2025-11-03 09:46:32:31317601][restartedMain] INFO  com.zaxxer.hikari.HikariDataSource - HikariPool-14 - Starting...
[2025-11-03 09:46:32:31317603][restartedMain] INFO  com.zaxxer.hikari.pool.HikariPool - HikariPool-14 - Added connection org.mariadb.jdbc.Connection@23e0c561
[2025-11-03 09:46:32:31317603][restartedMain] INFO  com.zaxxer.hikari.HikariDataSource - HikariPool-14 - Start completed.
[2025-11-03 09:46:32:31317604][restartedMain] WARN  org.hibernate.orm.deprecation - HHH90000025: MariaDBDialect does not need to be specified explicitly using 'hibernate.dialect' (remove the property setting and it will be selected by default)
[2025-11-03 09:46:32:31317604][restartedMain] INFO  o.hibernate.orm.connections.pooling - HHH10001005: Database info:
	Database JDBC URL [Connecting through datasource 'p6SpyDataSourceDecorator [com.p6spy.engine.spy.P6DataSource] -> dataSource [com.zaxxer.hikari.HikariDataSource]']
	Database driver: undefined/unknown
	Database version: 11.8.2
	Autocommit mode: undefined/unknown
	Isolation level: undefined/unknown
	Minimum pool size: undefined/unknown
	Maximum pool size: undefined/unknown
[2025-11-03 09:46:32:31317605][restartedMain] DEBUG o.h.t.d.sql.spi.DdlTypeRegistry - addDescriptor(12, org.hibernate.type.descriptor.sql.internal.CapacityDependentDdlType@7c37dbb9) replaced previous registration(org.hibernate.type.descriptor.sql.internal.CapacityDependentDdlType@319ed7d)
[2025-11-03 09:46:32:31317605][restartedMain] DEBUG o.h.t.d.sql.spi.DdlTypeRegistry - addDescriptor(-9, org.hibernate.type.descriptor.sql.internal.CapacityDependentDdlType@6f503717) replaced previous registration(org.hibernate.type.descriptor.sql.internal.CapacityDependentDdlType@562da8aa)
[2025-11-03 09:46:32:31317605][restartedMain] DEBUG o.h.t.d.sql.spi.DdlTypeRegistry - addDescriptor(-3, org.hibernate.type.descriptor.sql.internal.CapacityDependentDdlType@14055bc5) replaced previous registration(org.hibernate.type.descriptor.sql.internal.CapacityDependentDdlType@583b3e3d)
[2025-11-03 09:46:32:31317605][restartedMain] DEBUG o.h.t.d.sql.spi.DdlTypeRegistry - addDescriptor(4003, org.hibernate.type.descriptor.sql.internal.DdlTypeImpl@36bd42a2) replaced previous registration(org.hibernate.type.descriptor.sql.internal.DdlTypeImpl@deec427)
[2025-11-03 09:46:32:31317605][restartedMain] DEBUG o.h.t.d.sql.spi.DdlTypeRegistry - addDescriptor(4001, org.hibernate.type.descriptor.sql.internal.DdlTypeImpl@338b7d2c) replaced previous registration(org.hibernate.type.descriptor.sql.internal.DdlTypeImpl@324067b6)
[2025-11-03 09:46:32:31317605][restartedMain] DEBUG o.h.t.d.sql.spi.DdlTypeRegistry - addDescriptor(4002, org.hibernate.type.descriptor.sql.internal.DdlTypeImpl@6eb49b0e) replaced previous registration(org.hibernate.type.descriptor.sql.internal.DdlTypeImpl@1580a503)
[2025-11-03 09:46:32:31317605][restartedMain] DEBUG o.h.t.d.sql.spi.DdlTypeRegistry - addDescriptor(2004, org.hibernate.type.descriptor.sql.internal.CapacityDependentDdlType@7d8ac882) replaced previous registration(org.hibernate.type.descriptor.sql.internal.DdlTypeImpl@4cc67d52)
[2025-11-03 09:46:32:31317605][restartedMain] DEBUG o.h.t.d.sql.spi.DdlTypeRegistry - addDescriptor(2005, org.hibernate.type.descriptor.sql.internal.CapacityDependentDdlType@660e32f) replaced previous registration(org.hibernate.type.descriptor.sql.internal.DdlTypeImpl@1658f65d)
[2025-11-03 09:46:32:31317605][restartedMain] DEBUG o.h.t.d.sql.spi.DdlTypeRegistry - addDescriptor(2011, org.hibernate.type.descriptor.sql.internal.CapacityDependentDdlType@3d3df2cc) replaced previous registration(org.hibernate.type.descriptor.sql.internal.DdlTypeImpl@42ee34d4)
[2025-11-03 09:46:32:31317658][restartedMain] INFO  o.h.e.t.j.p.i.JtaPlatformInitiator - HHH000489: No JTA platform available (set 'hibernate.transaction.jta.platform' to enable JTA platform integration)
[2025-11-03 09:46:32:31317659][restartedMain] INFO  p6spy - #1762130792497 | took 0ms | statement | connection 31| url jdbc:mariadb://localhost/modu?user=root&password=***&prepStmtCacheSqlLimit=2048&useServerPrepStmts=true
select table_name from information_schema.TABLES where table_schema=database() and table_type='SEQUENCE'
select table_name from information_schema.TABLES where table_schema=database() and table_type='SEQUENCE';
[2025-11-03 09:46:32:31317672][restartedMain] ERROR o.s.o.j.LocalContainerEntityManagerFactoryBean - Failed to initialize JPA EntityManagerFactory: [PersistenceUnit: default] Unable to build Hibernate SessionFactory; nested exception is org.hibernate.tool.schema.spi.SchemaManagementException: Schema-validation: missing column [create_at] in table [user_setting]
[2025-11-03 09:46:32:31317672][restartedMain] WARN  o.s.b.w.s.c.AnnotationConfigServletWebServerApplicationContext - Exception encountered during context initialization - cancelling refresh attempt: org.springframework.beans.factory.BeanCreationException: Error creating bean with name 'entityManagerFactory' defined in class path resource [org/springframework/boot/autoconfigure/orm/jpa/HibernateJpaConfiguration.class]: [PersistenceUnit: default] Unable to build Hibernate SessionFactory; nested exception is org.hibernate.tool.schema.spi.SchemaManagementException: Schema-validation: missing column [create_at] in table [user_setting]
[2025-11-03 09:46:32:31317672][restartedMain] INFO  com.zaxxer.hikari.HikariDataSource - HikariPool-14 - Shutdown initiated...
[2025-11-03 09:46:32:31317673][restartedMain] INFO  com.zaxxer.hikari.HikariDataSource - HikariPool-14 - Shutdown completed.
[2025-11-03 09:46:32:31317674][restartedMain] INFO  o.a.catalina.core.StandardService - Stopping service [Tomcat]
[2025-11-03 09:46:32:31317678][restartedMain] INFO  o.s.b.a.l.ConditionEvaluationReportLogger - 

Error starting ApplicationContext. To display the condition evaluation report re-run your application with 'debug' enabled.
[2025-11-03 09:46:32:31317680][restartedMain] ERROR o.s.boot.SpringApplication - Application run failed
org.springframework.beans.factory.BeanCreationException: Error creating bean with name 'entityManagerFactory' defined in class path resource [org/springframework/boot/autoconfigure/orm/jpa/HibernateJpaConfiguration.class]: [PersistenceUnit: default] Unable to build Hibernate SessionFactory; nested exception is org.hibernate.tool.schema.spi.SchemaManagementException: Schema-validation: missing column [create_at] in table [user_setting]
	at org.springframework.beans.factory.support.AbstractAutowireCapableBeanFactory.initializeBean(AbstractAutowireCapableBeanFactory.java:1826)
	at org.springframework.beans.factory.support.AbstractAutowireCapableBeanFactory.doCreateBean(AbstractAutowireCapableBeanFactory.java:607)
	at org.springframework.beans.factory.support.AbstractAutowireCapableBeanFactory.createBean(AbstractAutowireCapableBeanFactory.java:529)
	at org.springframework.beans.factory.support.AbstractBeanFactory.lambda$doGetBean$0(AbstractBeanFactory.java:339)
	at org.springframework.beans.factory.support.DefaultSingletonBeanRegistry.getSingleton(DefaultSingletonBeanRegistry.java:373)
	at org.springframework.beans.factory.support.AbstractBeanFactory.doGetBean(AbstractBeanFactory.java:337)
	at org.springframework.beans.factory.support.AbstractBeanFactory.getBean(AbstractBeanFactory.java:207)
	at org.springframework.context.support.AbstractApplicationContext.finishBeanFactoryInitialization(AbstractApplicationContext.java:973)
	at org.springframework.context.support.AbstractApplicationContext.refresh(AbstractApplicationContext.java:627)
	at org.springframework.boot.web.servlet.context.ServletWebServerApplicationContext.refresh(ServletWebServerApplicationContext.java:146)
	at org.springframework.boot.SpringApplication.refresh(SpringApplication.java:752)
	at org.springframework.boot.SpringApplication.refreshContext(SpringApplication.java:439)
	at org.springframework.boot.SpringApplication.run(SpringApplication.java:318)
	at org.springframework.boot.SpringApplication.run(SpringApplication.java:1361)
	at org.springframework.boot.SpringApplication.run(SpringApplication.java:1350)
	at back.code.ModuBackApplication.main(ModuBackApplication.java:10)
	at java.base/jdk.internal.reflect.DirectMethodHandleAccessor.invoke(DirectMethodHandleAccessor.java:103)
	at java.base/java.lang.reflect.Method.invoke(Method.java:580)
	at org.springframework.boot.devtools.restart.RestartLauncher.run(RestartLauncher.java:50)
Caused by: jakarta.persistence.PersistenceException: [PersistenceUnit: default] Unable to build Hibernate SessionFactory; nested exception is org.hibernate.tool.schema.spi.SchemaManagementException: Schema-validation: missing column [create_at] in table [user_setting]
	at org.springframework.orm.jpa.AbstractEntityManagerFactoryBean.buildNativeEntityManagerFactory(AbstractEntityManagerFactoryBean.java:431)
	at org.springframework.orm.jpa.AbstractEntityManagerFactoryBean.afterPropertiesSet(AbstractEntityManagerFactoryBean.java:400)
	at org.springframework.orm.jpa.LocalContainerEntityManagerFactoryBean.afterPropertiesSet(LocalContainerEntityManagerFactoryBean.java:366)
	at org.springframework.beans.factory.support.AbstractAutowireCapableBeanFactory.invokeInitMethods(AbstractAutowireCapableBeanFactory.java:1873)
	at org.springframework.beans.factory.support.AbstractAutowireCapableBeanFactory.initializeBean(AbstractAutowireCapableBeanFactory.java:1822)
	... 18 common frames omitted
Caused by: org.hibernate.tool.schema.spi.SchemaManagementException: Schema-validation: missing column [create_at] in table [user_setting]
	at org.hibernate.tool.schema.internal.AbstractSchemaValidator.validateTable(AbstractSchemaValidator.java:149)
	at org.hibernate.tool.schema.internal.GroupedSchemaValidatorImpl.validateTables(GroupedSchemaValidatorImpl.java:46)
	at org.hibernate.tool.schema.internal.AbstractSchemaValidator.performValidation(AbstractSchemaValidator.java:99)
	at org.hibernate.tool.schema.internal.AbstractSchemaValidator.doValidation(AbstractSchemaValidator.java:77)
	at org.hibernate.tool.schema.spi.SchemaManagementToolCoordinator.performDatabaseAction(SchemaManagementToolCoordinator.java:289)
	at org.hibernate.tool.schema.spi.SchemaManagementToolCoordinator.lambda$process$5(SchemaManagementToolCoordinator.java:144)
	at java.base/java.util.HashMap.forEach(HashMap.java:1429)
	at org.hibernate.tool.schema.spi.SchemaManagementToolCoordinator.process(SchemaManagementToolCoordinator.java:141)
	at org.hibernate.boot.internal.SessionFactoryObserverForSchemaExport.sessionFactoryCreated(SessionFactoryObserverForSchemaExport.java:37)
	at org.hibernate.internal.SessionFactoryObserverChain.sessionFactoryCreated(SessionFactoryObserverChain.java:35)
	at org.hibernate.internal.SessionFactoryImpl.<init>(SessionFactoryImpl.java:324)
	at org.hibernate.boot.internal.SessionFactoryBuilderImpl.build(SessionFactoryBuilderImpl.java:463)
	at org.hibernate.jpa.boot.internal.EntityManagerFactoryBuilderImpl.build(EntityManagerFactoryBuilderImpl.java:1517)
	at org.springframework.orm.jpa.vendor.SpringHibernateJpaPersistenceProvider.createContainerEntityManagerFactory(SpringHibernateJpaPersistenceProvider.java:66)
	at org.springframework.orm.jpa.LocalContainerEntityManagerFactoryBean.createNativeEntityManagerFactory(LocalContainerEntityManagerFactoryBean.java:390)
	at org.springframework.orm.jpa.AbstractEntityManagerFactoryBean.buildNativeEntityManagerFactory(AbstractEntityManagerFactoryBean.java:419)
	... 22 common frames omitted
[2025-11-03 09:46:36:31321229][restartedMain] INFO  back.code.ModuBackApplication - Starting ModuBackApplication using Java 21.0.7 with PID 16156 (C:\modu_project\modu_back\build\classes\java\main started by sm002 in C:\modu_project\modu_back)
[2025-11-03 09:46:36:31321229][restartedMain] INFO  back.code.ModuBackApplication - No active profile set, falling back to 1 default profile: "default"
[2025-11-03 09:46:36:31321476][restartedMain] INFO  o.s.d.r.c.RepositoryConfigurationDelegate - Bootstrapping Spring Data JPA repositories in DEFAULT mode.
[2025-11-03 09:46:36:31321495][restartedMain] INFO  o.s.d.r.c.RepositoryConfigurationDelegate - Finished Spring Data repository scanning in 22 ms. Found 3 JPA repository interfaces.
[2025-11-03 09:46:36:31321623][restartedMain] INFO  o.s.b.w.e.tomcat.TomcatWebServer - Tomcat initialized with port 9090 (http)
[2025-11-03 09:46:36:31321623][restartedMain] INFO  o.a.coyote.http11.Http11NioProtocol - Initializing ProtocolHandler ["http-nio-9090"]
[2025-11-03 09:46:36:31321624][restartedMain] INFO  o.a.catalina.core.StandardService - Starting service [Tomcat]
[2025-11-03 09:46:36:31321624][restartedMain] INFO  o.a.catalina.core.StandardEngine - Starting Servlet engine: [Apache Tomcat/10.1.48]
[2025-11-03 09:46:36:31321670][restartedMain] INFO  o.a.c.c.C.[.[localhost].[/] - Initializing Spring embedded WebApplicationContext
[2025-11-03 09:46:36:31321670][restartedMain] INFO  o.s.b.w.s.c.ServletWebServerApplicationContext - Root WebApplicationContext: initialization completed in 439 ms
[2025-11-03 09:46:36:31321728][restartedMain] INFO  o.h.jpa.internal.util.LogHelper - HHH000204: Processing PersistenceUnitInfo [name: default]
[2025-11-03 09:46:36:31321732][restartedMain] INFO  o.h.c.i.RegionFactoryInitiator - HHH000026: Second-level cache disabled
[2025-11-03 09:46:36:31321742][restartedMain] INFO  o.s.o.j.p.SpringPersistenceUnitInfo - No LoadTimeWeaver setup: ignoring JPA class transformer
[2025-11-03 09:46:36:31321742][restartedMain] INFO  com.zaxxer.hikari.HikariDataSource - HikariPool-15 - Starting...
[2025-11-03 09:46:36:31321746][restartedMain] INFO  com.zaxxer.hikari.pool.HikariPool - HikariPool-15 - Added connection org.mariadb.jdbc.Connection@29685e4
[2025-11-03 09:46:36:31321746][restartedMain] INFO  com.zaxxer.hikari.HikariDataSource - HikariPool-15 - Start completed.
[2025-11-03 09:46:36:31321748][restartedMain] WARN  org.hibernate.orm.deprecation - HHH90000025: MariaDBDialect does not need to be specified explicitly using 'hibernate.dialect' (remove the property setting and it will be selected by default)
[2025-11-03 09:46:36:31321748][restartedMain] INFO  o.hibernate.orm.connections.pooling - HHH10001005: Database info:
	Database JDBC URL [Connecting through datasource 'p6SpyDataSourceDecorator [com.p6spy.engine.spy.P6DataSource] -> dataSource [com.zaxxer.hikari.HikariDataSource]']
	Database driver: undefined/unknown
	Database version: 11.8.2
	Autocommit mode: undefined/unknown
	Isolation level: undefined/unknown
	Minimum pool size: undefined/unknown
	Maximum pool size: undefined/unknown
[2025-11-03 09:46:36:31321748][restartedMain] DEBUG o.h.t.d.sql.spi.DdlTypeRegistry - addDescriptor(12, org.hibernate.type.descriptor.sql.internal.CapacityDependentDdlType@6e8817e1) replaced previous registration(org.hibernate.type.descriptor.sql.internal.CapacityDependentDdlType@11aa46b1)
[2025-11-03 09:46:36:31321748][restartedMain] DEBUG o.h.t.d.sql.spi.DdlTypeRegistry - addDescriptor(-9, org.hibernate.type.descriptor.sql.internal.CapacityDependentDdlType@200513ea) replaced previous registration(org.hibernate.type.descriptor.sql.internal.CapacityDependentDdlType@5f873602)
[2025-11-03 09:46:36:31321748][restartedMain] DEBUG o.h.t.d.sql.spi.DdlTypeRegistry - addDescriptor(-3, org.hibernate.type.descriptor.sql.internal.CapacityDependentDdlType@719e050c) replaced previous registration(org.hibernate.type.descriptor.sql.internal.CapacityDependentDdlType@32c24a40)
[2025-11-03 09:46:36:31321748][restartedMain] DEBUG o.h.t.d.sql.spi.DdlTypeRegistry - addDescriptor(4003, org.hibernate.type.descriptor.sql.internal.DdlTypeImpl@3a5095b1) replaced previous registration(org.hibernate.type.descriptor.sql.internal.DdlTypeImpl@5c8183df)
[2025-11-03 09:46:36:31321748][restartedMain] DEBUG o.h.t.d.sql.spi.DdlTypeRegistry - addDescriptor(4001, org.hibernate.type.descriptor.sql.internal.DdlTypeImpl@5d364b26) replaced previous registration(org.hibernate.type.descriptor.sql.internal.DdlTypeImpl@7d868a8a)
[2025-11-03 09:46:36:31321748][restartedMain] DEBUG o.h.t.d.sql.spi.DdlTypeRegistry - addDescriptor(4002, org.hibernate.type.descriptor.sql.internal.DdlTypeImpl@43c57596) replaced previous registration(org.hibernate.type.descriptor.sql.internal.DdlTypeImpl@138a994a)
[2025-11-03 09:46:36:31321748][restartedMain] DEBUG o.h.t.d.sql.spi.DdlTypeRegistry - addDescriptor(2004, org.hibernate.type.descriptor.sql.internal.CapacityDependentDdlType@7c8a9f66) replaced previous registration(org.hibernate.type.descriptor.sql.internal.DdlTypeImpl@359188a7)
[2025-11-03 09:46:36:31321748][restartedMain] DEBUG o.h.t.d.sql.spi.DdlTypeRegistry - addDescriptor(2005, org.hibernate.type.descriptor.sql.internal.CapacityDependentDdlType@5d902246) replaced previous registration(org.hibernate.type.descriptor.sql.internal.DdlTypeImpl@1a17a077)
[2025-11-03 09:46:36:31321748][restartedMain] DEBUG o.h.t.d.sql.spi.DdlTypeRegistry - addDescriptor(2011, org.hibernate.type.descriptor.sql.internal.CapacityDependentDdlType@32ce6dfc) replaced previous registration(org.hibernate.type.descriptor.sql.internal.DdlTypeImpl@ba30fb2)
[2025-11-03 09:46:36:31321841][restartedMain] INFO  o.h.e.t.j.p.i.JtaPlatformInitiator - HHH000489: No JTA platform available (set 'hibernate.transaction.jta.platform' to enable JTA platform integration)
[2025-11-03 09:46:36:31321842][restartedMain] INFO  p6spy - #1762130796680 | took 0ms | statement | connection 33| url jdbc:mariadb://localhost/modu?user=root&password=***&prepStmtCacheSqlLimit=2048&useServerPrepStmts=true
select table_name from information_schema.TABLES where table_schema=database() and table_type='SEQUENCE'
select table_name from information_schema.TABLES where table_schema=database() and table_type='SEQUENCE';
[2025-11-03 09:46:36:31321872][restartedMain] ERROR o.s.o.j.LocalContainerEntityManagerFactoryBean - Failed to initialize JPA EntityManagerFactory: [PersistenceUnit: default] Unable to build Hibernate SessionFactory; nested exception is org.hibernate.tool.schema.spi.SchemaManagementException: Schema-validation: missing column [create_at] in table [user_setting]
[2025-11-03 09:46:36:31321872][restartedMain] WARN  o.s.b.w.s.c.AnnotationConfigServletWebServerApplicationContext - Exception encountered during context initialization - cancelling refresh attempt: org.springframework.beans.factory.BeanCreationException: Error creating bean with name 'entityManagerFactory' defined in class path resource [org/springframework/boot/autoconfigure/orm/jpa/HibernateJpaConfiguration.class]: [PersistenceUnit: default] Unable to build Hibernate SessionFactory; nested exception is org.hibernate.tool.schema.spi.SchemaManagementException: Schema-validation: missing column [create_at] in table [user_setting]
[2025-11-03 09:46:36:31321872][restartedMain] INFO  com.zaxxer.hikari.HikariDataSource - HikariPool-15 - Shutdown initiated...
[2025-11-03 09:46:36:31321898][restartedMain] INFO  com.zaxxer.hikari.HikariDataSource - HikariPool-15 - Shutdown completed.
[2025-11-03 09:46:36:31321900][restartedMain] INFO  o.a.catalina.core.StandardService - Stopping service [Tomcat]
[2025-11-03 09:46:36:31321904][restartedMain] INFO  o.s.b.a.l.ConditionEvaluationReportLogger - 

Error starting ApplicationContext. To display the condition evaluation report re-run your application with 'debug' enabled.
[2025-11-03 09:46:36:31321908][restartedMain] ERROR o.s.boot.SpringApplication - Application run failed
org.springframework.beans.factory.BeanCreationException: Error creating bean with name 'entityManagerFactory' defined in class path resource [org/springframework/boot/autoconfigure/orm/jpa/HibernateJpaConfiguration.class]: [PersistenceUnit: default] Unable to build Hibernate SessionFactory; nested exception is org.hibernate.tool.schema.spi.SchemaManagementException: Schema-validation: missing column [create_at] in table [user_setting]
	at org.springframework.beans.factory.support.AbstractAutowireCapableBeanFactory.initializeBean(AbstractAutowireCapableBeanFactory.java:1826)
	at org.springframework.beans.factory.support.AbstractAutowireCapableBeanFactory.doCreateBean(AbstractAutowireCapableBeanFactory.java:607)
	at org.springframework.beans.factory.support.AbstractAutowireCapableBeanFactory.createBean(AbstractAutowireCapableBeanFactory.java:529)
	at org.springframework.beans.factory.support.AbstractBeanFactory.lambda$doGetBean$0(AbstractBeanFactory.java:339)
	at org.springframework.beans.factory.support.DefaultSingletonBeanRegistry.getSingleton(DefaultSingletonBeanRegistry.java:373)
	at org.springframework.beans.factory.support.AbstractBeanFactory.doGetBean(AbstractBeanFactory.java:337)
	at org.springframework.beans.factory.support.AbstractBeanFactory.getBean(AbstractBeanFactory.java:207)
	at org.springframework.context.support.AbstractApplicationContext.finishBeanFactoryInitialization(AbstractApplicationContext.java:973)
	at org.springframework.context.support.AbstractApplicationContext.refresh(AbstractApplicationContext.java:627)
	at org.springframework.boot.web.servlet.context.ServletWebServerApplicationContext.refresh(ServletWebServerApplicationContext.java:146)
	at org.springframework.boot.SpringApplication.refresh(SpringApplication.java:752)
	at org.springframework.boot.SpringApplication.refreshContext(SpringApplication.java:439)
	at org.springframework.boot.SpringApplication.run(SpringApplication.java:318)
	at org.springframework.boot.SpringApplication.run(SpringApplication.java:1361)
	at org.springframework.boot.SpringApplication.run(SpringApplication.java:1350)
	at back.code.ModuBackApplication.main(ModuBackApplication.java:10)
	at java.base/jdk.internal.reflect.DirectMethodHandleAccessor.invoke(DirectMethodHandleAccessor.java:103)
	at java.base/java.lang.reflect.Method.invoke(Method.java:580)
	at org.springframework.boot.devtools.restart.RestartLauncher.run(RestartLauncher.java:50)
Caused by: jakarta.persistence.PersistenceException: [PersistenceUnit: default] Unable to build Hibernate SessionFactory; nested exception is org.hibernate.tool.schema.spi.SchemaManagementException: Schema-validation: missing column [create_at] in table [user_setting]
	at org.springframework.orm.jpa.AbstractEntityManagerFactoryBean.buildNativeEntityManagerFactory(AbstractEntityManagerFactoryBean.java:431)
	at org.springframework.orm.jpa.AbstractEntityManagerFactoryBean.afterPropertiesSet(AbstractEntityManagerFactoryBean.java:400)
	at org.springframework.orm.jpa.LocalContainerEntityManagerFactoryBean.afterPropertiesSet(LocalContainerEntityManagerFactoryBean.java:366)
	at org.springframework.beans.factory.support.AbstractAutowireCapableBeanFactory.invokeInitMethods(AbstractAutowireCapableBeanFactory.java:1873)
	at org.springframework.beans.factory.support.AbstractAutowireCapableBeanFactory.initializeBean(AbstractAutowireCapableBeanFactory.java:1822)
	... 18 common frames omitted
Caused by: org.hibernate.tool.schema.spi.SchemaManagementException: Schema-validation: missing column [create_at] in table [user_setting]
	at org.hibernate.tool.schema.internal.AbstractSchemaValidator.validateTable(AbstractSchemaValidator.java:149)
	at org.hibernate.tool.schema.internal.GroupedSchemaValidatorImpl.validateTables(GroupedSchemaValidatorImpl.java:46)
	at org.hibernate.tool.schema.internal.AbstractSchemaValidator.performValidation(AbstractSchemaValidator.java:99)
	at org.hibernate.tool.schema.internal.AbstractSchemaValidator.doValidation(AbstractSchemaValidator.java:77)
	at org.hibernate.tool.schema.spi.SchemaManagementToolCoordinator.performDatabaseAction(SchemaManagementToolCoordinator.java:289)
	at org.hibernate.tool.schema.spi.SchemaManagementToolCoordinator.lambda$process$5(SchemaManagementToolCoordinator.java:144)
	at java.base/java.util.HashMap.forEach(HashMap.java:1429)
	at org.hibernate.tool.schema.spi.SchemaManagementToolCoordinator.process(SchemaManagementToolCoordinator.java:141)
	at org.hibernate.boot.internal.SessionFactoryObserverForSchemaExport.sessionFactoryCreated(SessionFactoryObserverForSchemaExport.java:37)
	at org.hibernate.internal.SessionFactoryObserverChain.sessionFactoryCreated(SessionFactoryObserverChain.java:35)
	at org.hibernate.internal.SessionFactoryImpl.<init>(SessionFactoryImpl.java:324)
	at org.hibernate.boot.internal.SessionFactoryBuilderImpl.build(SessionFactoryBuilderImpl.java:463)
	at org.hibernate.jpa.boot.internal.EntityManagerFactoryBuilderImpl.build(EntityManagerFactoryBuilderImpl.java:1517)
	at org.springframework.orm.jpa.vendor.SpringHibernateJpaPersistenceProvider.createContainerEntityManagerFactory(SpringHibernateJpaPersistenceProvider.java:66)
	at org.springframework.orm.jpa.LocalContainerEntityManagerFactoryBean.createNativeEntityManagerFactory(LocalContainerEntityManagerFactoryBean.java:390)
	at org.springframework.orm.jpa.AbstractEntityManagerFactoryBean.buildNativeEntityManagerFactory(AbstractEntityManagerFactoryBean.java:419)
	... 22 common frames omitted
[2025-11-03 09:46:42:31327656][restartedMain] INFO  back.code.ModuBackApplication - Starting ModuBackApplication using Java 21.0.7 with PID 16156 (C:\modu_project\modu_back\build\classes\java\main started by sm002 in C:\modu_project\modu_back)
[2025-11-03 09:46:42:31327656][restartedMain] INFO  back.code.ModuBackApplication - No active profile set, falling back to 1 default profile: "default"
[2025-11-03 09:46:42:31328078][restartedMain] INFO  o.s.d.r.c.RepositoryConfigurationDelegate - Bootstrapping Spring Data JPA repositories in DEFAULT mode.
[2025-11-03 09:46:42:31328110][restartedMain] INFO  o.s.d.r.c.RepositoryConfigurationDelegate - Finished Spring Data repository scanning in 30 ms. Found 3 JPA repository interfaces.
[2025-11-03 09:46:43:31328285][restartedMain] INFO  o.s.b.w.e.tomcat.TomcatWebServer - Tomcat initialized with port 9090 (http)
[2025-11-03 09:46:43:31328286][restartedMain] INFO  o.a.coyote.http11.Http11NioProtocol - Initializing ProtocolHandler ["http-nio-9090"]
[2025-11-03 09:46:43:31328286][restartedMain] INFO  o.a.catalina.core.StandardService - Starting service [Tomcat]
[2025-11-03 09:46:43:31328286][restartedMain] INFO  o.a.catalina.core.StandardEngine - Starting Servlet engine: [Apache Tomcat/10.1.48]
[2025-11-03 09:46:43:31328335][restartedMain] INFO  o.a.c.c.C.[.[localhost].[/] - Initializing Spring embedded WebApplicationContext
[2025-11-03 09:46:43:31328335][restartedMain] INFO  o.s.b.w.s.c.ServletWebServerApplicationContext - Root WebApplicationContext: initialization completed in 675 ms
[2025-11-03 09:46:43:31328397][restartedMain] INFO  o.h.jpa.internal.util.LogHelper - HHH000204: Processing PersistenceUnitInfo [name: default]
[2025-11-03 09:46:43:31328401][restartedMain] INFO  o.h.c.i.RegionFactoryInitiator - HHH000026: Second-level cache disabled
[2025-11-03 09:46:43:31328413][restartedMain] INFO  o.s.o.j.p.SpringPersistenceUnitInfo - No LoadTimeWeaver setup: ignoring JPA class transformer
[2025-11-03 09:46:43:31328414][restartedMain] INFO  com.zaxxer.hikari.HikariDataSource - HikariPool-16 - Starting...
[2025-11-03 09:46:43:31328418][restartedMain] INFO  com.zaxxer.hikari.pool.HikariPool - HikariPool-16 - Added connection org.mariadb.jdbc.Connection@45abaafc
[2025-11-03 09:46:43:31328419][restartedMain] INFO  com.zaxxer.hikari.HikariDataSource - HikariPool-16 - Start completed.
[2025-11-03 09:46:43:31328420][restartedMain] WARN  org.hibernate.orm.deprecation - HHH90000025: MariaDBDialect does not need to be specified explicitly using 'hibernate.dialect' (remove the property setting and it will be selected by default)
[2025-11-03 09:46:43:31328420][restartedMain] INFO  o.hibernate.orm.connections.pooling - HHH10001005: Database info:
	Database JDBC URL [Connecting through datasource 'p6SpyDataSourceDecorator [com.p6spy.engine.spy.P6DataSource] -> dataSource [com.zaxxer.hikari.HikariDataSource]']
	Database driver: undefined/unknown
	Database version: 11.8.2
	Autocommit mode: undefined/unknown
	Isolation level: undefined/unknown
	Minimum pool size: undefined/unknown
	Maximum pool size: undefined/unknown
[2025-11-03 09:46:43:31328420][restartedMain] DEBUG o.h.t.d.sql.spi.DdlTypeRegistry - addDescriptor(12, org.hibernate.type.descriptor.sql.internal.CapacityDependentDdlType@329fee48) replaced previous registration(org.hibernate.type.descriptor.sql.internal.CapacityDependentDdlType@5019d9df)
[2025-11-03 09:46:43:31328421][restartedMain] DEBUG o.h.t.d.sql.spi.DdlTypeRegistry - addDescriptor(-9, org.hibernate.type.descriptor.sql.internal.CapacityDependentDdlType@23324907) replaced previous registration(org.hibernate.type.descriptor.sql.internal.CapacityDependentDdlType@6de61971)
[2025-11-03 09:46:43:31328421][restartedMain] DEBUG o.h.t.d.sql.spi.DdlTypeRegistry - addDescriptor(-3, org.hibernate.type.descriptor.sql.internal.CapacityDependentDdlType@20c6472b) replaced previous registration(org.hibernate.type.descriptor.sql.internal.CapacityDependentDdlType@3e0fb5cd)
[2025-11-03 09:46:43:31328421][restartedMain] DEBUG o.h.t.d.sql.spi.DdlTypeRegistry - addDescriptor(4003, org.hibernate.type.descriptor.sql.internal.DdlTypeImpl@fc4b97a) replaced previous registration(org.hibernate.type.descriptor.sql.internal.DdlTypeImpl@52341462)
[2025-11-03 09:46:43:31328421][restartedMain] DEBUG o.h.t.d.sql.spi.DdlTypeRegistry - addDescriptor(4001, org.hibernate.type.descriptor.sql.internal.DdlTypeImpl@40d9fe10) replaced previous registration(org.hibernate.type.descriptor.sql.internal.DdlTypeImpl@33b8a1b)
[2025-11-03 09:46:43:31328421][restartedMain] DEBUG o.h.t.d.sql.spi.DdlTypeRegistry - addDescriptor(4002, org.hibernate.type.descriptor.sql.internal.DdlTypeImpl@299eec6f) replaced previous registration(org.hibernate.type.descriptor.sql.internal.DdlTypeImpl@5bfb6a3a)
[2025-11-03 09:46:43:31328421][restartedMain] DEBUG o.h.t.d.sql.spi.DdlTypeRegistry - addDescriptor(2004, org.hibernate.type.descriptor.sql.internal.CapacityDependentDdlType@545d362b) replaced previous registration(org.hibernate.type.descriptor.sql.internal.DdlTypeImpl@be915e9)
[2025-11-03 09:46:43:31328421][restartedMain] DEBUG o.h.t.d.sql.spi.DdlTypeRegistry - addDescriptor(2005, org.hibernate.type.descriptor.sql.internal.CapacityDependentDdlType@554a7d6f) replaced previous registration(org.hibernate.type.descriptor.sql.internal.DdlTypeImpl@55606746)
[2025-11-03 09:46:43:31328421][restartedMain] DEBUG o.h.t.d.sql.spi.DdlTypeRegistry - addDescriptor(2011, org.hibernate.type.descriptor.sql.internal.CapacityDependentDdlType@68b1ffaf) replaced previous registration(org.hibernate.type.descriptor.sql.internal.DdlTypeImpl@2bb4f90d)
[2025-11-03 09:46:43:31328496][restartedMain] INFO  o.h.e.t.j.p.i.JtaPlatformInitiator - HHH000489: No JTA platform available (set 'hibernate.transaction.jta.platform' to enable JTA platform integration)
[2025-11-03 09:46:43:31328498][restartedMain] INFO  p6spy - #1762130803336 | took 1ms | statement | connection 35| url jdbc:mariadb://localhost/modu?user=root&password=***&prepStmtCacheSqlLimit=2048&useServerPrepStmts=true
select table_name from information_schema.TABLES where table_schema=database() and table_type='SEQUENCE'
select table_name from information_schema.TABLES where table_schema=database() and table_type='SEQUENCE';
[2025-11-03 09:46:43:31328519][restartedMain] INFO  o.s.o.j.LocalContainerEntityManagerFactoryBean - Initialized JPA EntityManagerFactory for persistence unit 'default'
[2025-11-03 09:46:43:31328893][restartedMain] INFO  o.s.s.c.a.a.c.InitializeAuthenticationProviderBeanManagerConfigurer$InitializeAuthenticationProviderManagerConfigurer - Global AuthenticationManager configured with AuthenticationProvider bean with name authProvider
[2025-11-03 09:46:43:31328893][restartedMain] WARN  o.s.s.c.a.a.c.InitializeUserDetailsBeanManagerConfigurer$InitializeUserDetailsManagerConfigurer - Global AuthenticationManager configured with an AuthenticationProvider bean. UserDetailsService beans will not be used by Spring Security for automatically configuring username/password login. Consider removing the AuthenticationProvider bean. Alternatively, consider using the UserDetailsService in a manually instantiated DaoAuthenticationProvider. If the current configuration is intentional, to turn off this warning, increase the logging level of 'org.springframework.security.config.annotation.authentication.configuration.InitializeUserDetailsBeanManagerConfigurer' to ERROR
[2025-11-03 09:46:43:31328929][restartedMain] WARN  o.s.s.c.a.web.builders.WebSecurity - You are asking Spring Security to ignore Deferred [Mvc [pattern='/static/imgs/**'], Ant [pattern='/static/imgs/**']]. This is not recommended -- please use permitAll via HttpSecurity#authorizeHttpRequests instead.
[2025-11-03 09:46:43:31328929][restartedMain] WARN  o.s.s.c.a.web.builders.WebSecurity - You are asking Spring Security to ignore org.springframework.boot.autoconfigure.security.servlet.StaticResourceRequest$StaticResourceRequestMatcher@4b23d325. This is not recommended -- please use permitAll via HttpSecurity#authorizeHttpRequests instead.
[2025-11-03 09:46:43:31329032][restartedMain] INFO  o.s.b.d.a.OptionalLiveReloadServer - LiveReload server is running on port 35729
[2025-11-03 09:46:43:31329049][restartedMain] INFO  o.a.coyote.http11.Http11NioProtocol - Starting ProtocolHandler ["http-nio-9090"]
[2025-11-03 09:46:43:31329052][restartedMain] INFO  o.s.b.w.e.tomcat.TomcatWebServer - Tomcat started on port 9090 (http) with context path '/'
[2025-11-03 09:46:43:31329057][restartedMain] INFO  back.code.ModuBackApplication - Started ModuBackApplication in 1.457 seconds (process running for 31329.821)
[2025-11-03 09:46:43:31329058][restartedMain] INFO  o.s.b.d.a.ConditionEvaluationDeltaLoggingListener - Condition evaluation unchanged
[2025-11-03 09:46:45:31330477][File Watcher] INFO  o.s.b.d.a.LocalDevToolsAutoConfiguration$RestartingClassPathChangeChangedEventListener - Restarting due to 3 class path changes (3 additions, 0 deletions, 0 modifications)
[2025-11-03 09:46:45:31330477][Thread-27] INFO  o.s.b.w.e.tomcat.GracefulShutdown - Commencing graceful shutdown. Waiting for active requests to complete
[2025-11-03 09:46:45:31330478][tomcat-shutdown] INFO  o.a.coyote.http11.Http11NioProtocol - Pausing ProtocolHandler ["http-nio-9090"]
[2025-11-03 09:46:45:31330484][tomcat-shutdown] INFO  o.s.b.w.e.tomcat.GracefulShutdown - Graceful shutdown complete
[2025-11-03 09:46:45:31330484][Thread-27] INFO  o.a.coyote.http11.Http11NioProtocol - Stopping ProtocolHandler ["http-nio-9090"]
[2025-11-03 09:46:45:31330486][Thread-27] INFO  o.s.o.j.LocalContainerEntityManagerFactoryBean - Closing JPA EntityManagerFactory for persistence unit 'default'
[2025-11-03 09:46:45:31330487][Thread-27] INFO  com.zaxxer.hikari.HikariDataSource - HikariPool-16 - Shutdown initiated...
[2025-11-03 09:46:45:31330489][Thread-27] INFO  com.zaxxer.hikari.HikariDataSource - HikariPool-16 - Shutdown completed.
[2025-11-03 09:46:45:31330610][restartedMain] INFO  back.code.ModuBackApplication - Starting ModuBackApplication using Java 21.0.7 with PID 16156 (C:\modu_project\modu_back\build\classes\java\main started by sm002 in C:\modu_project\modu_back)
[2025-11-03 09:46:45:31330611][restartedMain] INFO  back.code.ModuBackApplication - No active profile set, falling back to 1 default profile: "default"
[2025-11-03 09:46:45:31331105][restartedMain] INFO  o.s.d.r.c.RepositoryConfigurationDelegate - Bootstrapping Spring Data JPA repositories in DEFAULT mode.
[2025-11-03 09:46:45:31331146][restartedMain] INFO  o.s.d.r.c.RepositoryConfigurationDelegate - Finished Spring Data repository scanning in 39 ms. Found 3 JPA repository interfaces.
[2025-11-03 09:46:46:31331345][restartedMain] INFO  o.s.b.w.e.tomcat.TomcatWebServer - Tomcat initialized with port 9090 (http)
[2025-11-03 09:46:46:31331345][restartedMain] INFO  o.a.coyote.http11.Http11NioProtocol - Initializing ProtocolHandler ["http-nio-9090"]
[2025-11-03 09:46:46:31331346][restartedMain] INFO  o.a.catalina.core.StandardService - Starting service [Tomcat]
[2025-11-03 09:46:46:31331346][restartedMain] INFO  o.a.catalina.core.StandardEngine - Starting Servlet engine: [Apache Tomcat/10.1.48]
[2025-11-03 09:46:46:31331389][restartedMain] INFO  o.a.c.c.C.[.[localhost].[/] - Initializing Spring embedded WebApplicationContext
[2025-11-03 09:46:46:31331389][restartedMain] INFO  o.s.b.w.s.c.ServletWebServerApplicationContext - Root WebApplicationContext: initialization completed in 777 ms
[2025-11-03 09:46:46:31331445][restartedMain] INFO  o.h.jpa.internal.util.LogHelper - HHH000204: Processing PersistenceUnitInfo [name: default]
[2025-11-03 09:46:46:31331449][restartedMain] INFO  o.h.c.i.RegionFactoryInitiator - HHH000026: Second-level cache disabled
[2025-11-03 09:46:46:31331458][restartedMain] INFO  o.s.o.j.p.SpringPersistenceUnitInfo - No LoadTimeWeaver setup: ignoring JPA class transformer
[2025-11-03 09:46:46:31331459][restartedMain] INFO  com.zaxxer.hikari.HikariDataSource - HikariPool-17 - Starting...
[2025-11-03 09:46:46:31331463][restartedMain] INFO  com.zaxxer.hikari.pool.HikariPool - HikariPool-17 - Added connection org.mariadb.jdbc.Connection@61d5129d
[2025-11-03 09:46:46:31331463][restartedMain] INFO  com.zaxxer.hikari.HikariDataSource - HikariPool-17 - Start completed.
[2025-11-03 09:46:46:31331463][restartedMain] WARN  org.hibernate.orm.deprecation - HHH90000025: MariaDBDialect does not need to be specified explicitly using 'hibernate.dialect' (remove the property setting and it will be selected by default)
[2025-11-03 09:46:46:31331464][restartedMain] INFO  o.hibernate.orm.connections.pooling - HHH10001005: Database info:
	Database JDBC URL [Connecting through datasource 'p6SpyDataSourceDecorator [com.p6spy.engine.spy.P6DataSource] -> dataSource [com.zaxxer.hikari.HikariDataSource]']
	Database driver: undefined/unknown
	Database version: 11.8.2
	Autocommit mode: undefined/unknown
	Isolation level: undefined/unknown
	Minimum pool size: undefined/unknown
	Maximum pool size: undefined/unknown
[2025-11-03 09:46:46:31331464][restartedMain] DEBUG o.h.t.d.sql.spi.DdlTypeRegistry - addDescriptor(12, org.hibernate.type.descriptor.sql.internal.CapacityDependentDdlType@711be0d5) replaced previous registration(org.hibernate.type.descriptor.sql.internal.CapacityDependentDdlType@54d04156)
[2025-11-03 09:46:46:31331464][restartedMain] DEBUG o.h.t.d.sql.spi.DdlTypeRegistry - addDescriptor(-9, org.hibernate.type.descriptor.sql.internal.CapacityDependentDdlType@41b1acec) replaced previous registration(org.hibernate.type.descriptor.sql.internal.CapacityDependentDdlType@5856e988)
[2025-11-03 09:46:46:31331464][restartedMain] DEBUG o.h.t.d.sql.spi.DdlTypeRegistry - addDescriptor(-3, org.hibernate.type.descriptor.sql.internal.CapacityDependentDdlType@7665a71f) replaced previous registration(org.hibernate.type.descriptor.sql.internal.CapacityDependentDdlType@20e99274)
[2025-11-03 09:46:46:31331464][restartedMain] DEBUG o.h.t.d.sql.spi.DdlTypeRegistry - addDescriptor(4003, org.hibernate.type.descriptor.sql.internal.DdlTypeImpl@6c739c49) replaced previous registration(org.hibernate.type.descriptor.sql.internal.DdlTypeImpl@30632e6)
[2025-11-03 09:46:46:31331464][restartedMain] DEBUG o.h.t.d.sql.spi.DdlTypeRegistry - addDescriptor(4001, org.hibernate.type.descriptor.sql.internal.DdlTypeImpl@588020c6) replaced previous registration(org.hibernate.type.descriptor.sql.internal.DdlTypeImpl@34166390)
[2025-11-03 09:46:46:31331464][restartedMain] DEBUG o.h.t.d.sql.spi.DdlTypeRegistry - addDescriptor(4002, org.hibernate.type.descriptor.sql.internal.DdlTypeImpl@44f7308f) replaced previous registration(org.hibernate.type.descriptor.sql.internal.DdlTypeImpl@76d4bbf5)
[2025-11-03 09:46:46:31331464][restartedMain] DEBUG o.h.t.d.sql.spi.DdlTypeRegistry - addDescriptor(2004, org.hibernate.type.descriptor.sql.internal.CapacityDependentDdlType@2f0b23f9) replaced previous registration(org.hibernate.type.descriptor.sql.internal.DdlTypeImpl@2806cf6b)
[2025-11-03 09:46:46:31331464][restartedMain] DEBUG o.h.t.d.sql.spi.DdlTypeRegistry - addDescriptor(2005, org.hibernate.type.descriptor.sql.internal.CapacityDependentDdlType@5508f1ac) replaced previous registration(org.hibernate.type.descriptor.sql.internal.DdlTypeImpl@6d0e3eb)
[2025-11-03 09:46:46:31331464][restartedMain] DEBUG o.h.t.d.sql.spi.DdlTypeRegistry - addDescriptor(2011, org.hibernate.type.descriptor.sql.internal.CapacityDependentDdlType@70b20c23) replaced previous registration(org.hibernate.type.descriptor.sql.internal.DdlTypeImpl@6ed1f8c9)
[2025-11-03 09:46:46:31331549][restartedMain] INFO  o.h.e.t.j.p.i.JtaPlatformInitiator - HHH000489: No JTA platform available (set 'hibernate.transaction.jta.platform' to enable JTA platform integration)
[2025-11-03 09:46:46:31331550][restartedMain] INFO  p6spy - #1762130806388 | took 1ms | statement | connection 37| url jdbc:mariadb://localhost/modu?user=root&password=***&prepStmtCacheSqlLimit=2048&useServerPrepStmts=true
select table_name from information_schema.TABLES where table_schema=database() and table_type='SEQUENCE'
select table_name from information_schema.TABLES where table_schema=database() and table_type='SEQUENCE';
[2025-11-03 09:46:46:31331571][restartedMain] ERROR o.s.o.j.LocalContainerEntityManagerFactoryBean - Failed to initialize JPA EntityManagerFactory: [PersistenceUnit: default] Unable to build Hibernate SessionFactory; nested exception is org.hibernate.tool.schema.spi.SchemaManagementException: Schema-validation: missing column [create_at] in table [user_setting]
[2025-11-03 09:46:46:31331571][restartedMain] WARN  o.s.b.w.s.c.AnnotationConfigServletWebServerApplicationContext - Exception encountered during context initialization - cancelling refresh attempt: org.springframework.beans.factory.BeanCreationException: Error creating bean with name 'entityManagerFactory' defined in class path resource [org/springframework/boot/autoconfigure/orm/jpa/HibernateJpaConfiguration.class]: [PersistenceUnit: default] Unable to build Hibernate SessionFactory; nested exception is org.hibernate.tool.schema.spi.SchemaManagementException: Schema-validation: missing column [create_at] in table [user_setting]
[2025-11-03 09:46:46:31331571][restartedMain] INFO  com.zaxxer.hikari.HikariDataSource - HikariPool-17 - Shutdown initiated...
[2025-11-03 09:46:46:31331613][restartedMain] INFO  com.zaxxer.hikari.HikariDataSource - HikariPool-17 - Shutdown completed.
[2025-11-03 09:46:46:31331615][restartedMain] INFO  o.a.catalina.core.StandardService - Stopping service [Tomcat]
[2025-11-03 09:46:46:31331621][restartedMain] INFO  o.s.b.a.l.ConditionEvaluationReportLogger - 

Error starting ApplicationContext. To display the condition evaluation report re-run your application with 'debug' enabled.
[2025-11-03 09:46:46:31331625][restartedMain] ERROR o.s.boot.SpringApplication - Application run failed
org.springframework.beans.factory.BeanCreationException: Error creating bean with name 'entityManagerFactory' defined in class path resource [org/springframework/boot/autoconfigure/orm/jpa/HibernateJpaConfiguration.class]: [PersistenceUnit: default] Unable to build Hibernate SessionFactory; nested exception is org.hibernate.tool.schema.spi.SchemaManagementException: Schema-validation: missing column [create_at] in table [user_setting]
	at org.springframework.beans.factory.support.AbstractAutowireCapableBeanFactory.initializeBean(AbstractAutowireCapableBeanFactory.java:1826)
	at org.springframework.beans.factory.support.AbstractAutowireCapableBeanFactory.doCreateBean(AbstractAutowireCapableBeanFactory.java:607)
	at org.springframework.beans.factory.support.AbstractAutowireCapableBeanFactory.createBean(AbstractAutowireCapableBeanFactory.java:529)
	at org.springframework.beans.factory.support.AbstractBeanFactory.lambda$doGetBean$0(AbstractBeanFactory.java:339)
	at org.springframework.beans.factory.support.DefaultSingletonBeanRegistry.getSingleton(DefaultSingletonBeanRegistry.java:373)
	at org.springframework.beans.factory.support.AbstractBeanFactory.doGetBean(AbstractBeanFactory.java:337)
	at org.springframework.beans.factory.support.AbstractBeanFactory.getBean(AbstractBeanFactory.java:207)
	at org.springframework.context.support.AbstractApplicationContext.finishBeanFactoryInitialization(AbstractApplicationContext.java:973)
	at org.springframework.context.support.AbstractApplicationContext.refresh(AbstractApplicationContext.java:627)
	at org.springframework.boot.web.servlet.context.ServletWebServerApplicationContext.refresh(ServletWebServerApplicationContext.java:146)
	at org.springframework.boot.SpringApplication.refresh(SpringApplication.java:752)
	at org.springframework.boot.SpringApplication.refreshContext(SpringApplication.java:439)
	at org.springframework.boot.SpringApplication.run(SpringApplication.java:318)
	at org.springframework.boot.SpringApplication.run(SpringApplication.java:1361)
	at org.springframework.boot.SpringApplication.run(SpringApplication.java:1350)
	at back.code.ModuBackApplication.main(ModuBackApplication.java:10)
	at java.base/jdk.internal.reflect.DirectMethodHandleAccessor.invoke(DirectMethodHandleAccessor.java:103)
	at java.base/java.lang.reflect.Method.invoke(Method.java:580)
	at org.springframework.boot.devtools.restart.RestartLauncher.run(RestartLauncher.java:50)
Caused by: jakarta.persistence.PersistenceException: [PersistenceUnit: default] Unable to build Hibernate SessionFactory; nested exception is org.hibernate.tool.schema.spi.SchemaManagementException: Schema-validation: missing column [create_at] in table [user_setting]
	at org.springframework.orm.jpa.AbstractEntityManagerFactoryBean.buildNativeEntityManagerFactory(AbstractEntityManagerFactoryBean.java:431)
	at org.springframework.orm.jpa.AbstractEntityManagerFactoryBean.afterPropertiesSet(AbstractEntityManagerFactoryBean.java:400)
	at org.springframework.orm.jpa.LocalContainerEntityManagerFactoryBean.afterPropertiesSet(LocalContainerEntityManagerFactoryBean.java:366)
	at org.springframework.beans.factory.support.AbstractAutowireCapableBeanFactory.invokeInitMethods(AbstractAutowireCapableBeanFactory.java:1873)
	at org.springframework.beans.factory.support.AbstractAutowireCapableBeanFactory.initializeBean(AbstractAutowireCapableBeanFactory.java:1822)
	... 18 common frames omitted
Caused by: org.hibernate.tool.schema.spi.SchemaManagementException: Schema-validation: missing column [create_at] in table [user_setting]
	at org.hibernate.tool.schema.internal.AbstractSchemaValidator.validateTable(AbstractSchemaValidator.java:149)
	at org.hibernate.tool.schema.internal.GroupedSchemaValidatorImpl.validateTables(GroupedSchemaValidatorImpl.java:46)
	at org.hibernate.tool.schema.internal.AbstractSchemaValidator.performValidation(AbstractSchemaValidator.java:99)
	at org.hibernate.tool.schema.internal.AbstractSchemaValidator.doValidation(AbstractSchemaValidator.java:77)
	at org.hibernate.tool.schema.spi.SchemaManagementToolCoordinator.performDatabaseAction(SchemaManagementToolCoordinator.java:289)
	at org.hibernate.tool.schema.spi.SchemaManagementToolCoordinator.lambda$process$5(SchemaManagementToolCoordinator.java:144)
	at java.base/java.util.HashMap.forEach(HashMap.java:1429)
	at org.hibernate.tool.schema.spi.SchemaManagementToolCoordinator.process(SchemaManagementToolCoordinator.java:141)
	at org.hibernate.boot.internal.SessionFactoryObserverForSchemaExport.sessionFactoryCreated(SessionFactoryObserverForSchemaExport.java:37)
	at org.hibernate.internal.SessionFactoryObserverChain.sessionFactoryCreated(SessionFactoryObserverChain.java:35)
	at org.hibernate.internal.SessionFactoryImpl.<init>(SessionFactoryImpl.java:324)
	at org.hibernate.boot.internal.SessionFactoryBuilderImpl.build(SessionFactoryBuilderImpl.java:463)
	at org.hibernate.jpa.boot.internal.EntityManagerFactoryBuilderImpl.build(EntityManagerFactoryBuilderImpl.java:1517)
	at org.springframework.orm.jpa.vendor.SpringHibernateJpaPersistenceProvider.createContainerEntityManagerFactory(SpringHibernateJpaPersistenceProvider.java:66)
	at org.springframework.orm.jpa.LocalContainerEntityManagerFactoryBean.createNativeEntityManagerFactory(LocalContainerEntityManagerFactoryBean.java:390)
	at org.springframework.orm.jpa.AbstractEntityManagerFactoryBean.buildNativeEntityManagerFactory(AbstractEntityManagerFactoryBean.java:419)
	... 22 common frames omitted
[2025-11-03 09:46:50:31335218][restartedMain] INFO  back.code.ModuBackApplication - Starting ModuBackApplication using Java 21.0.7 with PID 16156 (C:\modu_project\modu_back\build\classes\java\main started by sm002 in C:\modu_project\modu_back)
[2025-11-03 09:46:50:31335218][restartedMain] INFO  back.code.ModuBackApplication - No active profile set, falling back to 1 default profile: "default"
[2025-11-03 09:46:50:31335673][restartedMain] INFO  o.s.d.r.c.RepositoryConfigurationDelegate - Bootstrapping Spring Data JPA repositories in DEFAULT mode.
[2025-11-03 09:46:50:31335720][restartedMain] INFO  o.s.d.r.c.RepositoryConfigurationDelegate - Finished Spring Data repository scanning in 46 ms. Found 3 JPA repository interfaces.
[2025-11-03 09:46:50:31335962][restartedMain] INFO  o.s.b.w.e.tomcat.TomcatWebServer - Tomcat initialized with port 9090 (http)
[2025-11-03 09:46:50:31335963][restartedMain] INFO  o.a.coyote.http11.Http11NioProtocol - Initializing ProtocolHandler ["http-nio-9090"]
[2025-11-03 09:46:50:31335963][restartedMain] INFO  o.a.catalina.core.StandardService - Starting service [Tomcat]
[2025-11-03 09:46:50:31335963][restartedMain] INFO  o.a.catalina.core.StandardEngine - Starting Servlet engine: [Apache Tomcat/10.1.48]
[2025-11-03 09:46:50:31336015][restartedMain] INFO  o.a.c.c.C.[.[localhost].[/] - Initializing Spring embedded WebApplicationContext
[2025-11-03 09:46:50:31336017][restartedMain] INFO  o.s.b.w.s.c.ServletWebServerApplicationContext - Root WebApplicationContext: initialization completed in 794 ms
[2025-11-03 09:46:50:31336088][restartedMain] INFO  o.h.jpa.internal.util.LogHelper - HHH000204: Processing PersistenceUnitInfo [name: default]
[2025-11-03 09:46:50:31336094][restartedMain] INFO  o.h.c.i.RegionFactoryInitiator - HHH000026: Second-level cache disabled
[2025-11-03 09:46:50:31336105][restartedMain] INFO  o.s.o.j.p.SpringPersistenceUnitInfo - No LoadTimeWeaver setup: ignoring JPA class transformer
[2025-11-03 09:46:50:31336106][restartedMain] INFO  com.zaxxer.hikari.HikariDataSource - HikariPool-18 - Starting...
[2025-11-03 09:46:50:31336112][restartedMain] INFO  com.zaxxer.hikari.pool.HikariPool - HikariPool-18 - Added connection org.mariadb.jdbc.Connection@62cd8b84
[2025-11-03 09:46:50:31336112][restartedMain] INFO  com.zaxxer.hikari.HikariDataSource - HikariPool-18 - Start completed.
[2025-11-03 09:46:50:31336113][restartedMain] WARN  org.hibernate.orm.deprecation - HHH90000025: MariaDBDialect does not need to be specified explicitly using 'hibernate.dialect' (remove the property setting and it will be selected by default)
[2025-11-03 09:46:50:31336114][restartedMain] INFO  o.hibernate.orm.connections.pooling - HHH10001005: Database info:
	Database JDBC URL [Connecting through datasource 'p6SpyDataSourceDecorator [com.p6spy.engine.spy.P6DataSource] -> dataSource [com.zaxxer.hikari.HikariDataSource]']
	Database driver: undefined/unknown
	Database version: 11.8.2
	Autocommit mode: undefined/unknown
	Isolation level: undefined/unknown
	Minimum pool size: undefined/unknown
	Maximum pool size: undefined/unknown
[2025-11-03 09:46:50:31336114][restartedMain] DEBUG o.h.t.d.sql.spi.DdlTypeRegistry - addDescriptor(12, org.hibernate.type.descriptor.sql.internal.CapacityDependentDdlType@31423ad9) replaced previous registration(org.hibernate.type.descriptor.sql.internal.CapacityDependentDdlType@d51c92a)
[2025-11-03 09:46:50:31336114][restartedMain] DEBUG o.h.t.d.sql.spi.DdlTypeRegistry - addDescriptor(-9, org.hibernate.type.descriptor.sql.internal.CapacityDependentDdlType@2d7e6599) replaced previous registration(org.hibernate.type.descriptor.sql.internal.CapacityDependentDdlType@7a1bf4ff)
[2025-11-03 09:46:50:31336114][restartedMain] DEBUG o.h.t.d.sql.spi.DdlTypeRegistry - addDescriptor(-3, org.hibernate.type.descriptor.sql.internal.CapacityDependentDdlType@5aaf8d97) replaced previous registration(org.hibernate.type.descriptor.sql.internal.CapacityDependentDdlType@59341771)
[2025-11-03 09:46:50:31336114][restartedMain] DEBUG o.h.t.d.sql.spi.DdlTypeRegistry - addDescriptor(4003, org.hibernate.type.descriptor.sql.internal.DdlTypeImpl@7b8e363) replaced previous registration(org.hibernate.type.descriptor.sql.internal.DdlTypeImpl@22214367)
[2025-11-03 09:46:50:31336114][restartedMain] DEBUG o.h.t.d.sql.spi.DdlTypeRegistry - addDescriptor(4001, org.hibernate.type.descriptor.sql.internal.DdlTypeImpl@444a181) replaced previous registration(org.hibernate.type.descriptor.sql.internal.DdlTypeImpl@7d32b1e7)
[2025-11-03 09:46:50:31336114][restartedMain] DEBUG o.h.t.d.sql.spi.DdlTypeRegistry - addDescriptor(4002, org.hibernate.type.descriptor.sql.internal.DdlTypeImpl@3dd1f6d9) replaced previous registration(org.hibernate.type.descriptor.sql.internal.DdlTypeImpl@1543a07f)
[2025-11-03 09:46:50:31336114][restartedMain] DEBUG o.h.t.d.sql.spi.DdlTypeRegistry - addDescriptor(2004, org.hibernate.type.descriptor.sql.internal.CapacityDependentDdlType@342a43ff) replaced previous registration(org.hibernate.type.descriptor.sql.internal.DdlTypeImpl@5cff7114)
[2025-11-03 09:46:50:31336114][restartedMain] DEBUG o.h.t.d.sql.spi.DdlTypeRegistry - addDescriptor(2005, org.hibernate.type.descriptor.sql.internal.CapacityDependentDdlType@6eaa236c) replaced previous registration(org.hibernate.type.descriptor.sql.internal.DdlTypeImpl@66e2369e)
[2025-11-03 09:46:50:31336114][restartedMain] DEBUG o.h.t.d.sql.spi.DdlTypeRegistry - addDescriptor(2011, org.hibernate.type.descriptor.sql.internal.CapacityDependentDdlType@b1b406) replaced previous registration(org.hibernate.type.descriptor.sql.internal.DdlTypeImpl@276112d5)
[2025-11-03 09:46:51:31336211][restartedMain] INFO  o.h.e.t.j.p.i.JtaPlatformInitiator - HHH000489: No JTA platform available (set 'hibernate.transaction.jta.platform' to enable JTA platform integration)
[2025-11-03 09:46:51:31336212][restartedMain] INFO  p6spy - #1762130811050 | took 0ms | statement | connection 39| url jdbc:mariadb://localhost/modu?user=root&password=***&prepStmtCacheSqlLimit=2048&useServerPrepStmts=true
select table_name from information_schema.TABLES where table_schema=database() and table_type='SEQUENCE'
select table_name from information_schema.TABLES where table_schema=database() and table_type='SEQUENCE';
[2025-11-03 09:46:51:31336237][restartedMain] ERROR o.s.o.j.LocalContainerEntityManagerFactoryBean - Failed to initialize JPA EntityManagerFactory: [PersistenceUnit: default] Unable to build Hibernate SessionFactory; nested exception is org.hibernate.tool.schema.spi.SchemaManagementException: Schema-validation: missing column [create_at] in table [user_setting]
[2025-11-03 09:46:51:31336237][restartedMain] WARN  o.s.b.w.s.c.AnnotationConfigServletWebServerApplicationContext - Exception encountered during context initialization - cancelling refresh attempt: org.springframework.beans.factory.BeanCreationException: Error creating bean with name 'entityManagerFactory' defined in class path resource [org/springframework/boot/autoconfigure/orm/jpa/HibernateJpaConfiguration.class]: [PersistenceUnit: default] Unable to build Hibernate SessionFactory; nested exception is org.hibernate.tool.schema.spi.SchemaManagementException: Schema-validation: missing column [create_at] in table [user_setting]
[2025-11-03 09:46:51:31336238][restartedMain] INFO  com.zaxxer.hikari.HikariDataSource - HikariPool-18 - Shutdown initiated...
[2025-11-03 09:46:51:31336262][restartedMain] INFO  com.zaxxer.hikari.HikariDataSource - HikariPool-18 - Shutdown completed.
[2025-11-03 09:46:51:31336264][restartedMain] INFO  o.a.catalina.core.StandardService - Stopping service [Tomcat]
[2025-11-03 09:46:51:31336270][restartedMain] INFO  o.s.b.a.l.ConditionEvaluationReportLogger - 

Error starting ApplicationContext. To display the condition evaluation report re-run your application with 'debug' enabled.
[2025-11-03 09:46:51:31336275][restartedMain] ERROR o.s.boot.SpringApplication - Application run failed
org.springframework.beans.factory.BeanCreationException: Error creating bean with name 'entityManagerFactory' defined in class path resource [org/springframework/boot/autoconfigure/orm/jpa/HibernateJpaConfiguration.class]: [PersistenceUnit: default] Unable to build Hibernate SessionFactory; nested exception is org.hibernate.tool.schema.spi.SchemaManagementException: Schema-validation: missing column [create_at] in table [user_setting]
	at org.springframework.beans.factory.support.AbstractAutowireCapableBeanFactory.initializeBean(AbstractAutowireCapableBeanFactory.java:1826)
	at org.springframework.beans.factory.support.AbstractAutowireCapableBeanFactory.doCreateBean(AbstractAutowireCapableBeanFactory.java:607)
	at org.springframework.beans.factory.support.AbstractAutowireCapableBeanFactory.createBean(AbstractAutowireCapableBeanFactory.java:529)
	at org.springframework.beans.factory.support.AbstractBeanFactory.lambda$doGetBean$0(AbstractBeanFactory.java:339)
	at org.springframework.beans.factory.support.DefaultSingletonBeanRegistry.getSingleton(DefaultSingletonBeanRegistry.java:373)
	at org.springframework.beans.factory.support.AbstractBeanFactory.doGetBean(AbstractBeanFactory.java:337)
	at org.springframework.beans.factory.support.AbstractBeanFactory.getBean(AbstractBeanFactory.java:207)
	at org.springframework.context.support.AbstractApplicationContext.finishBeanFactoryInitialization(AbstractApplicationContext.java:973)
	at org.springframework.context.support.AbstractApplicationContext.refresh(AbstractApplicationContext.java:627)
	at org.springframework.boot.web.servlet.context.ServletWebServerApplicationContext.refresh(ServletWebServerApplicationContext.java:146)
	at org.springframework.boot.SpringApplication.refresh(SpringApplication.java:752)
	at org.springframework.boot.SpringApplication.refreshContext(SpringApplication.java:439)
	at org.springframework.boot.SpringApplication.run(SpringApplication.java:318)
	at org.springframework.boot.SpringApplication.run(SpringApplication.java:1361)
	at org.springframework.boot.SpringApplication.run(SpringApplication.java:1350)
	at back.code.ModuBackApplication.main(ModuBackApplication.java:10)
	at java.base/jdk.internal.reflect.DirectMethodHandleAccessor.invoke(DirectMethodHandleAccessor.java:103)
	at java.base/java.lang.reflect.Method.invoke(Method.java:580)
	at org.springframework.boot.devtools.restart.RestartLauncher.run(RestartLauncher.java:50)
Caused by: jakarta.persistence.PersistenceException: [PersistenceUnit: default] Unable to build Hibernate SessionFactory; nested exception is org.hibernate.tool.schema.spi.SchemaManagementException: Schema-validation: missing column [create_at] in table [user_setting]
	at org.springframework.orm.jpa.AbstractEntityManagerFactoryBean.buildNativeEntityManagerFactory(AbstractEntityManagerFactoryBean.java:431)
	at org.springframework.orm.jpa.AbstractEntityManagerFactoryBean.afterPropertiesSet(AbstractEntityManagerFactoryBean.java:400)
	at org.springframework.orm.jpa.LocalContainerEntityManagerFactoryBean.afterPropertiesSet(LocalContainerEntityManagerFactoryBean.java:366)
	at org.springframework.beans.factory.support.AbstractAutowireCapableBeanFactory.invokeInitMethods(AbstractAutowireCapableBeanFactory.java:1873)
	at org.springframework.beans.factory.support.AbstractAutowireCapableBeanFactory.initializeBean(AbstractAutowireCapableBeanFactory.java:1822)
	... 18 common frames omitted
Caused by: org.hibernate.tool.schema.spi.SchemaManagementException: Schema-validation: missing column [create_at] in table [user_setting]
	at org.hibernate.tool.schema.internal.AbstractSchemaValidator.validateTable(AbstractSchemaValidator.java:149)
	at org.hibernate.tool.schema.internal.GroupedSchemaValidatorImpl.validateTables(GroupedSchemaValidatorImpl.java:46)
	at org.hibernate.tool.schema.internal.AbstractSchemaValidator.performValidation(AbstractSchemaValidator.java:99)
	at org.hibernate.tool.schema.internal.AbstractSchemaValidator.doValidation(AbstractSchemaValidator.java:77)
	at org.hibernate.tool.schema.spi.SchemaManagementToolCoordinator.performDatabaseAction(SchemaManagementToolCoordinator.java:289)
	at org.hibernate.tool.schema.spi.SchemaManagementToolCoordinator.lambda$process$5(SchemaManagementToolCoordinator.java:144)
	at java.base/java.util.HashMap.forEach(HashMap.java:1429)
	at org.hibernate.tool.schema.spi.SchemaManagementToolCoordinator.process(SchemaManagementToolCoordinator.java:141)
	at org.hibernate.boot.internal.SessionFactoryObserverForSchemaExport.sessionFactoryCreated(SessionFactoryObserverForSchemaExport.java:37)
	at org.hibernate.internal.SessionFactoryObserverChain.sessionFactoryCreated(SessionFactoryObserverChain.java:35)
	at org.hibernate.internal.SessionFactoryImpl.<init>(SessionFactoryImpl.java:324)
	at org.hibernate.boot.internal.SessionFactoryBuilderImpl.build(SessionFactoryBuilderImpl.java:463)
	at org.hibernate.jpa.boot.internal.EntityManagerFactoryBuilderImpl.build(EntityManagerFactoryBuilderImpl.java:1517)
	at org.springframework.orm.jpa.vendor.SpringHibernateJpaPersistenceProvider.createContainerEntityManagerFactory(SpringHibernateJpaPersistenceProvider.java:66)
	at org.springframework.orm.jpa.LocalContainerEntityManagerFactoryBean.createNativeEntityManagerFactory(LocalContainerEntityManagerFactoryBean.java:390)
	at org.springframework.orm.jpa.AbstractEntityManagerFactoryBean.buildNativeEntityManagerFactory(AbstractEntityManagerFactoryBean.java:419)
	... 22 common frames omitted
[2025-11-03 09:46:52:31337873][restartedMain] INFO  back.code.ModuBackApplication - Starting ModuBackApplication using Java 21.0.7 with PID 16156 (C:\modu_project\modu_back\build\classes\java\main started by sm002 in C:\modu_project\modu_back)
[2025-11-03 09:46:52:31337874][restartedMain] INFO  back.code.ModuBackApplication - No active profile set, falling back to 1 default profile: "default"
[2025-11-03 09:46:53:31338263][restartedMain] INFO  o.s.d.r.c.RepositoryConfigurationDelegate - Bootstrapping Spring Data JPA repositories in DEFAULT mode.
[2025-11-03 09:46:53:31338297][restartedMain] INFO  o.s.d.r.c.RepositoryConfigurationDelegate - Finished Spring Data repository scanning in 31 ms. Found 3 JPA repository interfaces.
[2025-11-03 09:46:53:31338482][restartedMain] INFO  o.s.b.w.e.tomcat.TomcatWebServer - Tomcat initialized with port 9090 (http)
[2025-11-03 09:46:53:31338483][restartedMain] INFO  o.a.coyote.http11.Http11NioProtocol - Initializing ProtocolHandler ["http-nio-9090"]
[2025-11-03 09:46:53:31338484][restartedMain] INFO  o.a.catalina.core.StandardService - Starting service [Tomcat]
[2025-11-03 09:46:53:31338484][restartedMain] INFO  o.a.catalina.core.StandardEngine - Starting Servlet engine: [Apache Tomcat/10.1.48]
[2025-11-03 09:46:53:31338530][restartedMain] INFO  o.a.c.c.C.[.[localhost].[/] - Initializing Spring embedded WebApplicationContext
[2025-11-03 09:46:53:31338530][restartedMain] INFO  o.s.b.w.s.c.ServletWebServerApplicationContext - Root WebApplicationContext: initialization completed in 650 ms
[2025-11-03 09:46:53:31338602][restartedMain] INFO  o.h.jpa.internal.util.LogHelper - HHH000204: Processing PersistenceUnitInfo [name: default]
[2025-11-03 09:46:53:31338608][restartedMain] INFO  o.h.c.i.RegionFactoryInitiator - HHH000026: Second-level cache disabled
[2025-11-03 09:46:53:31338625][restartedMain] INFO  o.s.o.j.p.SpringPersistenceUnitInfo - No LoadTimeWeaver setup: ignoring JPA class transformer
[2025-11-03 09:46:53:31338627][restartedMain] INFO  com.zaxxer.hikari.HikariDataSource - HikariPool-19 - Starting...
[2025-11-03 09:46:53:31338630][restartedMain] INFO  com.zaxxer.hikari.pool.HikariPool - HikariPool-19 - Added connection org.mariadb.jdbc.Connection@1e040d3e
[2025-11-03 09:46:53:31338631][restartedMain] INFO  com.zaxxer.hikari.HikariDataSource - HikariPool-19 - Start completed.
[2025-11-03 09:46:53:31338632][restartedMain] WARN  org.hibernate.orm.deprecation - HHH90000025: MariaDBDialect does not need to be specified explicitly using 'hibernate.dialect' (remove the property setting and it will be selected by default)
[2025-11-03 09:46:53:31338632][restartedMain] INFO  o.hibernate.orm.connections.pooling - HHH10001005: Database info:
	Database JDBC URL [Connecting through datasource 'p6SpyDataSourceDecorator [com.p6spy.engine.spy.P6DataSource] -> dataSource [com.zaxxer.hikari.HikariDataSource]']
	Database driver: undefined/unknown
	Database version: 11.8.2
	Autocommit mode: undefined/unknown
	Isolation level: undefined/unknown
	Minimum pool size: undefined/unknown
	Maximum pool size: undefined/unknown
[2025-11-03 09:46:53:31338633][restartedMain] DEBUG o.h.t.d.sql.spi.DdlTypeRegistry - addDescriptor(12, org.hibernate.type.descriptor.sql.internal.CapacityDependentDdlType@43366398) replaced previous registration(org.hibernate.type.descriptor.sql.internal.CapacityDependentDdlType@57b7707c)
[2025-11-03 09:46:53:31338633][restartedMain] DEBUG o.h.t.d.sql.spi.DdlTypeRegistry - addDescriptor(-9, org.hibernate.type.descriptor.sql.internal.CapacityDependentDdlType@520499f4) replaced previous registration(org.hibernate.type.descriptor.sql.internal.CapacityDependentDdlType@759db3e9)
[2025-11-03 09:46:53:31338633][restartedMain] DEBUG o.h.t.d.sql.spi.DdlTypeRegistry - addDescriptor(-3, org.hibernate.type.descriptor.sql.internal.CapacityDependentDdlType@5473461) replaced previous registration(org.hibernate.type.descriptor.sql.internal.CapacityDependentDdlType@691f8025)
[2025-11-03 09:46:53:31338633][restartedMain] DEBUG o.h.t.d.sql.spi.DdlTypeRegistry - addDescriptor(4003, org.hibernate.type.descriptor.sql.internal.DdlTypeImpl@1fa26fcb) replaced previous registration(org.hibernate.type.descriptor.sql.internal.DdlTypeImpl@738852d)
[2025-11-03 09:46:53:31338633][restartedMain] DEBUG o.h.t.d.sql.spi.DdlTypeRegistry - addDescriptor(4001, org.hibernate.type.descriptor.sql.internal.DdlTypeImpl@3b605d97) replaced previous registration(org.hibernate.type.descriptor.sql.internal.DdlTypeImpl@2e6bfc76)
[2025-11-03 09:46:53:31338633][restartedMain] DEBUG o.h.t.d.sql.spi.DdlTypeRegistry - addDescriptor(4002, org.hibernate.type.descriptor.sql.internal.DdlTypeImpl@223b0247) replaced previous registration(org.hibernate.type.descriptor.sql.internal.DdlTypeImpl@61e9fac0)
[2025-11-03 09:46:53:31338633][restartedMain] DEBUG o.h.t.d.sql.spi.DdlTypeRegistry - addDescriptor(2004, org.hibernate.type.descriptor.sql.internal.CapacityDependentDdlType@58dc8f8f) replaced previous registration(org.hibernate.type.descriptor.sql.internal.DdlTypeImpl@29a540ae)
[2025-11-03 09:46:53:31338633][restartedMain] DEBUG o.h.t.d.sql.spi.DdlTypeRegistry - addDescriptor(2005, org.hibernate.type.descriptor.sql.internal.CapacityDependentDdlType@537646e7) replaced previous registration(org.hibernate.type.descriptor.sql.internal.DdlTypeImpl@7de789b3)
[2025-11-03 09:46:53:31338633][restartedMain] DEBUG o.h.t.d.sql.spi.DdlTypeRegistry - addDescriptor(2011, org.hibernate.type.descriptor.sql.internal.CapacityDependentDdlType@41fbc177) replaced previous registration(org.hibernate.type.descriptor.sql.internal.DdlTypeImpl@42d859d6)
[2025-11-03 09:46:53:31338740][restartedMain] INFO  o.h.e.t.j.p.i.JtaPlatformInitiator - HHH000489: No JTA platform available (set 'hibernate.transaction.jta.platform' to enable JTA platform integration)
[2025-11-03 09:46:53:31338741][restartedMain] INFO  p6spy - #1762130813579 | took 0ms | statement | connection 41| url jdbc:mariadb://localhost/modu?user=root&password=***&prepStmtCacheSqlLimit=2048&useServerPrepStmts=true
select table_name from information_schema.TABLES where table_schema=database() and table_type='SEQUENCE'
select table_name from information_schema.TABLES where table_schema=database() and table_type='SEQUENCE';
[2025-11-03 09:46:53:31338764][restartedMain] ERROR o.s.o.j.LocalContainerEntityManagerFactoryBean - Failed to initialize JPA EntityManagerFactory: [PersistenceUnit: default] Unable to build Hibernate SessionFactory; nested exception is org.hibernate.tool.schema.spi.SchemaManagementException: Schema-validation: missing column [create_at] in table [user_setting]
[2025-11-03 09:46:53:31338764][restartedMain] WARN  o.s.b.w.s.c.AnnotationConfigServletWebServerApplicationContext - Exception encountered during context initialization - cancelling refresh attempt: org.springframework.beans.factory.BeanCreationException: Error creating bean with name 'entityManagerFactory' defined in class path resource [org/springframework/boot/autoconfigure/orm/jpa/HibernateJpaConfiguration.class]: [PersistenceUnit: default] Unable to build Hibernate SessionFactory; nested exception is org.hibernate.tool.schema.spi.SchemaManagementException: Schema-validation: missing column [create_at] in table [user_setting]
[2025-11-03 09:46:53:31338764][restartedMain] INFO  com.zaxxer.hikari.HikariDataSource - HikariPool-19 - Shutdown initiated...
[2025-11-03 09:46:53:31338767][restartedMain] INFO  com.zaxxer.hikari.HikariDataSource - HikariPool-19 - Shutdown completed.
[2025-11-03 09:46:53:31338768][restartedMain] INFO  o.a.catalina.core.StandardService - Stopping service [Tomcat]
[2025-11-03 09:46:53:31338774][restartedMain] INFO  o.s.b.a.l.ConditionEvaluationReportLogger - 

Error starting ApplicationContext. To display the condition evaluation report re-run your application with 'debug' enabled.
[2025-11-03 09:46:53:31338778][restartedMain] ERROR o.s.boot.SpringApplication - Application run failed
org.springframework.beans.factory.BeanCreationException: Error creating bean with name 'entityManagerFactory' defined in class path resource [org/springframework/boot/autoconfigure/orm/jpa/HibernateJpaConfiguration.class]: [PersistenceUnit: default] Unable to build Hibernate SessionFactory; nested exception is org.hibernate.tool.schema.spi.SchemaManagementException: Schema-validation: missing column [create_at] in table [user_setting]
	at org.springframework.beans.factory.support.AbstractAutowireCapableBeanFactory.initializeBean(AbstractAutowireCapableBeanFactory.java:1826)
	at org.springframework.beans.factory.support.AbstractAutowireCapableBeanFactory.doCreateBean(AbstractAutowireCapableBeanFactory.java:607)
	at org.springframework.beans.factory.support.AbstractAutowireCapableBeanFactory.createBean(AbstractAutowireCapableBeanFactory.java:529)
	at org.springframework.beans.factory.support.AbstractBeanFactory.lambda$doGetBean$0(AbstractBeanFactory.java:339)
	at org.springframework.beans.factory.support.DefaultSingletonBeanRegistry.getSingleton(DefaultSingletonBeanRegistry.java:373)
	at org.springframework.beans.factory.support.AbstractBeanFactory.doGetBean(AbstractBeanFactory.java:337)
	at org.springframework.beans.factory.support.AbstractBeanFactory.getBean(AbstractBeanFactory.java:207)
	at org.springframework.context.support.AbstractApplicationContext.finishBeanFactoryInitialization(AbstractApplicationContext.java:973)
	at org.springframework.context.support.AbstractApplicationContext.refresh(AbstractApplicationContext.java:627)
	at org.springframework.boot.web.servlet.context.ServletWebServerApplicationContext.refresh(ServletWebServerApplicationContext.java:146)
	at org.springframework.boot.SpringApplication.refresh(SpringApplication.java:752)
	at org.springframework.boot.SpringApplication.refreshContext(SpringApplication.java:439)
	at org.springframework.boot.SpringApplication.run(SpringApplication.java:318)
	at org.springframework.boot.SpringApplication.run(SpringApplication.java:1361)
	at org.springframework.boot.SpringApplication.run(SpringApplication.java:1350)
	at back.code.ModuBackApplication.main(ModuBackApplication.java:10)
	at java.base/jdk.internal.reflect.DirectMethodHandleAccessor.invoke(DirectMethodHandleAccessor.java:103)
	at java.base/java.lang.reflect.Method.invoke(Method.java:580)
	at org.springframework.boot.devtools.restart.RestartLauncher.run(RestartLauncher.java:50)
Caused by: jakarta.persistence.PersistenceException: [PersistenceUnit: default] Unable to build Hibernate SessionFactory; nested exception is org.hibernate.tool.schema.spi.SchemaManagementException: Schema-validation: missing column [create_at] in table [user_setting]
	at org.springframework.orm.jpa.AbstractEntityManagerFactoryBean.buildNativeEntityManagerFactory(AbstractEntityManagerFactoryBean.java:431)
	at org.springframework.orm.jpa.AbstractEntityManagerFactoryBean.afterPropertiesSet(AbstractEntityManagerFactoryBean.java:400)
	at org.springframework.orm.jpa.LocalContainerEntityManagerFactoryBean.afterPropertiesSet(LocalContainerEntityManagerFactoryBean.java:366)
	at org.springframework.beans.factory.support.AbstractAutowireCapableBeanFactory.invokeInitMethods(AbstractAutowireCapableBeanFactory.java:1873)
	at org.springframework.beans.factory.support.AbstractAutowireCapableBeanFactory.initializeBean(AbstractAutowireCapableBeanFactory.java:1822)
	... 18 common frames omitted
Caused by: org.hibernate.tool.schema.spi.SchemaManagementException: Schema-validation: missing column [create_at] in table [user_setting]
	at org.hibernate.tool.schema.internal.AbstractSchemaValidator.validateTable(AbstractSchemaValidator.java:149)
	at org.hibernate.tool.schema.internal.GroupedSchemaValidatorImpl.validateTables(GroupedSchemaValidatorImpl.java:46)
	at org.hibernate.tool.schema.internal.AbstractSchemaValidator.performValidation(AbstractSchemaValidator.java:99)
	at org.hibernate.tool.schema.internal.AbstractSchemaValidator.doValidation(AbstractSchemaValidator.java:77)
	at org.hibernate.tool.schema.spi.SchemaManagementToolCoordinator.performDatabaseAction(SchemaManagementToolCoordinator.java:289)
	at org.hibernate.tool.schema.spi.SchemaManagementToolCoordinator.lambda$process$5(SchemaManagementToolCoordinator.java:144)
	at java.base/java.util.HashMap.forEach(HashMap.java:1429)
	at org.hibernate.tool.schema.spi.SchemaManagementToolCoordinator.process(SchemaManagementToolCoordinator.java:141)
	at org.hibernate.boot.internal.SessionFactoryObserverForSchemaExport.sessionFactoryCreated(SessionFactoryObserverForSchemaExport.java:37)
	at org.hibernate.internal.SessionFactoryObserverChain.sessionFactoryCreated(SessionFactoryObserverChain.java:35)
	at org.hibernate.internal.SessionFactoryImpl.<init>(SessionFactoryImpl.java:324)
	at org.hibernate.boot.internal.SessionFactoryBuilderImpl.build(SessionFactoryBuilderImpl.java:463)
	at org.hibernate.jpa.boot.internal.EntityManagerFactoryBuilderImpl.build(EntityManagerFactoryBuilderImpl.java:1517)
	at org.springframework.orm.jpa.vendor.SpringHibernateJpaPersistenceProvider.createContainerEntityManagerFactory(SpringHibernateJpaPersistenceProvider.java:66)
	at org.springframework.orm.jpa.LocalContainerEntityManagerFactoryBean.createNativeEntityManagerFactory(LocalContainerEntityManagerFactoryBean.java:390)
	at org.springframework.orm.jpa.AbstractEntityManagerFactoryBean.buildNativeEntityManagerFactory(AbstractEntityManagerFactoryBean.java:419)
	... 22 common frames omitted
[2025-11-03 09:46:59:31344775][restartedMain] INFO  back.code.ModuBackApplication - Starting ModuBackApplication using Java 21.0.7 with PID 16156 (C:\modu_project\modu_back\build\classes\java\main started by sm002 in C:\modu_project\modu_back)
[2025-11-03 09:46:59:31344775][restartedMain] INFO  back.code.ModuBackApplication - No active profile set, falling back to 1 default profile: "default"
[2025-11-03 09:46:59:31345106][restartedMain] INFO  o.s.d.r.c.RepositoryConfigurationDelegate - Bootstrapping Spring Data JPA repositories in DEFAULT mode.
[2025-11-03 09:46:59:31345135][restartedMain] INFO  o.s.d.r.c.RepositoryConfigurationDelegate - Finished Spring Data repository scanning in 27 ms. Found 3 JPA repository interfaces.
[2025-11-03 09:47:00:31345236][restartedMain] INFO  o.s.b.w.e.tomcat.TomcatWebServer - Tomcat initialized with port 9090 (http)
[2025-11-03 09:47:00:31345237][restartedMain] INFO  o.a.coyote.http11.Http11NioProtocol - Initializing ProtocolHandler ["http-nio-9090"]
[2025-11-03 09:47:00:31345237][restartedMain] INFO  o.a.catalina.core.StandardService - Starting service [Tomcat]
[2025-11-03 09:47:00:31345237][restartedMain] INFO  o.a.catalina.core.StandardEngine - Starting Servlet engine: [Apache Tomcat/10.1.48]
[2025-11-03 09:47:00:31345301][restartedMain] INFO  o.a.c.c.C.[.[localhost].[/] - Initializing Spring embedded WebApplicationContext
[2025-11-03 09:47:00:31345301][restartedMain] INFO  o.s.b.w.s.c.ServletWebServerApplicationContext - Root WebApplicationContext: initialization completed in 525 ms
[2025-11-03 09:47:00:31345351][restartedMain] INFO  o.h.jpa.internal.util.LogHelper - HHH000204: Processing PersistenceUnitInfo [name: default]
[2025-11-03 09:47:00:31345357][restartedMain] INFO  o.h.c.i.RegionFactoryInitiator - HHH000026: Second-level cache disabled
[2025-11-03 09:47:00:31345366][restartedMain] INFO  o.s.o.j.p.SpringPersistenceUnitInfo - No LoadTimeWeaver setup: ignoring JPA class transformer
[2025-11-03 09:47:00:31345366][restartedMain] INFO  com.zaxxer.hikari.HikariDataSource - HikariPool-20 - Starting...
[2025-11-03 09:47:00:31345373][restartedMain] INFO  com.zaxxer.hikari.pool.HikariPool - HikariPool-20 - Added connection org.mariadb.jdbc.Connection@2a30960a
[2025-11-03 09:47:00:31345373][restartedMain] INFO  com.zaxxer.hikari.HikariDataSource - HikariPool-20 - Start completed.
[2025-11-03 09:47:00:31345375][restartedMain] WARN  org.hibernate.orm.deprecation - HHH90000025: MariaDBDialect does not need to be specified explicitly using 'hibernate.dialect' (remove the property setting and it will be selected by default)
[2025-11-03 09:47:00:31345375][restartedMain] INFO  o.hibernate.orm.connections.pooling - HHH10001005: Database info:
	Database JDBC URL [Connecting through datasource 'p6SpyDataSourceDecorator [com.p6spy.engine.spy.P6DataSource] -> dataSource [com.zaxxer.hikari.HikariDataSource]']
	Database driver: undefined/unknown
	Database version: 11.8.2
	Autocommit mode: undefined/unknown
	Isolation level: undefined/unknown
	Minimum pool size: undefined/unknown
	Maximum pool size: undefined/unknown
[2025-11-03 09:47:00:31345375][restartedMain] DEBUG o.h.t.d.sql.spi.DdlTypeRegistry - addDescriptor(12, org.hibernate.type.descriptor.sql.internal.CapacityDependentDdlType@664dceb3) replaced previous registration(org.hibernate.type.descriptor.sql.internal.CapacityDependentDdlType@57b7dedc)
[2025-11-03 09:47:00:31345375][restartedMain] DEBUG o.h.t.d.sql.spi.DdlTypeRegistry - addDescriptor(-9, org.hibernate.type.descriptor.sql.internal.CapacityDependentDdlType@243f937d) replaced previous registration(org.hibernate.type.descriptor.sql.internal.CapacityDependentDdlType@be7b016)
[2025-11-03 09:47:00:31345375][restartedMain] DEBUG o.h.t.d.sql.spi.DdlTypeRegistry - addDescriptor(-3, org.hibernate.type.descriptor.sql.internal.CapacityDependentDdlType@3d7cf8f) replaced previous registration(org.hibernate.type.descriptor.sql.internal.CapacityDependentDdlType@6a7fa017)
[2025-11-03 09:47:00:31345375][restartedMain] DEBUG o.h.t.d.sql.spi.DdlTypeRegistry - addDescriptor(4003, org.hibernate.type.descriptor.sql.internal.DdlTypeImpl@3203725e) replaced previous registration(org.hibernate.type.descriptor.sql.internal.DdlTypeImpl@4d20308)
[2025-11-03 09:47:00:31345375][restartedMain] DEBUG o.h.t.d.sql.spi.DdlTypeRegistry - addDescriptor(4001, org.hibernate.type.descriptor.sql.internal.DdlTypeImpl@39441faa) replaced previous registration(org.hibernate.type.descriptor.sql.internal.DdlTypeImpl@2eac7f8d)
[2025-11-03 09:47:00:31345375][restartedMain] DEBUG o.h.t.d.sql.spi.DdlTypeRegistry - addDescriptor(4002, org.hibernate.type.descriptor.sql.internal.DdlTypeImpl@7947984) replaced previous registration(org.hibernate.type.descriptor.sql.internal.DdlTypeImpl@13caf03d)
[2025-11-03 09:47:00:31345375][restartedMain] DEBUG o.h.t.d.sql.spi.DdlTypeRegistry - addDescriptor(2004, org.hibernate.type.descriptor.sql.internal.CapacityDependentDdlType@a6a14a1) replaced previous registration(org.hibernate.type.descriptor.sql.internal.DdlTypeImpl@47f74276)
[2025-11-03 09:47:00:31345375][restartedMain] DEBUG o.h.t.d.sql.spi.DdlTypeRegistry - addDescriptor(2005, org.hibernate.type.descriptor.sql.internal.CapacityDependentDdlType@630b4b55) replaced previous registration(org.hibernate.type.descriptor.sql.internal.DdlTypeImpl@27840411)
[2025-11-03 09:47:00:31345375][restartedMain] DEBUG o.h.t.d.sql.spi.DdlTypeRegistry - addDescriptor(2011, org.hibernate.type.descriptor.sql.internal.CapacityDependentDdlType@7d91d35c) replaced previous registration(org.hibernate.type.descriptor.sql.internal.DdlTypeImpl@88da6a)
[2025-11-03 09:47:00:31345445][restartedMain] INFO  o.h.e.t.j.p.i.JtaPlatformInitiator - HHH000489: No JTA platform available (set 'hibernate.transaction.jta.platform' to enable JTA platform integration)
[2025-11-03 09:47:00:31345448][restartedMain] INFO  p6spy - #1762130820286 | took 1ms | statement | connection 43| url jdbc:mariadb://localhost/modu?user=root&password=***&prepStmtCacheSqlLimit=2048&useServerPrepStmts=true
select table_name from information_schema.TABLES where table_schema=database() and table_type='SEQUENCE'
select table_name from information_schema.TABLES where table_schema=database() and table_type='SEQUENCE';
[2025-11-03 09:47:00:31345467][restartedMain] ERROR o.s.o.j.LocalContainerEntityManagerFactoryBean - Failed to initialize JPA EntityManagerFactory: [PersistenceUnit: default] Unable to build Hibernate SessionFactory; nested exception is org.hibernate.tool.schema.spi.SchemaManagementException: Schema-validation: missing column [create_at] in table [user_setting]
[2025-11-03 09:47:00:31345467][restartedMain] WARN  o.s.b.w.s.c.AnnotationConfigServletWebServerApplicationContext - Exception encountered during context initialization - cancelling refresh attempt: org.springframework.beans.factory.BeanCreationException: Error creating bean with name 'entityManagerFactory' defined in class path resource [org/springframework/boot/autoconfigure/orm/jpa/HibernateJpaConfiguration.class]: [PersistenceUnit: default] Unable to build Hibernate SessionFactory; nested exception is org.hibernate.tool.schema.spi.SchemaManagementException: Schema-validation: missing column [create_at] in table [user_setting]
[2025-11-03 09:47:00:31345467][restartedMain] INFO  com.zaxxer.hikari.HikariDataSource - HikariPool-20 - Shutdown initiated...
[2025-11-03 09:47:00:31345468][restartedMain] INFO  com.zaxxer.hikari.HikariDataSource - HikariPool-20 - Shutdown completed.
[2025-11-03 09:47:00:31345469][restartedMain] INFO  o.a.catalina.core.StandardService - Stopping service [Tomcat]
[2025-11-03 09:47:00:31345472][restartedMain] INFO  o.s.b.a.l.ConditionEvaluationReportLogger - 

Error starting ApplicationContext. To display the condition evaluation report re-run your application with 'debug' enabled.
[2025-11-03 09:47:00:31345472][restartedMain] ERROR o.s.boot.SpringApplication - Application run failed
org.springframework.beans.factory.BeanCreationException: Error creating bean with name 'entityManagerFactory' defined in class path resource [org/springframework/boot/autoconfigure/orm/jpa/HibernateJpaConfiguration.class]: [PersistenceUnit: default] Unable to build Hibernate SessionFactory; nested exception is org.hibernate.tool.schema.spi.SchemaManagementException: Schema-validation: missing column [create_at] in table [user_setting]
	at org.springframework.beans.factory.support.AbstractAutowireCapableBeanFactory.initializeBean(AbstractAutowireCapableBeanFactory.java:1826)
	at org.springframework.beans.factory.support.AbstractAutowireCapableBeanFactory.doCreateBean(AbstractAutowireCapableBeanFactory.java:607)
	at org.springframework.beans.factory.support.AbstractAutowireCapableBeanFactory.createBean(AbstractAutowireCapableBeanFactory.java:529)
	at org.springframework.beans.factory.support.AbstractBeanFactory.lambda$doGetBean$0(AbstractBeanFactory.java:339)
	at org.springframework.beans.factory.support.DefaultSingletonBeanRegistry.getSingleton(DefaultSingletonBeanRegistry.java:373)
	at org.springframework.beans.factory.support.AbstractBeanFactory.doGetBean(AbstractBeanFactory.java:337)
	at org.springframework.beans.factory.support.AbstractBeanFactory.getBean(AbstractBeanFactory.java:207)
	at org.springframework.context.support.AbstractApplicationContext.finishBeanFactoryInitialization(AbstractApplicationContext.java:973)
	at org.springframework.context.support.AbstractApplicationContext.refresh(AbstractApplicationContext.java:627)
	at org.springframework.boot.web.servlet.context.ServletWebServerApplicationContext.refresh(ServletWebServerApplicationContext.java:146)
	at org.springframework.boot.SpringApplication.refresh(SpringApplication.java:752)
	at org.springframework.boot.SpringApplication.refreshContext(SpringApplication.java:439)
	at org.springframework.boot.SpringApplication.run(SpringApplication.java:318)
	at org.springframework.boot.SpringApplication.run(SpringApplication.java:1361)
	at org.springframework.boot.SpringApplication.run(SpringApplication.java:1350)
	at back.code.ModuBackApplication.main(ModuBackApplication.java:10)
	at java.base/jdk.internal.reflect.DirectMethodHandleAccessor.invoke(DirectMethodHandleAccessor.java:103)
	at java.base/java.lang.reflect.Method.invoke(Method.java:580)
	at org.springframework.boot.devtools.restart.RestartLauncher.run(RestartLauncher.java:50)
Caused by: jakarta.persistence.PersistenceException: [PersistenceUnit: default] Unable to build Hibernate SessionFactory; nested exception is org.hibernate.tool.schema.spi.SchemaManagementException: Schema-validation: missing column [create_at] in table [user_setting]
	at org.springframework.orm.jpa.AbstractEntityManagerFactoryBean.buildNativeEntityManagerFactory(AbstractEntityManagerFactoryBean.java:431)
	at org.springframework.orm.jpa.AbstractEntityManagerFactoryBean.afterPropertiesSet(AbstractEntityManagerFactoryBean.java:400)
	at org.springframework.orm.jpa.LocalContainerEntityManagerFactoryBean.afterPropertiesSet(LocalContainerEntityManagerFactoryBean.java:366)
	at org.springframework.beans.factory.support.AbstractAutowireCapableBeanFactory.invokeInitMethods(AbstractAutowireCapableBeanFactory.java:1873)
	at org.springframework.beans.factory.support.AbstractAutowireCapableBeanFactory.initializeBean(AbstractAutowireCapableBeanFactory.java:1822)
	... 18 common frames omitted
Caused by: org.hibernate.tool.schema.spi.SchemaManagementException: Schema-validation: missing column [create_at] in table [user_setting]
	at org.hibernate.tool.schema.internal.AbstractSchemaValidator.validateTable(AbstractSchemaValidator.java:149)
	at org.hibernate.tool.schema.internal.GroupedSchemaValidatorImpl.validateTables(GroupedSchemaValidatorImpl.java:46)
	at org.hibernate.tool.schema.internal.AbstractSchemaValidator.performValidation(AbstractSchemaValidator.java:99)
	at org.hibernate.tool.schema.internal.AbstractSchemaValidator.doValidation(AbstractSchemaValidator.java:77)
	at org.hibernate.tool.schema.spi.SchemaManagementToolCoordinator.performDatabaseAction(SchemaManagementToolCoordinator.java:289)
	at org.hibernate.tool.schema.spi.SchemaManagementToolCoordinator.lambda$process$5(SchemaManagementToolCoordinator.java:144)
	at java.base/java.util.HashMap.forEach(HashMap.java:1429)
	at org.hibernate.tool.schema.spi.SchemaManagementToolCoordinator.process(SchemaManagementToolCoordinator.java:141)
	at org.hibernate.boot.internal.SessionFactoryObserverForSchemaExport.sessionFactoryCreated(SessionFactoryObserverForSchemaExport.java:37)
	at org.hibernate.internal.SessionFactoryObserverChain.sessionFactoryCreated(SessionFactoryObserverChain.java:35)
	at org.hibernate.internal.SessionFactoryImpl.<init>(SessionFactoryImpl.java:324)
	at org.hibernate.boot.internal.SessionFactoryBuilderImpl.build(SessionFactoryBuilderImpl.java:463)
	at org.hibernate.jpa.boot.internal.EntityManagerFactoryBuilderImpl.build(EntityManagerFactoryBuilderImpl.java:1517)
	at org.springframework.orm.jpa.vendor.SpringHibernateJpaPersistenceProvider.createContainerEntityManagerFactory(SpringHibernateJpaPersistenceProvider.java:66)
	at org.springframework.orm.jpa.LocalContainerEntityManagerFactoryBean.createNativeEntityManagerFactory(LocalContainerEntityManagerFactoryBean.java:390)
	at org.springframework.orm.jpa.AbstractEntityManagerFactoryBean.buildNativeEntityManagerFactory(AbstractEntityManagerFactoryBean.java:419)
	... 22 common frames omitted
[2025-11-03 09:48:49:31454843][restartedMain] INFO  back.code.ModuBackApplication - Starting ModuBackApplication using Java 21.0.7 with PID 16156 (C:\modu_project\modu_back\build\classes\java\main started by sm002 in C:\modu_project\modu_back)
[2025-11-03 09:48:49:31454843][restartedMain] INFO  back.code.ModuBackApplication - No active profile set, falling back to 1 default profile: "default"
[2025-11-03 09:48:49:31455118][restartedMain] INFO  o.s.d.r.c.RepositoryConfigurationDelegate - Bootstrapping Spring Data JPA repositories in DEFAULT mode.
[2025-11-03 09:48:49:31455146][restartedMain] INFO  o.s.d.r.c.RepositoryConfigurationDelegate - Finished Spring Data repository scanning in 27 ms. Found 3 JPA repository interfaces.
[2025-11-03 09:48:50:31455269][restartedMain] INFO  o.s.b.w.e.tomcat.TomcatWebServer - Tomcat initialized with port 9090 (http)
[2025-11-03 09:48:50:31455270][restartedMain] INFO  o.a.coyote.http11.Http11NioProtocol - Initializing ProtocolHandler ["http-nio-9090"]
[2025-11-03 09:48:50:31455270][restartedMain] INFO  o.a.catalina.core.StandardService - Starting service [Tomcat]
[2025-11-03 09:48:50:31455270][restartedMain] INFO  o.a.catalina.core.StandardEngine - Starting Servlet engine: [Apache Tomcat/10.1.48]
[2025-11-03 09:48:50:31455305][restartedMain] INFO  o.a.c.c.C.[.[localhost].[/] - Initializing Spring embedded WebApplicationContext
[2025-11-03 09:48:50:31455305][restartedMain] INFO  o.s.b.w.s.c.ServletWebServerApplicationContext - Root WebApplicationContext: initialization completed in 460 ms
[2025-11-03 09:48:50:31455347][restartedMain] INFO  o.h.jpa.internal.util.LogHelper - HHH000204: Processing PersistenceUnitInfo [name: default]
[2025-11-03 09:48:50:31455350][restartedMain] INFO  o.h.c.i.RegionFactoryInitiator - HHH000026: Second-level cache disabled
[2025-11-03 09:48:50:31455357][restartedMain] INFO  o.s.o.j.p.SpringPersistenceUnitInfo - No LoadTimeWeaver setup: ignoring JPA class transformer
[2025-11-03 09:48:50:31455357][restartedMain] INFO  com.zaxxer.hikari.HikariDataSource - HikariPool-21 - Starting...
[2025-11-03 09:48:50:31455360][restartedMain] INFO  com.zaxxer.hikari.pool.HikariPool - HikariPool-21 - Added connection org.mariadb.jdbc.Connection@2d39a6a2
[2025-11-03 09:48:50:31455361][restartedMain] INFO  com.zaxxer.hikari.HikariDataSource - HikariPool-21 - Start completed.
[2025-11-03 09:48:50:31455361][restartedMain] WARN  org.hibernate.orm.deprecation - HHH90000025: MariaDBDialect does not need to be specified explicitly using 'hibernate.dialect' (remove the property setting and it will be selected by default)
[2025-11-03 09:48:50:31455361][restartedMain] INFO  o.hibernate.orm.connections.pooling - HHH10001005: Database info:
	Database JDBC URL [Connecting through datasource 'p6SpyDataSourceDecorator [com.p6spy.engine.spy.P6DataSource] -> dataSource [com.zaxxer.hikari.HikariDataSource]']
	Database driver: undefined/unknown
	Database version: 11.8.2
	Autocommit mode: undefined/unknown
	Isolation level: undefined/unknown
	Minimum pool size: undefined/unknown
	Maximum pool size: undefined/unknown
[2025-11-03 09:48:50:31455363][restartedMain] DEBUG o.h.t.d.sql.spi.DdlTypeRegistry - addDescriptor(12, org.hibernate.type.descriptor.sql.internal.CapacityDependentDdlType@162f5a53) replaced previous registration(org.hibernate.type.descriptor.sql.internal.CapacityDependentDdlType@126c9a30)
[2025-11-03 09:48:50:31455363][restartedMain] DEBUG o.h.t.d.sql.spi.DdlTypeRegistry - addDescriptor(-9, org.hibernate.type.descriptor.sql.internal.CapacityDependentDdlType@15d230f1) replaced previous registration(org.hibernate.type.descriptor.sql.internal.CapacityDependentDdlType@1779f5b2)
[2025-11-03 09:48:50:31455363][restartedMain] DEBUG o.h.t.d.sql.spi.DdlTypeRegistry - addDescriptor(-3, org.hibernate.type.descriptor.sql.internal.CapacityDependentDdlType@7be8c8cc) replaced previous registration(org.hibernate.type.descriptor.sql.internal.CapacityDependentDdlType@da3609b)
[2025-11-03 09:48:50:31455363][restartedMain] DEBUG o.h.t.d.sql.spi.DdlTypeRegistry - addDescriptor(4003, org.hibernate.type.descriptor.sql.internal.DdlTypeImpl@9f29c66) replaced previous registration(org.hibernate.type.descriptor.sql.internal.DdlTypeImpl@51fe3c8f)
[2025-11-03 09:48:50:31455363][restartedMain] DEBUG o.h.t.d.sql.spi.DdlTypeRegistry - addDescriptor(4001, org.hibernate.type.descriptor.sql.internal.DdlTypeImpl@6c6d30d4) replaced previous registration(org.hibernate.type.descriptor.sql.internal.DdlTypeImpl@7a5c227a)
[2025-11-03 09:48:50:31455363][restartedMain] DEBUG o.h.t.d.sql.spi.DdlTypeRegistry - addDescriptor(4002, org.hibernate.type.descriptor.sql.internal.DdlTypeImpl@675080fb) replaced previous registration(org.hibernate.type.descriptor.sql.internal.DdlTypeImpl@47eac2da)
[2025-11-03 09:48:50:31455363][restartedMain] DEBUG o.h.t.d.sql.spi.DdlTypeRegistry - addDescriptor(2004, org.hibernate.type.descriptor.sql.internal.CapacityDependentDdlType@4204b163) replaced previous registration(org.hibernate.type.descriptor.sql.internal.DdlTypeImpl@595004ab)
[2025-11-03 09:48:50:31455363][restartedMain] DEBUG o.h.t.d.sql.spi.DdlTypeRegistry - addDescriptor(2005, org.hibernate.type.descriptor.sql.internal.CapacityDependentDdlType@3a640022) replaced previous registration(org.hibernate.type.descriptor.sql.internal.DdlTypeImpl@2b89e9a6)
[2025-11-03 09:48:50:31455363][restartedMain] DEBUG o.h.t.d.sql.spi.DdlTypeRegistry - addDescriptor(2011, org.hibernate.type.descriptor.sql.internal.CapacityDependentDdlType@4c61ca1d) replaced previous registration(org.hibernate.type.descriptor.sql.internal.DdlTypeImpl@15cdea66)
[2025-11-03 09:48:50:31455424][restartedMain] INFO  o.h.e.t.j.p.i.JtaPlatformInitiator - HHH000489: No JTA platform available (set 'hibernate.transaction.jta.platform' to enable JTA platform integration)
[2025-11-03 09:48:50:31455425][restartedMain] INFO  p6spy - #1762130930263 | took 1ms | statement | connection 45| url jdbc:mariadb://localhost/modu?user=root&password=***&prepStmtCacheSqlLimit=2048&useServerPrepStmts=true
select table_name from information_schema.TABLES where table_schema=database() and table_type='SEQUENCE'
select table_name from information_schema.TABLES where table_schema=database() and table_type='SEQUENCE';
[2025-11-03 09:48:50:31455455][restartedMain] ERROR o.s.o.j.LocalContainerEntityManagerFactoryBean - Failed to initialize JPA EntityManagerFactory: [PersistenceUnit: default] Unable to build Hibernate SessionFactory; nested exception is org.hibernate.tool.schema.spi.SchemaManagementException: Schema-validation: missing column [create_at] in table [user_setting]
[2025-11-03 09:48:50:31455455][restartedMain] WARN  o.s.b.w.s.c.AnnotationConfigServletWebServerApplicationContext - Exception encountered during context initialization - cancelling refresh attempt: org.springframework.beans.factory.BeanCreationException: Error creating bean with name 'entityManagerFactory' defined in class path resource [org/springframework/boot/autoconfigure/orm/jpa/HibernateJpaConfiguration.class]: [PersistenceUnit: default] Unable to build Hibernate SessionFactory; nested exception is org.hibernate.tool.schema.spi.SchemaManagementException: Schema-validation: missing column [create_at] in table [user_setting]
[2025-11-03 09:48:50:31455455][restartedMain] INFO  com.zaxxer.hikari.HikariDataSource - HikariPool-21 - Shutdown initiated...
[2025-11-03 09:48:50:31455457][restartedMain] INFO  com.zaxxer.hikari.HikariDataSource - HikariPool-21 - Shutdown completed.
[2025-11-03 09:48:50:31455460][restartedMain] INFO  o.a.catalina.core.StandardService - Stopping service [Tomcat]
[2025-11-03 09:48:50:31455469][restartedMain] INFO  o.s.b.a.l.ConditionEvaluationReportLogger - 

Error starting ApplicationContext. To display the condition evaluation report re-run your application with 'debug' enabled.
[2025-11-03 09:48:50:31455475][restartedMain] ERROR o.s.boot.SpringApplication - Application run failed
org.springframework.beans.factory.BeanCreationException: Error creating bean with name 'entityManagerFactory' defined in class path resource [org/springframework/boot/autoconfigure/orm/jpa/HibernateJpaConfiguration.class]: [PersistenceUnit: default] Unable to build Hibernate SessionFactory; nested exception is org.hibernate.tool.schema.spi.SchemaManagementException: Schema-validation: missing column [create_at] in table [user_setting]
	at org.springframework.beans.factory.support.AbstractAutowireCapableBeanFactory.initializeBean(AbstractAutowireCapableBeanFactory.java:1826)
	at org.springframework.beans.factory.support.AbstractAutowireCapableBeanFactory.doCreateBean(AbstractAutowireCapableBeanFactory.java:607)
	at org.springframework.beans.factory.support.AbstractAutowireCapableBeanFactory.createBean(AbstractAutowireCapableBeanFactory.java:529)
	at org.springframework.beans.factory.support.AbstractBeanFactory.lambda$doGetBean$0(AbstractBeanFactory.java:339)
	at org.springframework.beans.factory.support.DefaultSingletonBeanRegistry.getSingleton(DefaultSingletonBeanRegistry.java:373)
	at org.springframework.beans.factory.support.AbstractBeanFactory.doGetBean(AbstractBeanFactory.java:337)
	at org.springframework.beans.factory.support.AbstractBeanFactory.getBean(AbstractBeanFactory.java:207)
	at org.springframework.context.support.AbstractApplicationContext.finishBeanFactoryInitialization(AbstractApplicationContext.java:973)
	at org.springframework.context.support.AbstractApplicationContext.refresh(AbstractApplicationContext.java:627)
	at org.springframework.boot.web.servlet.context.ServletWebServerApplicationContext.refresh(ServletWebServerApplicationContext.java:146)
	at org.springframework.boot.SpringApplication.refresh(SpringApplication.java:752)
	at org.springframework.boot.SpringApplication.refreshContext(SpringApplication.java:439)
	at org.springframework.boot.SpringApplication.run(SpringApplication.java:318)
	at org.springframework.boot.SpringApplication.run(SpringApplication.java:1361)
	at org.springframework.boot.SpringApplication.run(SpringApplication.java:1350)
	at back.code.ModuBackApplication.main(ModuBackApplication.java:10)
	at java.base/jdk.internal.reflect.DirectMethodHandleAccessor.invoke(DirectMethodHandleAccessor.java:103)
	at java.base/java.lang.reflect.Method.invoke(Method.java:580)
	at org.springframework.boot.devtools.restart.RestartLauncher.run(RestartLauncher.java:50)
Caused by: jakarta.persistence.PersistenceException: [PersistenceUnit: default] Unable to build Hibernate SessionFactory; nested exception is org.hibernate.tool.schema.spi.SchemaManagementException: Schema-validation: missing column [create_at] in table [user_setting]
	at org.springframework.orm.jpa.AbstractEntityManagerFactoryBean.buildNativeEntityManagerFactory(AbstractEntityManagerFactoryBean.java:431)
	at org.springframework.orm.jpa.AbstractEntityManagerFactoryBean.afterPropertiesSet(AbstractEntityManagerFactoryBean.java:400)
	at org.springframework.orm.jpa.LocalContainerEntityManagerFactoryBean.afterPropertiesSet(LocalContainerEntityManagerFactoryBean.java:366)
	at org.springframework.beans.factory.support.AbstractAutowireCapableBeanFactory.invokeInitMethods(AbstractAutowireCapableBeanFactory.java:1873)
	at org.springframework.beans.factory.support.AbstractAutowireCapableBeanFactory.initializeBean(AbstractAutowireCapableBeanFactory.java:1822)
	... 18 common frames omitted
Caused by: org.hibernate.tool.schema.spi.SchemaManagementException: Schema-validation: missing column [create_at] in table [user_setting]
	at org.hibernate.tool.schema.internal.AbstractSchemaValidator.validateTable(AbstractSchemaValidator.java:149)
	at org.hibernate.tool.schema.internal.GroupedSchemaValidatorImpl.validateTables(GroupedSchemaValidatorImpl.java:46)
	at org.hibernate.tool.schema.internal.AbstractSchemaValidator.performValidation(AbstractSchemaValidator.java:99)
	at org.hibernate.tool.schema.internal.AbstractSchemaValidator.doValidation(AbstractSchemaValidator.java:77)
	at org.hibernate.tool.schema.spi.SchemaManagementToolCoordinator.performDatabaseAction(SchemaManagementToolCoordinator.java:289)
	at org.hibernate.tool.schema.spi.SchemaManagementToolCoordinator.lambda$process$5(SchemaManagementToolCoordinator.java:144)
	at java.base/java.util.HashMap.forEach(HashMap.java:1429)
	at org.hibernate.tool.schema.spi.SchemaManagementToolCoordinator.process(SchemaManagementToolCoordinator.java:141)
	at org.hibernate.boot.internal.SessionFactoryObserverForSchemaExport.sessionFactoryCreated(SessionFactoryObserverForSchemaExport.java:37)
	at org.hibernate.internal.SessionFactoryObserverChain.sessionFactoryCreated(SessionFactoryObserverChain.java:35)
	at org.hibernate.internal.SessionFactoryImpl.<init>(SessionFactoryImpl.java:324)
	at org.hibernate.boot.internal.SessionFactoryBuilderImpl.build(SessionFactoryBuilderImpl.java:463)
	at org.hibernate.jpa.boot.internal.EntityManagerFactoryBuilderImpl.build(EntityManagerFactoryBuilderImpl.java:1517)
	at org.springframework.orm.jpa.vendor.SpringHibernateJpaPersistenceProvider.createContainerEntityManagerFactory(SpringHibernateJpaPersistenceProvider.java:66)
	at org.springframework.orm.jpa.LocalContainerEntityManagerFactoryBean.createNativeEntityManagerFactory(LocalContainerEntityManagerFactoryBean.java:390)
	at org.springframework.orm.jpa.AbstractEntityManagerFactoryBean.buildNativeEntityManagerFactory(AbstractEntityManagerFactoryBean.java:419)
	... 22 common frames omitted
[2025-11-03 09:48:56:31462055][restartedMain] INFO  back.code.ModuBackApplication - Starting ModuBackApplication using Java 21.0.7 with PID 16156 (C:\modu_project\modu_back\build\classes\java\main started by sm002 in C:\modu_project\modu_back)
[2025-11-03 09:48:56:31462055][restartedMain] INFO  back.code.ModuBackApplication - No active profile set, falling back to 1 default profile: "default"
[2025-11-03 09:48:57:31462364][restartedMain] INFO  o.s.d.r.c.RepositoryConfigurationDelegate - Bootstrapping Spring Data JPA repositories in DEFAULT mode.
[2025-11-03 09:48:57:31462399][restartedMain] INFO  o.s.d.r.c.RepositoryConfigurationDelegate - Finished Spring Data repository scanning in 34 ms. Found 3 JPA repository interfaces.
[2025-11-03 09:48:57:31462497][restartedMain] INFO  o.s.b.w.e.tomcat.TomcatWebServer - Tomcat initialized with port 9090 (http)
[2025-11-03 09:48:57:31462498][restartedMain] INFO  o.a.coyote.http11.Http11NioProtocol - Initializing ProtocolHandler ["http-nio-9090"]
[2025-11-03 09:48:57:31462498][restartedMain] INFO  o.a.catalina.core.StandardService - Starting service [Tomcat]
[2025-11-03 09:48:57:31462498][restartedMain] INFO  o.a.catalina.core.StandardEngine - Starting Servlet engine: [Apache Tomcat/10.1.48]
[2025-11-03 09:48:57:31462528][restartedMain] INFO  o.a.c.c.C.[.[localhost].[/] - Initializing Spring embedded WebApplicationContext
[2025-11-03 09:48:57:31462528][restartedMain] INFO  o.s.b.w.s.c.ServletWebServerApplicationContext - Root WebApplicationContext: initialization completed in 471 ms
[2025-11-03 09:48:57:31462572][restartedMain] INFO  o.h.jpa.internal.util.LogHelper - HHH000204: Processing PersistenceUnitInfo [name: default]
[2025-11-03 09:48:57:31462575][restartedMain] INFO  o.h.c.i.RegionFactoryInitiator - HHH000026: Second-level cache disabled
[2025-11-03 09:48:57:31462586][restartedMain] INFO  o.s.o.j.p.SpringPersistenceUnitInfo - No LoadTimeWeaver setup: ignoring JPA class transformer
[2025-11-03 09:48:57:31462587][restartedMain] INFO  com.zaxxer.hikari.HikariDataSource - HikariPool-22 - Starting...
[2025-11-03 09:48:57:31462591][restartedMain] INFO  com.zaxxer.hikari.pool.HikariPool - HikariPool-22 - Added connection org.mariadb.jdbc.Connection@65615d4b
[2025-11-03 09:48:57:31462591][restartedMain] INFO  com.zaxxer.hikari.HikariDataSource - HikariPool-22 - Start completed.
[2025-11-03 09:48:57:31462591][restartedMain] WARN  org.hibernate.orm.deprecation - HHH90000025: MariaDBDialect does not need to be specified explicitly using 'hibernate.dialect' (remove the property setting and it will be selected by default)
[2025-11-03 09:48:57:31462591][restartedMain] INFO  o.hibernate.orm.connections.pooling - HHH10001005: Database info:
	Database JDBC URL [Connecting through datasource 'p6SpyDataSourceDecorator [com.p6spy.engine.spy.P6DataSource] -> dataSource [com.zaxxer.hikari.HikariDataSource]']
	Database driver: undefined/unknown
	Database version: 11.8.2
	Autocommit mode: undefined/unknown
	Isolation level: undefined/unknown
	Minimum pool size: undefined/unknown
	Maximum pool size: undefined/unknown
[2025-11-03 09:48:57:31462592][restartedMain] DEBUG o.h.t.d.sql.spi.DdlTypeRegistry - addDescriptor(12, org.hibernate.type.descriptor.sql.internal.CapacityDependentDdlType@40275c1c) replaced previous registration(org.hibernate.type.descriptor.sql.internal.CapacityDependentDdlType@59b7a47a)
[2025-11-03 09:48:57:31462592][restartedMain] DEBUG o.h.t.d.sql.spi.DdlTypeRegistry - addDescriptor(-9, org.hibernate.type.descriptor.sql.internal.CapacityDependentDdlType@74ec9b52) replaced previous registration(org.hibernate.type.descriptor.sql.internal.CapacityDependentDdlType@1266a41c)
[2025-11-03 09:48:57:31462592][restartedMain] DEBUG o.h.t.d.sql.spi.DdlTypeRegistry - addDescriptor(-3, org.hibernate.type.descriptor.sql.internal.CapacityDependentDdlType@685bddf0) replaced previous registration(org.hibernate.type.descriptor.sql.internal.CapacityDependentDdlType@cab20f5)
[2025-11-03 09:48:57:31462592][restartedMain] DEBUG o.h.t.d.sql.spi.DdlTypeRegistry - addDescriptor(4003, org.hibernate.type.descriptor.sql.internal.DdlTypeImpl@1c0d0c39) replaced previous registration(org.hibernate.type.descriptor.sql.internal.DdlTypeImpl@3b6c0de0)
[2025-11-03 09:48:57:31462592][restartedMain] DEBUG o.h.t.d.sql.spi.DdlTypeRegistry - addDescriptor(4001, org.hibernate.type.descriptor.sql.internal.DdlTypeImpl@deee320) replaced previous registration(org.hibernate.type.descriptor.sql.internal.DdlTypeImpl@5897c6e0)
[2025-11-03 09:48:57:31462592][restartedMain] DEBUG o.h.t.d.sql.spi.DdlTypeRegistry - addDescriptor(4002, org.hibernate.type.descriptor.sql.internal.DdlTypeImpl@2c8f750f) replaced previous registration(org.hibernate.type.descriptor.sql.internal.DdlTypeImpl@77d76e73)
[2025-11-03 09:48:57:31462592][restartedMain] DEBUG o.h.t.d.sql.spi.DdlTypeRegistry - addDescriptor(2004, org.hibernate.type.descriptor.sql.internal.CapacityDependentDdlType@d5a644a) replaced previous registration(org.hibernate.type.descriptor.sql.internal.DdlTypeImpl@6b9c13c7)
[2025-11-03 09:48:57:31462592][restartedMain] DEBUG o.h.t.d.sql.spi.DdlTypeRegistry - addDescriptor(2005, org.hibernate.type.descriptor.sql.internal.CapacityDependentDdlType@3c6c24b6) replaced previous registration(org.hibernate.type.descriptor.sql.internal.DdlTypeImpl@708471be)
[2025-11-03 09:48:57:31462592][restartedMain] DEBUG o.h.t.d.sql.spi.DdlTypeRegistry - addDescriptor(2011, org.hibernate.type.descriptor.sql.internal.CapacityDependentDdlType@2ea233d0) replaced previous registration(org.hibernate.type.descriptor.sql.internal.DdlTypeImpl@25ab1fe8)
[2025-11-03 09:48:57:31462638][restartedMain] INFO  o.h.e.t.j.p.i.JtaPlatformInitiator - HHH000489: No JTA platform available (set 'hibernate.transaction.jta.platform' to enable JTA platform integration)
[2025-11-03 09:48:57:31462638][restartedMain] INFO  p6spy - #1762130937476 | took 0ms | statement | connection 47| url jdbc:mariadb://localhost/modu?user=root&password=***&prepStmtCacheSqlLimit=2048&useServerPrepStmts=true
select table_name from information_schema.TABLES where table_schema=database() and table_type='SEQUENCE'
select table_name from information_schema.TABLES where table_schema=database() and table_type='SEQUENCE';
[2025-11-03 09:48:57:31462657][restartedMain] ERROR o.s.o.j.LocalContainerEntityManagerFactoryBean - Failed to initialize JPA EntityManagerFactory: [PersistenceUnit: default] Unable to build Hibernate SessionFactory; nested exception is org.hibernate.tool.schema.spi.SchemaManagementException: Schema-validation: missing column [create_at] in table [user_setting]
[2025-11-03 09:48:57:31462657][restartedMain] WARN  o.s.b.w.s.c.AnnotationConfigServletWebServerApplicationContext - Exception encountered during context initialization - cancelling refresh attempt: org.springframework.beans.factory.BeanCreationException: Error creating bean with name 'entityManagerFactory' defined in class path resource [org/springframework/boot/autoconfigure/orm/jpa/HibernateJpaConfiguration.class]: [PersistenceUnit: default] Unable to build Hibernate SessionFactory; nested exception is org.hibernate.tool.schema.spi.SchemaManagementException: Schema-validation: missing column [create_at] in table [user_setting]
[2025-11-03 09:48:57:31462657][restartedMain] INFO  com.zaxxer.hikari.HikariDataSource - HikariPool-22 - Shutdown initiated...
[2025-11-03 09:48:57:31462658][restartedMain] INFO  com.zaxxer.hikari.HikariDataSource - HikariPool-22 - Shutdown completed.
[2025-11-03 09:48:57:31462659][restartedMain] INFO  o.a.catalina.core.StandardService - Stopping service [Tomcat]
[2025-11-03 09:48:57:31462663][restartedMain] INFO  o.s.b.a.l.ConditionEvaluationReportLogger - 

Error starting ApplicationContext. To display the condition evaluation report re-run your application with 'debug' enabled.
[2025-11-03 09:48:57:31462667][restartedMain] ERROR o.s.boot.SpringApplication - Application run failed
org.springframework.beans.factory.BeanCreationException: Error creating bean with name 'entityManagerFactory' defined in class path resource [org/springframework/boot/autoconfigure/orm/jpa/HibernateJpaConfiguration.class]: [PersistenceUnit: default] Unable to build Hibernate SessionFactory; nested exception is org.hibernate.tool.schema.spi.SchemaManagementException: Schema-validation: missing column [create_at] in table [user_setting]
	at org.springframework.beans.factory.support.AbstractAutowireCapableBeanFactory.initializeBean(AbstractAutowireCapableBeanFactory.java:1826)
	at org.springframework.beans.factory.support.AbstractAutowireCapableBeanFactory.doCreateBean(AbstractAutowireCapableBeanFactory.java:607)
	at org.springframework.beans.factory.support.AbstractAutowireCapableBeanFactory.createBean(AbstractAutowireCapableBeanFactory.java:529)
	at org.springframework.beans.factory.support.AbstractBeanFactory.lambda$doGetBean$0(AbstractBeanFactory.java:339)
	at org.springframework.beans.factory.support.DefaultSingletonBeanRegistry.getSingleton(DefaultSingletonBeanRegistry.java:373)
	at org.springframework.beans.factory.support.AbstractBeanFactory.doGetBean(AbstractBeanFactory.java:337)
	at org.springframework.beans.factory.support.AbstractBeanFactory.getBean(AbstractBeanFactory.java:207)
	at org.springframework.context.support.AbstractApplicationContext.finishBeanFactoryInitialization(AbstractApplicationContext.java:973)
	at org.springframework.context.support.AbstractApplicationContext.refresh(AbstractApplicationContext.java:627)
	at org.springframework.boot.web.servlet.context.ServletWebServerApplicationContext.refresh(ServletWebServerApplicationContext.java:146)
	at org.springframework.boot.SpringApplication.refresh(SpringApplication.java:752)
	at org.springframework.boot.SpringApplication.refreshContext(SpringApplication.java:439)
	at org.springframework.boot.SpringApplication.run(SpringApplication.java:318)
	at org.springframework.boot.SpringApplication.run(SpringApplication.java:1361)
	at org.springframework.boot.SpringApplication.run(SpringApplication.java:1350)
	at back.code.ModuBackApplication.main(ModuBackApplication.java:10)
	at java.base/jdk.internal.reflect.DirectMethodHandleAccessor.invoke(DirectMethodHandleAccessor.java:103)
	at java.base/java.lang.reflect.Method.invoke(Method.java:580)
	at org.springframework.boot.devtools.restart.RestartLauncher.run(RestartLauncher.java:50)
Caused by: jakarta.persistence.PersistenceException: [PersistenceUnit: default] Unable to build Hibernate SessionFactory; nested exception is org.hibernate.tool.schema.spi.SchemaManagementException: Schema-validation: missing column [create_at] in table [user_setting]
	at org.springframework.orm.jpa.AbstractEntityManagerFactoryBean.buildNativeEntityManagerFactory(AbstractEntityManagerFactoryBean.java:431)
	at org.springframework.orm.jpa.AbstractEntityManagerFactoryBean.afterPropertiesSet(AbstractEntityManagerFactoryBean.java:400)
	at org.springframework.orm.jpa.LocalContainerEntityManagerFactoryBean.afterPropertiesSet(LocalContainerEntityManagerFactoryBean.java:366)
	at org.springframework.beans.factory.support.AbstractAutowireCapableBeanFactory.invokeInitMethods(AbstractAutowireCapableBeanFactory.java:1873)
	at org.springframework.beans.factory.support.AbstractAutowireCapableBeanFactory.initializeBean(AbstractAutowireCapableBeanFactory.java:1822)
	... 18 common frames omitted
Caused by: org.hibernate.tool.schema.spi.SchemaManagementException: Schema-validation: missing column [create_at] in table [user_setting]
	at org.hibernate.tool.schema.internal.AbstractSchemaValidator.validateTable(AbstractSchemaValidator.java:149)
	at org.hibernate.tool.schema.internal.GroupedSchemaValidatorImpl.validateTables(GroupedSchemaValidatorImpl.java:46)
	at org.hibernate.tool.schema.internal.AbstractSchemaValidator.performValidation(AbstractSchemaValidator.java:99)
	at org.hibernate.tool.schema.internal.AbstractSchemaValidator.doValidation(AbstractSchemaValidator.java:77)
	at org.hibernate.tool.schema.spi.SchemaManagementToolCoordinator.performDatabaseAction(SchemaManagementToolCoordinator.java:289)
	at org.hibernate.tool.schema.spi.SchemaManagementToolCoordinator.lambda$process$5(SchemaManagementToolCoordinator.java:144)
	at java.base/java.util.HashMap.forEach(HashMap.java:1429)
	at org.hibernate.tool.schema.spi.SchemaManagementToolCoordinator.process(SchemaManagementToolCoordinator.java:141)
	at org.hibernate.boot.internal.SessionFactoryObserverForSchemaExport.sessionFactoryCreated(SessionFactoryObserverForSchemaExport.java:37)
	at org.hibernate.internal.SessionFactoryObserverChain.sessionFactoryCreated(SessionFactoryObserverChain.java:35)
	at org.hibernate.internal.SessionFactoryImpl.<init>(SessionFactoryImpl.java:324)
	at org.hibernate.boot.internal.SessionFactoryBuilderImpl.build(SessionFactoryBuilderImpl.java:463)
	at org.hibernate.jpa.boot.internal.EntityManagerFactoryBuilderImpl.build(EntityManagerFactoryBuilderImpl.java:1517)
	at org.springframework.orm.jpa.vendor.SpringHibernateJpaPersistenceProvider.createContainerEntityManagerFactory(SpringHibernateJpaPersistenceProvider.java:66)
	at org.springframework.orm.jpa.LocalContainerEntityManagerFactoryBean.createNativeEntityManagerFactory(LocalContainerEntityManagerFactoryBean.java:390)
	at org.springframework.orm.jpa.AbstractEntityManagerFactoryBean.buildNativeEntityManagerFactory(AbstractEntityManagerFactoryBean.java:419)
	... 22 common frames omitted
[2025-11-03 09:48:58:31464152][restartedMain] INFO  back.code.ModuBackApplication - Starting ModuBackApplication using Java 21.0.7 with PID 16156 (C:\modu_project\modu_back\build\classes\java\main started by sm002 in C:\modu_project\modu_back)
[2025-11-03 09:48:58:31464152][restartedMain] INFO  back.code.ModuBackApplication - No active profile set, falling back to 1 default profile: "default"
[2025-11-03 09:48:59:31464367][restartedMain] INFO  o.s.d.r.c.RepositoryConfigurationDelegate - Bootstrapping Spring Data JPA repositories in DEFAULT mode.
[2025-11-03 09:48:59:31464392][restartedMain] INFO  o.s.d.r.c.RepositoryConfigurationDelegate - Finished Spring Data repository scanning in 24 ms. Found 3 JPA repository interfaces.
[2025-11-03 09:48:59:31464480][restartedMain] INFO  o.s.b.w.e.tomcat.TomcatWebServer - Tomcat initialized with port 9090 (http)
[2025-11-03 09:48:59:31464481][restartedMain] INFO  o.a.coyote.http11.Http11NioProtocol - Initializing ProtocolHandler ["http-nio-9090"]
[2025-11-03 09:48:59:31464481][restartedMain] INFO  o.a.catalina.core.StandardService - Starting service [Tomcat]
[2025-11-03 09:48:59:31464481][restartedMain] INFO  o.a.catalina.core.StandardEngine - Starting Servlet engine: [Apache Tomcat/10.1.48]
[2025-11-03 09:48:59:31464535][restartedMain] INFO  o.a.c.c.C.[.[localhost].[/] - Initializing Spring embedded WebApplicationContext
[2025-11-03 09:48:59:31464535][restartedMain] INFO  o.s.b.w.s.c.ServletWebServerApplicationContext - Root WebApplicationContext: initialization completed in 381 ms
[2025-11-03 09:48:59:31464572][restartedMain] INFO  o.h.jpa.internal.util.LogHelper - HHH000204: Processing PersistenceUnitInfo [name: default]
[2025-11-03 09:48:59:31464575][restartedMain] INFO  o.h.c.i.RegionFactoryInitiator - HHH000026: Second-level cache disabled
[2025-11-03 09:48:59:31464580][restartedMain] INFO  o.s.o.j.p.SpringPersistenceUnitInfo - No LoadTimeWeaver setup: ignoring JPA class transformer
[2025-11-03 09:48:59:31464581][restartedMain] INFO  com.zaxxer.hikari.HikariDataSource - HikariPool-23 - Starting...
[2025-11-03 09:48:59:31464584][restartedMain] INFO  com.zaxxer.hikari.pool.HikariPool - HikariPool-23 - Added connection org.mariadb.jdbc.Connection@21378fda
[2025-11-03 09:48:59:31464584][restartedMain] INFO  com.zaxxer.hikari.HikariDataSource - HikariPool-23 - Start completed.
[2025-11-03 09:48:59:31464584][restartedMain] WARN  org.hibernate.orm.deprecation - HHH90000025: MariaDBDialect does not need to be specified explicitly using 'hibernate.dialect' (remove the property setting and it will be selected by default)
[2025-11-03 09:48:59:31464585][restartedMain] INFO  o.hibernate.orm.connections.pooling - HHH10001005: Database info:
	Database JDBC URL [Connecting through datasource 'p6SpyDataSourceDecorator [com.p6spy.engine.spy.P6DataSource] -> dataSource [com.zaxxer.hikari.HikariDataSource]']
	Database driver: undefined/unknown
	Database version: 11.8.2
	Autocommit mode: undefined/unknown
	Isolation level: undefined/unknown
	Minimum pool size: undefined/unknown
	Maximum pool size: undefined/unknown
[2025-11-03 09:48:59:31464585][restartedMain] DEBUG o.h.t.d.sql.spi.DdlTypeRegistry - addDescriptor(12, org.hibernate.type.descriptor.sql.internal.CapacityDependentDdlType@6a077c2d) replaced previous registration(org.hibernate.type.descriptor.sql.internal.CapacityDependentDdlType@239723a5)
[2025-11-03 09:48:59:31464585][restartedMain] DEBUG o.h.t.d.sql.spi.DdlTypeRegistry - addDescriptor(-9, org.hibernate.type.descriptor.sql.internal.CapacityDependentDdlType@6f92220) replaced previous registration(org.hibernate.type.descriptor.sql.internal.CapacityDependentDdlType@1e1f4eee)
[2025-11-03 09:48:59:31464585][restartedMain] DEBUG o.h.t.d.sql.spi.DdlTypeRegistry - addDescriptor(-3, org.hibernate.type.descriptor.sql.internal.CapacityDependentDdlType@4f28af14) replaced previous registration(org.hibernate.type.descriptor.sql.internal.CapacityDependentDdlType@55b8275f)
[2025-11-03 09:48:59:31464585][restartedMain] DEBUG o.h.t.d.sql.spi.DdlTypeRegistry - addDescriptor(4003, org.hibernate.type.descriptor.sql.internal.DdlTypeImpl@1a1fe7ea) replaced previous registration(org.hibernate.type.descriptor.sql.internal.DdlTypeImpl@7e13b279)
[2025-11-03 09:48:59:31464585][restartedMain] DEBUG o.h.t.d.sql.spi.DdlTypeRegistry - addDescriptor(4001, org.hibernate.type.descriptor.sql.internal.DdlTypeImpl@7449e2a0) replaced previous registration(org.hibernate.type.descriptor.sql.internal.DdlTypeImpl@605fb1a9)
[2025-11-03 09:48:59:31464585][restartedMain] DEBUG o.h.t.d.sql.spi.DdlTypeRegistry - addDescriptor(4002, org.hibernate.type.descriptor.sql.internal.DdlTypeImpl@59a3aff) replaced previous registration(org.hibernate.type.descriptor.sql.internal.DdlTypeImpl@66f9c04f)
[2025-11-03 09:48:59:31464585][restartedMain] DEBUG o.h.t.d.sql.spi.DdlTypeRegistry - addDescriptor(2004, org.hibernate.type.descriptor.sql.internal.CapacityDependentDdlType@5d9e62d2) replaced previous registration(org.hibernate.type.descriptor.sql.internal.DdlTypeImpl@40515231)
[2025-11-03 09:48:59:31464585][restartedMain] DEBUG o.h.t.d.sql.spi.DdlTypeRegistry - addDescriptor(2005, org.hibernate.type.descriptor.sql.internal.CapacityDependentDdlType@14c8c506) replaced previous registration(org.hibernate.type.descriptor.sql.internal.DdlTypeImpl@3c1b8468)
[2025-11-03 09:48:59:31464585][restartedMain] DEBUG o.h.t.d.sql.spi.DdlTypeRegistry - addDescriptor(2011, org.hibernate.type.descriptor.sql.internal.CapacityDependentDdlType@12bdf9cb) replaced previous registration(org.hibernate.type.descriptor.sql.internal.DdlTypeImpl@5837e177)
[2025-11-03 09:48:59:31464642][restartedMain] INFO  o.h.e.t.j.p.i.JtaPlatformInitiator - HHH000489: No JTA platform available (set 'hibernate.transaction.jta.platform' to enable JTA platform integration)
[2025-11-03 09:48:59:31464643][restartedMain] INFO  p6spy - #1762130939481 | took 0ms | statement | connection 49| url jdbc:mariadb://localhost/modu?user=root&password=***&prepStmtCacheSqlLimit=2048&useServerPrepStmts=true
select table_name from information_schema.TABLES where table_schema=database() and table_type='SEQUENCE'
select table_name from information_schema.TABLES where table_schema=database() and table_type='SEQUENCE';
[2025-11-03 09:48:59:31464657][restartedMain] ERROR o.s.o.j.LocalContainerEntityManagerFactoryBean - Failed to initialize JPA EntityManagerFactory: [PersistenceUnit: default] Unable to build Hibernate SessionFactory; nested exception is org.hibernate.tool.schema.spi.SchemaManagementException: Schema-validation: missing column [create_at] in table [user_setting]
[2025-11-03 09:48:59:31464659][restartedMain] WARN  o.s.b.w.s.c.AnnotationConfigServletWebServerApplicationContext - Exception encountered during context initialization - cancelling refresh attempt: org.springframework.beans.factory.BeanCreationException: Error creating bean with name 'entityManagerFactory' defined in class path resource [org/springframework/boot/autoconfigure/orm/jpa/HibernateJpaConfiguration.class]: [PersistenceUnit: default] Unable to build Hibernate SessionFactory; nested exception is org.hibernate.tool.schema.spi.SchemaManagementException: Schema-validation: missing column [create_at] in table [user_setting]
[2025-11-03 09:48:59:31464659][restartedMain] INFO  com.zaxxer.hikari.HikariDataSource - HikariPool-23 - Shutdown initiated...
[2025-11-03 09:48:59:31464659][restartedMain] INFO  com.zaxxer.hikari.HikariDataSource - HikariPool-23 - Shutdown completed.
[2025-11-03 09:48:59:31464661][restartedMain] INFO  o.a.catalina.core.StandardService - Stopping service [Tomcat]
[2025-11-03 09:48:59:31464664][restartedMain] INFO  o.s.b.a.l.ConditionEvaluationReportLogger - 

Error starting ApplicationContext. To display the condition evaluation report re-run your application with 'debug' enabled.
[2025-11-03 09:48:59:31464666][restartedMain] ERROR o.s.boot.SpringApplication - Application run failed
org.springframework.beans.factory.BeanCreationException: Error creating bean with name 'entityManagerFactory' defined in class path resource [org/springframework/boot/autoconfigure/orm/jpa/HibernateJpaConfiguration.class]: [PersistenceUnit: default] Unable to build Hibernate SessionFactory; nested exception is org.hibernate.tool.schema.spi.SchemaManagementException: Schema-validation: missing column [create_at] in table [user_setting]
	at org.springframework.beans.factory.support.AbstractAutowireCapableBeanFactory.initializeBean(AbstractAutowireCapableBeanFactory.java:1826)
	at org.springframework.beans.factory.support.AbstractAutowireCapableBeanFactory.doCreateBean(AbstractAutowireCapableBeanFactory.java:607)
	at org.springframework.beans.factory.support.AbstractAutowireCapableBeanFactory.createBean(AbstractAutowireCapableBeanFactory.java:529)
	at org.springframework.beans.factory.support.AbstractBeanFactory.lambda$doGetBean$0(AbstractBeanFactory.java:339)
	at org.springframework.beans.factory.support.DefaultSingletonBeanRegistry.getSingleton(DefaultSingletonBeanRegistry.java:373)
	at org.springframework.beans.factory.support.AbstractBeanFactory.doGetBean(AbstractBeanFactory.java:337)
	at org.springframework.beans.factory.support.AbstractBeanFactory.getBean(AbstractBeanFactory.java:207)
	at org.springframework.context.support.AbstractApplicationContext.finishBeanFactoryInitialization(AbstractApplicationContext.java:973)
	at org.springframework.context.support.AbstractApplicationContext.refresh(AbstractApplicationContext.java:627)
	at org.springframework.boot.web.servlet.context.ServletWebServerApplicationContext.refresh(ServletWebServerApplicationContext.java:146)
	at org.springframework.boot.SpringApplication.refresh(SpringApplication.java:752)
	at org.springframework.boot.SpringApplication.refreshContext(SpringApplication.java:439)
	at org.springframework.boot.SpringApplication.run(SpringApplication.java:318)
	at org.springframework.boot.SpringApplication.run(SpringApplication.java:1361)
	at org.springframework.boot.SpringApplication.run(SpringApplication.java:1350)
	at back.code.ModuBackApplication.main(ModuBackApplication.java:10)
	at java.base/jdk.internal.reflect.DirectMethodHandleAccessor.invoke(DirectMethodHandleAccessor.java:103)
	at java.base/java.lang.reflect.Method.invoke(Method.java:580)
	at org.springframework.boot.devtools.restart.RestartLauncher.run(RestartLauncher.java:50)
Caused by: jakarta.persistence.PersistenceException: [PersistenceUnit: default] Unable to build Hibernate SessionFactory; nested exception is org.hibernate.tool.schema.spi.SchemaManagementException: Schema-validation: missing column [create_at] in table [user_setting]
	at org.springframework.orm.jpa.AbstractEntityManagerFactoryBean.buildNativeEntityManagerFactory(AbstractEntityManagerFactoryBean.java:431)
	at org.springframework.orm.jpa.AbstractEntityManagerFactoryBean.afterPropertiesSet(AbstractEntityManagerFactoryBean.java:400)
	at org.springframework.orm.jpa.LocalContainerEntityManagerFactoryBean.afterPropertiesSet(LocalContainerEntityManagerFactoryBean.java:366)
	at org.springframework.beans.factory.support.AbstractAutowireCapableBeanFactory.invokeInitMethods(AbstractAutowireCapableBeanFactory.java:1873)
	at org.springframework.beans.factory.support.AbstractAutowireCapableBeanFactory.initializeBean(AbstractAutowireCapableBeanFactory.java:1822)
	... 18 common frames omitted
Caused by: org.hibernate.tool.schema.spi.SchemaManagementException: Schema-validation: missing column [create_at] in table [user_setting]
	at org.hibernate.tool.schema.internal.AbstractSchemaValidator.validateTable(AbstractSchemaValidator.java:149)
	at org.hibernate.tool.schema.internal.GroupedSchemaValidatorImpl.validateTables(GroupedSchemaValidatorImpl.java:46)
	at org.hibernate.tool.schema.internal.AbstractSchemaValidator.performValidation(AbstractSchemaValidator.java:99)
	at org.hibernate.tool.schema.internal.AbstractSchemaValidator.doValidation(AbstractSchemaValidator.java:77)
	at org.hibernate.tool.schema.spi.SchemaManagementToolCoordinator.performDatabaseAction(SchemaManagementToolCoordinator.java:289)
	at org.hibernate.tool.schema.spi.SchemaManagementToolCoordinator.lambda$process$5(SchemaManagementToolCoordinator.java:144)
	at java.base/java.util.HashMap.forEach(HashMap.java:1429)
	at org.hibernate.tool.schema.spi.SchemaManagementToolCoordinator.process(SchemaManagementToolCoordinator.java:141)
	at org.hibernate.boot.internal.SessionFactoryObserverForSchemaExport.sessionFactoryCreated(SessionFactoryObserverForSchemaExport.java:37)
	at org.hibernate.internal.SessionFactoryObserverChain.sessionFactoryCreated(SessionFactoryObserverChain.java:35)
	at org.hibernate.internal.SessionFactoryImpl.<init>(SessionFactoryImpl.java:324)
	at org.hibernate.boot.internal.SessionFactoryBuilderImpl.build(SessionFactoryBuilderImpl.java:463)
	at org.hibernate.jpa.boot.internal.EntityManagerFactoryBuilderImpl.build(EntityManagerFactoryBuilderImpl.java:1517)
	at org.springframework.orm.jpa.vendor.SpringHibernateJpaPersistenceProvider.createContainerEntityManagerFactory(SpringHibernateJpaPersistenceProvider.java:66)
	at org.springframework.orm.jpa.LocalContainerEntityManagerFactoryBean.createNativeEntityManagerFactory(LocalContainerEntityManagerFactoryBean.java:390)
	at org.springframework.orm.jpa.AbstractEntityManagerFactoryBean.buildNativeEntityManagerFactory(AbstractEntityManagerFactoryBean.java:419)
	... 22 common frames omitted
[2025-11-03 09:49:12:31477451][restartedMain] INFO  back.code.ModuBackApplication - Starting ModuBackApplication using Java 21.0.7 with PID 16156 (C:\modu_project\modu_back\build\classes\java\main started by sm002 in C:\modu_project\modu_back)
[2025-11-03 09:49:12:31477451][restartedMain] INFO  back.code.ModuBackApplication - No active profile set, falling back to 1 default profile: "default"
[2025-11-03 09:49:12:31477692][restartedMain] INFO  o.s.d.r.c.RepositoryConfigurationDelegate - Bootstrapping Spring Data JPA repositories in DEFAULT mode.
[2025-11-03 09:49:12:31477713][restartedMain] INFO  o.s.d.r.c.RepositoryConfigurationDelegate - Finished Spring Data repository scanning in 20 ms. Found 3 JPA repository interfaces.
[2025-11-03 09:49:12:31477823][restartedMain] INFO  o.s.b.w.e.tomcat.TomcatWebServer - Tomcat initialized with port 9090 (http)
[2025-11-03 09:49:12:31477823][restartedMain] INFO  o.a.coyote.http11.Http11NioProtocol - Initializing ProtocolHandler ["http-nio-9090"]
[2025-11-03 09:49:12:31477824][restartedMain] INFO  o.a.catalina.core.StandardService - Starting service [Tomcat]
[2025-11-03 09:49:12:31477824][restartedMain] INFO  o.a.catalina.core.StandardEngine - Starting Servlet engine: [Apache Tomcat/10.1.48]
[2025-11-03 09:49:12:31477868][restartedMain] INFO  o.a.c.c.C.[.[localhost].[/] - Initializing Spring embedded WebApplicationContext
[2025-11-03 09:49:12:31477868][restartedMain] INFO  o.s.b.w.s.c.ServletWebServerApplicationContext - Root WebApplicationContext: initialization completed in 415 ms
[2025-11-03 09:49:12:31477898][restartedMain] INFO  o.h.jpa.internal.util.LogHelper - HHH000204: Processing PersistenceUnitInfo [name: default]
[2025-11-03 09:49:12:31477900][restartedMain] INFO  o.h.c.i.RegionFactoryInitiator - HHH000026: Second-level cache disabled
[2025-11-03 09:49:12:31477906][restartedMain] INFO  o.s.o.j.p.SpringPersistenceUnitInfo - No LoadTimeWeaver setup: ignoring JPA class transformer
[2025-11-03 09:49:12:31477907][restartedMain] INFO  com.zaxxer.hikari.HikariDataSource - HikariPool-24 - Starting...
[2025-11-03 09:49:12:31477910][restartedMain] INFO  com.zaxxer.hikari.pool.HikariPool - HikariPool-24 - Added connection org.mariadb.jdbc.Connection@79cc27f0
[2025-11-03 09:49:12:31477910][restartedMain] INFO  com.zaxxer.hikari.HikariDataSource - HikariPool-24 - Start completed.
[2025-11-03 09:49:12:31477910][restartedMain] WARN  org.hibernate.orm.deprecation - HHH90000025: MariaDBDialect does not need to be specified explicitly using 'hibernate.dialect' (remove the property setting and it will be selected by default)
[2025-11-03 09:49:12:31477911][restartedMain] INFO  o.hibernate.orm.connections.pooling - HHH10001005: Database info:
	Database JDBC URL [Connecting through datasource 'p6SpyDataSourceDecorator [com.p6spy.engine.spy.P6DataSource] -> dataSource [com.zaxxer.hikari.HikariDataSource]']
	Database driver: undefined/unknown
	Database version: 11.8.2
	Autocommit mode: undefined/unknown
	Isolation level: undefined/unknown
	Minimum pool size: undefined/unknown
	Maximum pool size: undefined/unknown
[2025-11-03 09:49:12:31477911][restartedMain] DEBUG o.h.t.d.sql.spi.DdlTypeRegistry - addDescriptor(12, org.hibernate.type.descriptor.sql.internal.CapacityDependentDdlType@1d2ed2ad) replaced previous registration(org.hibernate.type.descriptor.sql.internal.CapacityDependentDdlType@7b478b4d)
[2025-11-03 09:49:12:31477911][restartedMain] DEBUG o.h.t.d.sql.spi.DdlTypeRegistry - addDescriptor(-9, org.hibernate.type.descriptor.sql.internal.CapacityDependentDdlType@55552335) replaced previous registration(org.hibernate.type.descriptor.sql.internal.CapacityDependentDdlType@39c08611)
[2025-11-03 09:49:12:31477911][restartedMain] DEBUG o.h.t.d.sql.spi.DdlTypeRegistry - addDescriptor(-3, org.hibernate.type.descriptor.sql.internal.CapacityDependentDdlType@5290903e) replaced previous registration(org.hibernate.type.descriptor.sql.internal.CapacityDependentDdlType@15ca64c2)
[2025-11-03 09:49:12:31477911][restartedMain] DEBUG o.h.t.d.sql.spi.DdlTypeRegistry - addDescriptor(4003, org.hibernate.type.descriptor.sql.internal.DdlTypeImpl@69faa1c5) replaced previous registration(org.hibernate.type.descriptor.sql.internal.DdlTypeImpl@54b752e5)
[2025-11-03 09:49:12:31477911][restartedMain] DEBUG o.h.t.d.sql.spi.DdlTypeRegistry - addDescriptor(4001, org.hibernate.type.descriptor.sql.internal.DdlTypeImpl@270392d) replaced previous registration(org.hibernate.type.descriptor.sql.internal.DdlTypeImpl@44daa1d5)
[2025-11-03 09:49:12:31477911][restartedMain] DEBUG o.h.t.d.sql.spi.DdlTypeRegistry - addDescriptor(4002, org.hibernate.type.descriptor.sql.internal.DdlTypeImpl@7892d402) replaced previous registration(org.hibernate.type.descriptor.sql.internal.DdlTypeImpl@16dc918f)
[2025-11-03 09:49:12:31477911][restartedMain] DEBUG o.h.t.d.sql.spi.DdlTypeRegistry - addDescriptor(2004, org.hibernate.type.descriptor.sql.internal.CapacityDependentDdlType@15e66b28) replaced previous registration(org.hibernate.type.descriptor.sql.internal.DdlTypeImpl@4a3b448)
[2025-11-03 09:49:12:31477911][restartedMain] DEBUG o.h.t.d.sql.spi.DdlTypeRegistry - addDescriptor(2005, org.hibernate.type.descriptor.sql.internal.CapacityDependentDdlType@6aff521a) replaced previous registration(org.hibernate.type.descriptor.sql.internal.DdlTypeImpl@18ddf623)
[2025-11-03 09:49:12:31477911][restartedMain] DEBUG o.h.t.d.sql.spi.DdlTypeRegistry - addDescriptor(2011, org.hibernate.type.descriptor.sql.internal.CapacityDependentDdlType@3e44713b) replaced previous registration(org.hibernate.type.descriptor.sql.internal.DdlTypeImpl@27dc934f)
[2025-11-03 09:49:12:31477959][restartedMain] INFO  o.h.e.t.j.p.i.JtaPlatformInitiator - HHH000489: No JTA platform available (set 'hibernate.transaction.jta.platform' to enable JTA platform integration)
[2025-11-03 09:49:12:31477960][restartedMain] INFO  p6spy - #1762130952798 | took 0ms | statement | connection 51| url jdbc:mariadb://localhost/modu?user=root&password=***&prepStmtCacheSqlLimit=2048&useServerPrepStmts=true
select table_name from information_schema.TABLES where table_schema=database() and table_type='SEQUENCE'
select table_name from information_schema.TABLES where table_schema=database() and table_type='SEQUENCE';
[2025-11-03 09:49:12:31477975][restartedMain] ERROR o.s.o.j.LocalContainerEntityManagerFactoryBean - Failed to initialize JPA EntityManagerFactory: [PersistenceUnit: default] Unable to build Hibernate SessionFactory; nested exception is org.hibernate.tool.schema.spi.SchemaManagementException: Schema-validation: missing column [create_at] in table [user_setting]
[2025-11-03 09:49:12:31477975][restartedMain] WARN  o.s.b.w.s.c.AnnotationConfigServletWebServerApplicationContext - Exception encountered during context initialization - cancelling refresh attempt: org.springframework.beans.factory.BeanCreationException: Error creating bean with name 'entityManagerFactory' defined in class path resource [org/springframework/boot/autoconfigure/orm/jpa/HibernateJpaConfiguration.class]: [PersistenceUnit: default] Unable to build Hibernate SessionFactory; nested exception is org.hibernate.tool.schema.spi.SchemaManagementException: Schema-validation: missing column [create_at] in table [user_setting]
[2025-11-03 09:49:12:31477976][restartedMain] INFO  com.zaxxer.hikari.HikariDataSource - HikariPool-24 - Shutdown initiated...
[2025-11-03 09:49:12:31477976][restartedMain] INFO  com.zaxxer.hikari.HikariDataSource - HikariPool-24 - Shutdown completed.
[2025-11-03 09:49:12:31477977][restartedMain] INFO  o.a.catalina.core.StandardService - Stopping service [Tomcat]
[2025-11-03 09:49:12:31477982][restartedMain] INFO  o.s.b.a.l.ConditionEvaluationReportLogger - 

Error starting ApplicationContext. To display the condition evaluation report re-run your application with 'debug' enabled.
[2025-11-03 09:49:12:31477986][restartedMain] ERROR o.s.boot.SpringApplication - Application run failed
org.springframework.beans.factory.BeanCreationException: Error creating bean with name 'entityManagerFactory' defined in class path resource [org/springframework/boot/autoconfigure/orm/jpa/HibernateJpaConfiguration.class]: [PersistenceUnit: default] Unable to build Hibernate SessionFactory; nested exception is org.hibernate.tool.schema.spi.SchemaManagementException: Schema-validation: missing column [create_at] in table [user_setting]
	at org.springframework.beans.factory.support.AbstractAutowireCapableBeanFactory.initializeBean(AbstractAutowireCapableBeanFactory.java:1826)
	at org.springframework.beans.factory.support.AbstractAutowireCapableBeanFactory.doCreateBean(AbstractAutowireCapableBeanFactory.java:607)
	at org.springframework.beans.factory.support.AbstractAutowireCapableBeanFactory.createBean(AbstractAutowireCapableBeanFactory.java:529)
	at org.springframework.beans.factory.support.AbstractBeanFactory.lambda$doGetBean$0(AbstractBeanFactory.java:339)
	at org.springframework.beans.factory.support.DefaultSingletonBeanRegistry.getSingleton(DefaultSingletonBeanRegistry.java:373)
	at org.springframework.beans.factory.support.AbstractBeanFactory.doGetBean(AbstractBeanFactory.java:337)
	at org.springframework.beans.factory.support.AbstractBeanFactory.getBean(AbstractBeanFactory.java:207)
	at org.springframework.context.support.AbstractApplicationContext.finishBeanFactoryInitialization(AbstractApplicationContext.java:973)
	at org.springframework.context.support.AbstractApplicationContext.refresh(AbstractApplicationContext.java:627)
	at org.springframework.boot.web.servlet.context.ServletWebServerApplicationContext.refresh(ServletWebServerApplicationContext.java:146)
	at org.springframework.boot.SpringApplication.refresh(SpringApplication.java:752)
	at org.springframework.boot.SpringApplication.refreshContext(SpringApplication.java:439)
	at org.springframework.boot.SpringApplication.run(SpringApplication.java:318)
	at org.springframework.boot.SpringApplication.run(SpringApplication.java:1361)
	at org.springframework.boot.SpringApplication.run(SpringApplication.java:1350)
	at back.code.ModuBackApplication.main(ModuBackApplication.java:10)
	at java.base/jdk.internal.reflect.DirectMethodHandleAccessor.invoke(DirectMethodHandleAccessor.java:103)
	at java.base/java.lang.reflect.Method.invoke(Method.java:580)
	at org.springframework.boot.devtools.restart.RestartLauncher.run(RestartLauncher.java:50)
Caused by: jakarta.persistence.PersistenceException: [PersistenceUnit: default] Unable to build Hibernate SessionFactory; nested exception is org.hibernate.tool.schema.spi.SchemaManagementException: Schema-validation: missing column [create_at] in table [user_setting]
	at org.springframework.orm.jpa.AbstractEntityManagerFactoryBean.buildNativeEntityManagerFactory(AbstractEntityManagerFactoryBean.java:431)
	at org.springframework.orm.jpa.AbstractEntityManagerFactoryBean.afterPropertiesSet(AbstractEntityManagerFactoryBean.java:400)
	at org.springframework.orm.jpa.LocalContainerEntityManagerFactoryBean.afterPropertiesSet(LocalContainerEntityManagerFactoryBean.java:366)
	at org.springframework.beans.factory.support.AbstractAutowireCapableBeanFactory.invokeInitMethods(AbstractAutowireCapableBeanFactory.java:1873)
	at org.springframework.beans.factory.support.AbstractAutowireCapableBeanFactory.initializeBean(AbstractAutowireCapableBeanFactory.java:1822)
	... 18 common frames omitted
Caused by: org.hibernate.tool.schema.spi.SchemaManagementException: Schema-validation: missing column [create_at] in table [user_setting]
	at org.hibernate.tool.schema.internal.AbstractSchemaValidator.validateTable(AbstractSchemaValidator.java:149)
	at org.hibernate.tool.schema.internal.GroupedSchemaValidatorImpl.validateTables(GroupedSchemaValidatorImpl.java:46)
	at org.hibernate.tool.schema.internal.AbstractSchemaValidator.performValidation(AbstractSchemaValidator.java:99)
	at org.hibernate.tool.schema.internal.AbstractSchemaValidator.doValidation(AbstractSchemaValidator.java:77)
	at org.hibernate.tool.schema.spi.SchemaManagementToolCoordinator.performDatabaseAction(SchemaManagementToolCoordinator.java:289)
	at org.hibernate.tool.schema.spi.SchemaManagementToolCoordinator.lambda$process$5(SchemaManagementToolCoordinator.java:144)
	at java.base/java.util.HashMap.forEach(HashMap.java:1429)
	at org.hibernate.tool.schema.spi.SchemaManagementToolCoordinator.process(SchemaManagementToolCoordinator.java:141)
	at org.hibernate.boot.internal.SessionFactoryObserverForSchemaExport.sessionFactoryCreated(SessionFactoryObserverForSchemaExport.java:37)
	at org.hibernate.internal.SessionFactoryObserverChain.sessionFactoryCreated(SessionFactoryObserverChain.java:35)
	at org.hibernate.internal.SessionFactoryImpl.<init>(SessionFactoryImpl.java:324)
	at org.hibernate.boot.internal.SessionFactoryBuilderImpl.build(SessionFactoryBuilderImpl.java:463)
	at org.hibernate.jpa.boot.internal.EntityManagerFactoryBuilderImpl.build(EntityManagerFactoryBuilderImpl.java:1517)
	at org.springframework.orm.jpa.vendor.SpringHibernateJpaPersistenceProvider.createContainerEntityManagerFactory(SpringHibernateJpaPersistenceProvider.java:66)
	at org.springframework.orm.jpa.LocalContainerEntityManagerFactoryBean.createNativeEntityManagerFactory(LocalContainerEntityManagerFactoryBean.java:390)
	at org.springframework.orm.jpa.AbstractEntityManagerFactoryBean.buildNativeEntityManagerFactory(AbstractEntityManagerFactoryBean.java:419)
	... 22 common frames omitted
[2025-11-03 09:49:33:31498316][restartedMain] INFO  back.code.ModuBackApplication - Starting ModuBackApplication using Java 21.0.7 with PID 16156 (C:\modu_project\modu_back\build\classes\java\main started by sm002 in C:\modu_project\modu_back)
[2025-11-03 09:49:33:31498316][restartedMain] INFO  back.code.ModuBackApplication - No active profile set, falling back to 1 default profile: "default"
[2025-11-03 09:49:33:31498551][restartedMain] INFO  o.s.d.r.c.RepositoryConfigurationDelegate - Bootstrapping Spring Data JPA repositories in DEFAULT mode.
[2025-11-03 09:49:33:31498579][restartedMain] INFO  o.s.d.r.c.RepositoryConfigurationDelegate - Finished Spring Data repository scanning in 26 ms. Found 4 JPA repository interfaces.
[2025-11-03 09:49:33:31498674][restartedMain] INFO  o.s.b.w.e.tomcat.TomcatWebServer - Tomcat initialized with port 9090 (http)
[2025-11-03 09:49:33:31498674][restartedMain] INFO  o.a.coyote.http11.Http11NioProtocol - Initializing ProtocolHandler ["http-nio-9090"]
[2025-11-03 09:49:33:31498674][restartedMain] INFO  o.a.catalina.core.StandardService - Starting service [Tomcat]
[2025-11-03 09:49:33:31498674][restartedMain] INFO  o.a.catalina.core.StandardEngine - Starting Servlet engine: [Apache Tomcat/10.1.48]
[2025-11-03 09:49:33:31498721][restartedMain] INFO  o.a.c.c.C.[.[localhost].[/] - Initializing Spring embedded WebApplicationContext
[2025-11-03 09:49:33:31498721][restartedMain] INFO  o.s.b.w.s.c.ServletWebServerApplicationContext - Root WebApplicationContext: initialization completed in 404 ms
[2025-11-03 09:49:33:31498756][restartedMain] INFO  o.h.jpa.internal.util.LogHelper - HHH000204: Processing PersistenceUnitInfo [name: default]
[2025-11-03 09:49:33:31498761][restartedMain] INFO  o.h.c.i.RegionFactoryInitiator - HHH000026: Second-level cache disabled
[2025-11-03 09:49:33:31498769][restartedMain] INFO  o.s.o.j.p.SpringPersistenceUnitInfo - No LoadTimeWeaver setup: ignoring JPA class transformer
[2025-11-03 09:49:33:31498770][restartedMain] INFO  com.zaxxer.hikari.HikariDataSource - HikariPool-25 - Starting...
[2025-11-03 09:49:33:31498773][restartedMain] INFO  com.zaxxer.hikari.pool.HikariPool - HikariPool-25 - Added connection org.mariadb.jdbc.Connection@73da334b
[2025-11-03 09:49:33:31498773][restartedMain] INFO  com.zaxxer.hikari.HikariDataSource - HikariPool-25 - Start completed.
[2025-11-03 09:49:33:31498773][restartedMain] WARN  org.hibernate.orm.deprecation - HHH90000025: MariaDBDialect does not need to be specified explicitly using 'hibernate.dialect' (remove the property setting and it will be selected by default)
[2025-11-03 09:49:33:31498774][restartedMain] INFO  o.hibernate.orm.connections.pooling - HHH10001005: Database info:
	Database JDBC URL [Connecting through datasource 'p6SpyDataSourceDecorator [com.p6spy.engine.spy.P6DataSource] -> dataSource [com.zaxxer.hikari.HikariDataSource]']
	Database driver: undefined/unknown
	Database version: 11.8.2
	Autocommit mode: undefined/unknown
	Isolation level: undefined/unknown
	Minimum pool size: undefined/unknown
	Maximum pool size: undefined/unknown
[2025-11-03 09:49:33:31498774][restartedMain] DEBUG o.h.t.d.sql.spi.DdlTypeRegistry - addDescriptor(12, org.hibernate.type.descriptor.sql.internal.CapacityDependentDdlType@51b220dd) replaced previous registration(org.hibernate.type.descriptor.sql.internal.CapacityDependentDdlType@1f536fcc)
[2025-11-03 09:49:33:31498774][restartedMain] DEBUG o.h.t.d.sql.spi.DdlTypeRegistry - addDescriptor(-9, org.hibernate.type.descriptor.sql.internal.CapacityDependentDdlType@79617900) replaced previous registration(org.hibernate.type.descriptor.sql.internal.CapacityDependentDdlType@2c66412d)
[2025-11-03 09:49:33:31498774][restartedMain] DEBUG o.h.t.d.sql.spi.DdlTypeRegistry - addDescriptor(-3, org.hibernate.type.descriptor.sql.internal.CapacityDependentDdlType@6c9238b4) replaced previous registration(org.hibernate.type.descriptor.sql.internal.CapacityDependentDdlType@68bb17e5)
[2025-11-03 09:49:33:31498774][restartedMain] DEBUG o.h.t.d.sql.spi.DdlTypeRegistry - addDescriptor(4003, org.hibernate.type.descriptor.sql.internal.DdlTypeImpl@1a60ca8b) replaced previous registration(org.hibernate.type.descriptor.sql.internal.DdlTypeImpl@4118fc3)
[2025-11-03 09:49:33:31498774][restartedMain] DEBUG o.h.t.d.sql.spi.DdlTypeRegistry - addDescriptor(4001, org.hibernate.type.descriptor.sql.internal.DdlTypeImpl@79bb406d) replaced previous registration(org.hibernate.type.descriptor.sql.internal.DdlTypeImpl@490f6480)
[2025-11-03 09:49:33:31498774][restartedMain] DEBUG o.h.t.d.sql.spi.DdlTypeRegistry - addDescriptor(4002, org.hibernate.type.descriptor.sql.internal.DdlTypeImpl@5527cbb8) replaced previous registration(org.hibernate.type.descriptor.sql.internal.DdlTypeImpl@5dc03948)
[2025-11-03 09:49:33:31498774][restartedMain] DEBUG o.h.t.d.sql.spi.DdlTypeRegistry - addDescriptor(2004, org.hibernate.type.descriptor.sql.internal.CapacityDependentDdlType@7e5bb2b5) replaced previous registration(org.hibernate.type.descriptor.sql.internal.DdlTypeImpl@4c42e29a)
[2025-11-03 09:49:33:31498774][restartedMain] DEBUG o.h.t.d.sql.spi.DdlTypeRegistry - addDescriptor(2005, org.hibernate.type.descriptor.sql.internal.CapacityDependentDdlType@27538aa1) replaced previous registration(org.hibernate.type.descriptor.sql.internal.DdlTypeImpl@7b85ed7a)
[2025-11-03 09:49:33:31498774][restartedMain] DEBUG o.h.t.d.sql.spi.DdlTypeRegistry - addDescriptor(2011, org.hibernate.type.descriptor.sql.internal.CapacityDependentDdlType@586836a5) replaced previous registration(org.hibernate.type.descriptor.sql.internal.DdlTypeImpl@3e55900)
[2025-11-03 09:49:33:31498831][restartedMain] INFO  o.h.e.t.j.p.i.JtaPlatformInitiator - HHH000489: No JTA platform available (set 'hibernate.transaction.jta.platform' to enable JTA platform integration)
[2025-11-03 09:49:33:31498832][restartedMain] INFO  p6spy - #1762130973670 | took 0ms | statement | connection 53| url jdbc:mariadb://localhost/modu?user=root&password=***&prepStmtCacheSqlLimit=2048&useServerPrepStmts=true
select table_name from information_schema.TABLES where table_schema=database() and table_type='SEQUENCE'
select table_name from information_schema.TABLES where table_schema=database() and table_type='SEQUENCE';
[2025-11-03 09:49:33:31498844][restartedMain] ERROR o.s.o.j.LocalContainerEntityManagerFactoryBean - Failed to initialize JPA EntityManagerFactory: [PersistenceUnit: default] Unable to build Hibernate SessionFactory; nested exception is org.hibernate.tool.schema.spi.SchemaManagementException: Schema-validation: missing column [create_at] in table [user_setting]
[2025-11-03 09:49:33:31498844][restartedMain] WARN  o.s.b.w.s.c.AnnotationConfigServletWebServerApplicationContext - Exception encountered during context initialization - cancelling refresh attempt: org.springframework.beans.factory.BeanCreationException: Error creating bean with name 'entityManagerFactory' defined in class path resource [org/springframework/boot/autoconfigure/orm/jpa/HibernateJpaConfiguration.class]: [PersistenceUnit: default] Unable to build Hibernate SessionFactory; nested exception is org.hibernate.tool.schema.spi.SchemaManagementException: Schema-validation: missing column [create_at] in table [user_setting]
[2025-11-03 09:49:33:31498846][restartedMain] INFO  com.zaxxer.hikari.HikariDataSource - HikariPool-25 - Shutdown initiated...
[2025-11-03 09:49:33:31498846][restartedMain] INFO  com.zaxxer.hikari.HikariDataSource - HikariPool-25 - Shutdown completed.
[2025-11-03 09:49:33:31498847][restartedMain] INFO  o.a.catalina.core.StandardService - Stopping service [Tomcat]
[2025-11-03 09:49:33:31498850][restartedMain] INFO  o.s.b.a.l.ConditionEvaluationReportLogger - 

Error starting ApplicationContext. To display the condition evaluation report re-run your application with 'debug' enabled.
[2025-11-03 09:49:33:31498853][restartedMain] ERROR o.s.boot.SpringApplication - Application run failed
org.springframework.beans.factory.BeanCreationException: Error creating bean with name 'entityManagerFactory' defined in class path resource [org/springframework/boot/autoconfigure/orm/jpa/HibernateJpaConfiguration.class]: [PersistenceUnit: default] Unable to build Hibernate SessionFactory; nested exception is org.hibernate.tool.schema.spi.SchemaManagementException: Schema-validation: missing column [create_at] in table [user_setting]
	at org.springframework.beans.factory.support.AbstractAutowireCapableBeanFactory.initializeBean(AbstractAutowireCapableBeanFactory.java:1826)
	at org.springframework.beans.factory.support.AbstractAutowireCapableBeanFactory.doCreateBean(AbstractAutowireCapableBeanFactory.java:607)
	at org.springframework.beans.factory.support.AbstractAutowireCapableBeanFactory.createBean(AbstractAutowireCapableBeanFactory.java:529)
	at org.springframework.beans.factory.support.AbstractBeanFactory.lambda$doGetBean$0(AbstractBeanFactory.java:339)
	at org.springframework.beans.factory.support.DefaultSingletonBeanRegistry.getSingleton(DefaultSingletonBeanRegistry.java:373)
	at org.springframework.beans.factory.support.AbstractBeanFactory.doGetBean(AbstractBeanFactory.java:337)
	at org.springframework.beans.factory.support.AbstractBeanFactory.getBean(AbstractBeanFactory.java:207)
	at org.springframework.context.support.AbstractApplicationContext.finishBeanFactoryInitialization(AbstractApplicationContext.java:973)
	at org.springframework.context.support.AbstractApplicationContext.refresh(AbstractApplicationContext.java:627)
	at org.springframework.boot.web.servlet.context.ServletWebServerApplicationContext.refresh(ServletWebServerApplicationContext.java:146)
	at org.springframework.boot.SpringApplication.refresh(SpringApplication.java:752)
	at org.springframework.boot.SpringApplication.refreshContext(SpringApplication.java:439)
	at org.springframework.boot.SpringApplication.run(SpringApplication.java:318)
	at org.springframework.boot.SpringApplication.run(SpringApplication.java:1361)
	at org.springframework.boot.SpringApplication.run(SpringApplication.java:1350)
	at back.code.ModuBackApplication.main(ModuBackApplication.java:10)
	at java.base/jdk.internal.reflect.DirectMethodHandleAccessor.invoke(DirectMethodHandleAccessor.java:103)
	at java.base/java.lang.reflect.Method.invoke(Method.java:580)
	at org.springframework.boot.devtools.restart.RestartLauncher.run(RestartLauncher.java:50)
Caused by: jakarta.persistence.PersistenceException: [PersistenceUnit: default] Unable to build Hibernate SessionFactory; nested exception is org.hibernate.tool.schema.spi.SchemaManagementException: Schema-validation: missing column [create_at] in table [user_setting]
	at org.springframework.orm.jpa.AbstractEntityManagerFactoryBean.buildNativeEntityManagerFactory(AbstractEntityManagerFactoryBean.java:431)
	at org.springframework.orm.jpa.AbstractEntityManagerFactoryBean.afterPropertiesSet(AbstractEntityManagerFactoryBean.java:400)
	at org.springframework.orm.jpa.LocalContainerEntityManagerFactoryBean.afterPropertiesSet(LocalContainerEntityManagerFactoryBean.java:366)
	at org.springframework.beans.factory.support.AbstractAutowireCapableBeanFactory.invokeInitMethods(AbstractAutowireCapableBeanFactory.java:1873)
	at org.springframework.beans.factory.support.AbstractAutowireCapableBeanFactory.initializeBean(AbstractAutowireCapableBeanFactory.java:1822)
	... 18 common frames omitted
Caused by: org.hibernate.tool.schema.spi.SchemaManagementException: Schema-validation: missing column [create_at] in table [user_setting]
	at org.hibernate.tool.schema.internal.AbstractSchemaValidator.validateTable(AbstractSchemaValidator.java:149)
	at org.hibernate.tool.schema.internal.GroupedSchemaValidatorImpl.validateTables(GroupedSchemaValidatorImpl.java:46)
	at org.hibernate.tool.schema.internal.AbstractSchemaValidator.performValidation(AbstractSchemaValidator.java:99)
	at org.hibernate.tool.schema.internal.AbstractSchemaValidator.doValidation(AbstractSchemaValidator.java:77)
	at org.hibernate.tool.schema.spi.SchemaManagementToolCoordinator.performDatabaseAction(SchemaManagementToolCoordinator.java:289)
	at org.hibernate.tool.schema.spi.SchemaManagementToolCoordinator.lambda$process$5(SchemaManagementToolCoordinator.java:144)
	at java.base/java.util.HashMap.forEach(HashMap.java:1429)
	at org.hibernate.tool.schema.spi.SchemaManagementToolCoordinator.process(SchemaManagementToolCoordinator.java:141)
	at org.hibernate.boot.internal.SessionFactoryObserverForSchemaExport.sessionFactoryCreated(SessionFactoryObserverForSchemaExport.java:37)
	at org.hibernate.internal.SessionFactoryObserverChain.sessionFactoryCreated(SessionFactoryObserverChain.java:35)
	at org.hibernate.internal.SessionFactoryImpl.<init>(SessionFactoryImpl.java:324)
	at org.hibernate.boot.internal.SessionFactoryBuilderImpl.build(SessionFactoryBuilderImpl.java:463)
	at org.hibernate.jpa.boot.internal.EntityManagerFactoryBuilderImpl.build(EntityManagerFactoryBuilderImpl.java:1517)
	at org.springframework.orm.jpa.vendor.SpringHibernateJpaPersistenceProvider.createContainerEntityManagerFactory(SpringHibernateJpaPersistenceProvider.java:66)
	at org.springframework.orm.jpa.LocalContainerEntityManagerFactoryBean.createNativeEntityManagerFactory(LocalContainerEntityManagerFactoryBean.java:390)
	at org.springframework.orm.jpa.AbstractEntityManagerFactoryBean.buildNativeEntityManagerFactory(AbstractEntityManagerFactoryBean.java:419)
	... 22 common frames omitted
[2025-11-03 09:49:46:31511628][restartedMain] INFO  back.code.ModuBackApplication - Starting ModuBackApplication using Java 21.0.7 with PID 16156 (C:\modu_project\modu_back\build\classes\java\main started by sm002 in C:\modu_project\modu_back)
[2025-11-03 09:49:46:31511628][restartedMain] INFO  back.code.ModuBackApplication - No active profile set, falling back to 1 default profile: "default"
[2025-11-03 09:49:46:31511993][restartedMain] INFO  o.s.d.r.c.RepositoryConfigurationDelegate - Bootstrapping Spring Data JPA repositories in DEFAULT mode.
[2025-11-03 09:49:46:31512027][restartedMain] INFO  o.s.d.r.c.RepositoryConfigurationDelegate - Finished Spring Data repository scanning in 32 ms. Found 4 JPA repository interfaces.
[2025-11-03 09:49:46:31512157][restartedMain] INFO  o.s.b.w.e.tomcat.TomcatWebServer - Tomcat initialized with port 9090 (http)
[2025-11-03 09:49:46:31512157][restartedMain] INFO  o.a.coyote.http11.Http11NioProtocol - Initializing ProtocolHandler ["http-nio-9090"]
[2025-11-03 09:49:46:31512157][restartedMain] INFO  o.a.catalina.core.StandardService - Starting service [Tomcat]
[2025-11-03 09:49:47:31512162][restartedMain] INFO  o.a.catalina.core.StandardEngine - Starting Servlet engine: [Apache Tomcat/10.1.48]
[2025-11-03 09:49:47:31512201][restartedMain] INFO  o.a.c.c.C.[.[localhost].[/] - Initializing Spring embedded WebApplicationContext
[2025-11-03 09:49:47:31512202][restartedMain] INFO  o.s.b.w.s.c.ServletWebServerApplicationContext - Root WebApplicationContext: initialization completed in 572 ms
[2025-11-03 09:49:47:31512241][restartedMain] INFO  o.h.jpa.internal.util.LogHelper - HHH000204: Processing PersistenceUnitInfo [name: default]
[2025-11-03 09:49:47:31512242][restartedMain] INFO  o.h.c.i.RegionFactoryInitiator - HHH000026: Second-level cache disabled
[2025-11-03 09:49:47:31512250][restartedMain] INFO  o.s.o.j.p.SpringPersistenceUnitInfo - No LoadTimeWeaver setup: ignoring JPA class transformer
[2025-11-03 09:49:47:31512252][restartedMain] INFO  com.zaxxer.hikari.HikariDataSource - HikariPool-26 - Starting...
[2025-11-03 09:49:47:31512254][restartedMain] INFO  com.zaxxer.hikari.pool.HikariPool - HikariPool-26 - Added connection org.mariadb.jdbc.Connection@2b5c9a37
[2025-11-03 09:49:47:31512254][restartedMain] INFO  com.zaxxer.hikari.HikariDataSource - HikariPool-26 - Start completed.
[2025-11-03 09:49:47:31512254][restartedMain] WARN  org.hibernate.orm.deprecation - HHH90000025: MariaDBDialect does not need to be specified explicitly using 'hibernate.dialect' (remove the property setting and it will be selected by default)
[2025-11-03 09:49:47:31512256][restartedMain] INFO  o.hibernate.orm.connections.pooling - HHH10001005: Database info:
	Database JDBC URL [Connecting through datasource 'p6SpyDataSourceDecorator [com.p6spy.engine.spy.P6DataSource] -> dataSource [com.zaxxer.hikari.HikariDataSource]']
	Database driver: undefined/unknown
	Database version: 11.8.2
	Autocommit mode: undefined/unknown
	Isolation level: undefined/unknown
	Minimum pool size: undefined/unknown
	Maximum pool size: undefined/unknown
[2025-11-03 09:49:47:31512256][restartedMain] DEBUG o.h.t.d.sql.spi.DdlTypeRegistry - addDescriptor(12, org.hibernate.type.descriptor.sql.internal.CapacityDependentDdlType@756b8833) replaced previous registration(org.hibernate.type.descriptor.sql.internal.CapacityDependentDdlType@1e19a080)
[2025-11-03 09:49:47:31512256][restartedMain] DEBUG o.h.t.d.sql.spi.DdlTypeRegistry - addDescriptor(-9, org.hibernate.type.descriptor.sql.internal.CapacityDependentDdlType@6bb100a9) replaced previous registration(org.hibernate.type.descriptor.sql.internal.CapacityDependentDdlType@4466a769)
[2025-11-03 09:49:47:31512256][restartedMain] DEBUG o.h.t.d.sql.spi.DdlTypeRegistry - addDescriptor(-3, org.hibernate.type.descriptor.sql.internal.CapacityDependentDdlType@6de585c6) replaced previous registration(org.hibernate.type.descriptor.sql.internal.CapacityDependentDdlType@3e2b355a)
[2025-11-03 09:49:47:31512256][restartedMain] DEBUG o.h.t.d.sql.spi.DdlTypeRegistry - addDescriptor(4003, org.hibernate.type.descriptor.sql.internal.DdlTypeImpl@5dfcde7e) replaced previous registration(org.hibernate.type.descriptor.sql.internal.DdlTypeImpl@2c507747)
[2025-11-03 09:49:47:31512256][restartedMain] DEBUG o.h.t.d.sql.spi.DdlTypeRegistry - addDescriptor(4001, org.hibernate.type.descriptor.sql.internal.DdlTypeImpl@6dda0cbe) replaced previous registration(org.hibernate.type.descriptor.sql.internal.DdlTypeImpl@abc65ba)
[2025-11-03 09:49:47:31512256][restartedMain] DEBUG o.h.t.d.sql.spi.DdlTypeRegistry - addDescriptor(4002, org.hibernate.type.descriptor.sql.internal.DdlTypeImpl@318855bd) replaced previous registration(org.hibernate.type.descriptor.sql.internal.DdlTypeImpl@1ecde684)
[2025-11-03 09:49:47:31512256][restartedMain] DEBUG o.h.t.d.sql.spi.DdlTypeRegistry - addDescriptor(2004, org.hibernate.type.descriptor.sql.internal.CapacityDependentDdlType@23cfa61f) replaced previous registration(org.hibernate.type.descriptor.sql.internal.DdlTypeImpl@4a379669)
[2025-11-03 09:49:47:31512256][restartedMain] DEBUG o.h.t.d.sql.spi.DdlTypeRegistry - addDescriptor(2005, org.hibernate.type.descriptor.sql.internal.CapacityDependentDdlType@39e1172f) replaced previous registration(org.hibernate.type.descriptor.sql.internal.DdlTypeImpl@48692f51)
[2025-11-03 09:49:47:31512256][restartedMain] DEBUG o.h.t.d.sql.spi.DdlTypeRegistry - addDescriptor(2011, org.hibernate.type.descriptor.sql.internal.CapacityDependentDdlType@1648871d) replaced previous registration(org.hibernate.type.descriptor.sql.internal.DdlTypeImpl@60bacf63)
[2025-11-03 09:49:47:31512328][restartedMain] INFO  o.h.e.t.j.p.i.JtaPlatformInitiator - HHH000489: No JTA platform available (set 'hibernate.transaction.jta.platform' to enable JTA platform integration)
[2025-11-03 09:49:47:31512329][restartedMain] INFO  p6spy - #1762130987167 | took 0ms | statement | connection 55| url jdbc:mariadb://localhost/modu?user=root&password=***&prepStmtCacheSqlLimit=2048&useServerPrepStmts=true
select table_name from information_schema.TABLES where table_schema=database() and table_type='SEQUENCE'
select table_name from information_schema.TABLES where table_schema=database() and table_type='SEQUENCE';
[2025-11-03 09:49:47:31512351][restartedMain] ERROR o.s.o.j.LocalContainerEntityManagerFactoryBean - Failed to initialize JPA EntityManagerFactory: [PersistenceUnit: default] Unable to build Hibernate SessionFactory; nested exception is org.hibernate.tool.schema.spi.SchemaManagementException: Schema-validation: missing column [create_at] in table [user_setting]
[2025-11-03 09:49:47:31512352][restartedMain] WARN  o.s.b.w.s.c.AnnotationConfigServletWebServerApplicationContext - Exception encountered during context initialization - cancelling refresh attempt: org.springframework.beans.factory.BeanCreationException: Error creating bean with name 'entityManagerFactory' defined in class path resource [org/springframework/boot/autoconfigure/orm/jpa/HibernateJpaConfiguration.class]: [PersistenceUnit: default] Unable to build Hibernate SessionFactory; nested exception is org.hibernate.tool.schema.spi.SchemaManagementException: Schema-validation: missing column [create_at] in table [user_setting]
[2025-11-03 09:49:47:31512352][restartedMain] INFO  com.zaxxer.hikari.HikariDataSource - HikariPool-26 - Shutdown initiated...
[2025-11-03 09:49:47:31512353][restartedMain] INFO  com.zaxxer.hikari.HikariDataSource - HikariPool-26 - Shutdown completed.
[2025-11-03 09:49:47:31512355][restartedMain] INFO  o.a.catalina.core.StandardService - Stopping service [Tomcat]
[2025-11-03 09:49:47:31512361][restartedMain] INFO  o.s.b.a.l.ConditionEvaluationReportLogger - 

Error starting ApplicationContext. To display the condition evaluation report re-run your application with 'debug' enabled.
[2025-11-03 09:49:47:31512365][restartedMain] ERROR o.s.boot.SpringApplication - Application run failed
org.springframework.beans.factory.BeanCreationException: Error creating bean with name 'entityManagerFactory' defined in class path resource [org/springframework/boot/autoconfigure/orm/jpa/HibernateJpaConfiguration.class]: [PersistenceUnit: default] Unable to build Hibernate SessionFactory; nested exception is org.hibernate.tool.schema.spi.SchemaManagementException: Schema-validation: missing column [create_at] in table [user_setting]
	at org.springframework.beans.factory.support.AbstractAutowireCapableBeanFactory.initializeBean(AbstractAutowireCapableBeanFactory.java:1826)
	at org.springframework.beans.factory.support.AbstractAutowireCapableBeanFactory.doCreateBean(AbstractAutowireCapableBeanFactory.java:607)
	at org.springframework.beans.factory.support.AbstractAutowireCapableBeanFactory.createBean(AbstractAutowireCapableBeanFactory.java:529)
	at org.springframework.beans.factory.support.AbstractBeanFactory.lambda$doGetBean$0(AbstractBeanFactory.java:339)
	at org.springframework.beans.factory.support.DefaultSingletonBeanRegistry.getSingleton(DefaultSingletonBeanRegistry.java:373)
	at org.springframework.beans.factory.support.AbstractBeanFactory.doGetBean(AbstractBeanFactory.java:337)
	at org.springframework.beans.factory.support.AbstractBeanFactory.getBean(AbstractBeanFactory.java:207)
	at org.springframework.context.support.AbstractApplicationContext.finishBeanFactoryInitialization(AbstractApplicationContext.java:973)
	at org.springframework.context.support.AbstractApplicationContext.refresh(AbstractApplicationContext.java:627)
	at org.springframework.boot.web.servlet.context.ServletWebServerApplicationContext.refresh(ServletWebServerApplicationContext.java:146)
	at org.springframework.boot.SpringApplication.refresh(SpringApplication.java:752)
	at org.springframework.boot.SpringApplication.refreshContext(SpringApplication.java:439)
	at org.springframework.boot.SpringApplication.run(SpringApplication.java:318)
	at org.springframework.boot.SpringApplication.run(SpringApplication.java:1361)
	at org.springframework.boot.SpringApplication.run(SpringApplication.java:1350)
	at back.code.ModuBackApplication.main(ModuBackApplication.java:10)
	at java.base/jdk.internal.reflect.DirectMethodHandleAccessor.invoke(DirectMethodHandleAccessor.java:103)
	at java.base/java.lang.reflect.Method.invoke(Method.java:580)
	at org.springframework.boot.devtools.restart.RestartLauncher.run(RestartLauncher.java:50)
Caused by: jakarta.persistence.PersistenceException: [PersistenceUnit: default] Unable to build Hibernate SessionFactory; nested exception is org.hibernate.tool.schema.spi.SchemaManagementException: Schema-validation: missing column [create_at] in table [user_setting]
	at org.springframework.orm.jpa.AbstractEntityManagerFactoryBean.buildNativeEntityManagerFactory(AbstractEntityManagerFactoryBean.java:431)
	at org.springframework.orm.jpa.AbstractEntityManagerFactoryBean.afterPropertiesSet(AbstractEntityManagerFactoryBean.java:400)
	at org.springframework.orm.jpa.LocalContainerEntityManagerFactoryBean.afterPropertiesSet(LocalContainerEntityManagerFactoryBean.java:366)
	at org.springframework.beans.factory.support.AbstractAutowireCapableBeanFactory.invokeInitMethods(AbstractAutowireCapableBeanFactory.java:1873)
	at org.springframework.beans.factory.support.AbstractAutowireCapableBeanFactory.initializeBean(AbstractAutowireCapableBeanFactory.java:1822)
	... 18 common frames omitted
Caused by: org.hibernate.tool.schema.spi.SchemaManagementException: Schema-validation: missing column [create_at] in table [user_setting]
	at org.hibernate.tool.schema.internal.AbstractSchemaValidator.validateTable(AbstractSchemaValidator.java:149)
	at org.hibernate.tool.schema.internal.GroupedSchemaValidatorImpl.validateTables(GroupedSchemaValidatorImpl.java:46)
	at org.hibernate.tool.schema.internal.AbstractSchemaValidator.performValidation(AbstractSchemaValidator.java:99)
	at org.hibernate.tool.schema.internal.AbstractSchemaValidator.doValidation(AbstractSchemaValidator.java:77)
	at org.hibernate.tool.schema.spi.SchemaManagementToolCoordinator.performDatabaseAction(SchemaManagementToolCoordinator.java:289)
	at org.hibernate.tool.schema.spi.SchemaManagementToolCoordinator.lambda$process$5(SchemaManagementToolCoordinator.java:144)
	at java.base/java.util.HashMap.forEach(HashMap.java:1429)
	at org.hibernate.tool.schema.spi.SchemaManagementToolCoordinator.process(SchemaManagementToolCoordinator.java:141)
	at org.hibernate.boot.internal.SessionFactoryObserverForSchemaExport.sessionFactoryCreated(SessionFactoryObserverForSchemaExport.java:37)
	at org.hibernate.internal.SessionFactoryObserverChain.sessionFactoryCreated(SessionFactoryObserverChain.java:35)
	at org.hibernate.internal.SessionFactoryImpl.<init>(SessionFactoryImpl.java:324)
	at org.hibernate.boot.internal.SessionFactoryBuilderImpl.build(SessionFactoryBuilderImpl.java:463)
	at org.hibernate.jpa.boot.internal.EntityManagerFactoryBuilderImpl.build(EntityManagerFactoryBuilderImpl.java:1517)
	at org.springframework.orm.jpa.vendor.SpringHibernateJpaPersistenceProvider.createContainerEntityManagerFactory(SpringHibernateJpaPersistenceProvider.java:66)
	at org.springframework.orm.jpa.LocalContainerEntityManagerFactoryBean.createNativeEntityManagerFactory(LocalContainerEntityManagerFactoryBean.java:390)
	at org.springframework.orm.jpa.AbstractEntityManagerFactoryBean.buildNativeEntityManagerFactory(AbstractEntityManagerFactoryBean.java:419)
	... 22 common frames omitted
[2025-11-03 09:50:48:31573224][restartedMain] INFO  back.code.ModuBackApplication - Starting ModuBackApplication using Java 21.0.7 with PID 16156 (C:\modu_project\modu_back\build\classes\java\main started by sm002 in C:\modu_project\modu_back)
[2025-11-03 09:50:48:31573224][restartedMain] INFO  back.code.ModuBackApplication - No active profile set, falling back to 1 default profile: "default"
[2025-11-03 09:50:48:31573491][restartedMain] INFO  o.s.d.r.c.RepositoryConfigurationDelegate - Bootstrapping Spring Data JPA repositories in DEFAULT mode.
[2025-11-03 09:50:48:31573524][restartedMain] INFO  o.s.d.r.c.RepositoryConfigurationDelegate - Finished Spring Data repository scanning in 32 ms. Found 4 JPA repository interfaces.
[2025-11-03 09:50:48:31573635][restartedMain] INFO  o.s.b.w.e.tomcat.TomcatWebServer - Tomcat initialized with port 9090 (http)
[2025-11-03 09:50:48:31573635][restartedMain] INFO  o.a.coyote.http11.Http11NioProtocol - Initializing ProtocolHandler ["http-nio-9090"]
[2025-11-03 09:50:48:31573635][restartedMain] INFO  o.a.catalina.core.StandardService - Starting service [Tomcat]
[2025-11-03 09:50:48:31573635][restartedMain] INFO  o.a.catalina.core.StandardEngine - Starting Servlet engine: [Apache Tomcat/10.1.48]
[2025-11-03 09:50:48:31573682][restartedMain] INFO  o.a.c.c.C.[.[localhost].[/] - Initializing Spring embedded WebApplicationContext
[2025-11-03 09:50:48:31573682][restartedMain] INFO  o.s.b.w.s.c.ServletWebServerApplicationContext - Root WebApplicationContext: initialization completed in 452 ms
[2025-11-03 09:50:48:31573740][restartedMain] INFO  o.h.jpa.internal.util.LogHelper - HHH000204: Processing PersistenceUnitInfo [name: default]
[2025-11-03 09:50:48:31573744][restartedMain] INFO  o.h.c.i.RegionFactoryInitiator - HHH000026: Second-level cache disabled
[2025-11-03 09:50:48:31573751][restartedMain] INFO  o.s.o.j.p.SpringPersistenceUnitInfo - No LoadTimeWeaver setup: ignoring JPA class transformer
[2025-11-03 09:50:48:31573751][restartedMain] INFO  com.zaxxer.hikari.HikariDataSource - HikariPool-27 - Starting...
[2025-11-03 09:50:48:31573754][restartedMain] INFO  com.zaxxer.hikari.pool.HikariPool - HikariPool-27 - Added connection org.mariadb.jdbc.Connection@6de425b1
[2025-11-03 09:50:48:31573754][restartedMain] INFO  com.zaxxer.hikari.HikariDataSource - HikariPool-27 - Start completed.
[2025-11-03 09:50:48:31573754][restartedMain] WARN  org.hibernate.orm.deprecation - HHH90000025: MariaDBDialect does not need to be specified explicitly using 'hibernate.dialect' (remove the property setting and it will be selected by default)
[2025-11-03 09:50:48:31573754][restartedMain] INFO  o.hibernate.orm.connections.pooling - HHH10001005: Database info:
	Database JDBC URL [Connecting through datasource 'p6SpyDataSourceDecorator [com.p6spy.engine.spy.P6DataSource] -> dataSource [com.zaxxer.hikari.HikariDataSource]']
	Database driver: undefined/unknown
	Database version: 11.8.2
	Autocommit mode: undefined/unknown
	Isolation level: undefined/unknown
	Minimum pool size: undefined/unknown
	Maximum pool size: undefined/unknown
[2025-11-03 09:50:48:31573754][restartedMain] DEBUG o.h.t.d.sql.spi.DdlTypeRegistry - addDescriptor(12, org.hibernate.type.descriptor.sql.internal.CapacityDependentDdlType@58dd83ff) replaced previous registration(org.hibernate.type.descriptor.sql.internal.CapacityDependentDdlType@7a1e8cf2)
[2025-11-03 09:50:48:31573754][restartedMain] DEBUG o.h.t.d.sql.spi.DdlTypeRegistry - addDescriptor(-9, org.hibernate.type.descriptor.sql.internal.CapacityDependentDdlType@1a965568) replaced previous registration(org.hibernate.type.descriptor.sql.internal.CapacityDependentDdlType@1d44f2ab)
[2025-11-03 09:50:48:31573754][restartedMain] DEBUG o.h.t.d.sql.spi.DdlTypeRegistry - addDescriptor(-3, org.hibernate.type.descriptor.sql.internal.CapacityDependentDdlType@29324887) replaced previous registration(org.hibernate.type.descriptor.sql.internal.CapacityDependentDdlType@27c5384f)
[2025-11-03 09:50:48:31573754][restartedMain] DEBUG o.h.t.d.sql.spi.DdlTypeRegistry - addDescriptor(4003, org.hibernate.type.descriptor.sql.internal.DdlTypeImpl@f5014ca) replaced previous registration(org.hibernate.type.descriptor.sql.internal.DdlTypeImpl@35bb7e21)
[2025-11-03 09:50:48:31573754][restartedMain] DEBUG o.h.t.d.sql.spi.DdlTypeRegistry - addDescriptor(4001, org.hibernate.type.descriptor.sql.internal.DdlTypeImpl@ef66e61) replaced previous registration(org.hibernate.type.descriptor.sql.internal.DdlTypeImpl@ff38b0)
[2025-11-03 09:50:48:31573754][restartedMain] DEBUG o.h.t.d.sql.spi.DdlTypeRegistry - addDescriptor(4002, org.hibernate.type.descriptor.sql.internal.DdlTypeImpl@f069a21) replaced previous registration(org.hibernate.type.descriptor.sql.internal.DdlTypeImpl@6122b796)
[2025-11-03 09:50:48:31573754][restartedMain] DEBUG o.h.t.d.sql.spi.DdlTypeRegistry - addDescriptor(2004, org.hibernate.type.descriptor.sql.internal.CapacityDependentDdlType@5c9a48b5) replaced previous registration(org.hibernate.type.descriptor.sql.internal.DdlTypeImpl@25d9d12e)
[2025-11-03 09:50:48:31573754][restartedMain] DEBUG o.h.t.d.sql.spi.DdlTypeRegistry - addDescriptor(2005, org.hibernate.type.descriptor.sql.internal.CapacityDependentDdlType@1eb58026) replaced previous registration(org.hibernate.type.descriptor.sql.internal.DdlTypeImpl@6adf1a61)
[2025-11-03 09:50:48:31573754][restartedMain] DEBUG o.h.t.d.sql.spi.DdlTypeRegistry - addDescriptor(2011, org.hibernate.type.descriptor.sql.internal.CapacityDependentDdlType@640e386f) replaced previous registration(org.hibernate.type.descriptor.sql.internal.DdlTypeImpl@f35d561)
[2025-11-03 09:50:48:31573921][restartedMain] INFO  o.h.e.t.j.p.i.JtaPlatformInitiator - HHH000489: No JTA platform available (set 'hibernate.transaction.jta.platform' to enable JTA platform integration)
[2025-11-03 09:50:48:31573927][restartedMain] INFO  p6spy - #1762131048765 | took 5ms | statement | connection 57| url jdbc:mariadb://localhost/modu?user=root&password=***&prepStmtCacheSqlLimit=2048&useServerPrepStmts=true
select table_name from information_schema.TABLES where table_schema=database() and table_type='SEQUENCE'
select table_name from information_schema.TABLES where table_schema=database() and table_type='SEQUENCE';
[2025-11-03 09:50:48:31573947][restartedMain] ERROR o.s.o.j.LocalContainerEntityManagerFactoryBean - Failed to initialize JPA EntityManagerFactory: [PersistenceUnit: default] Unable to build Hibernate SessionFactory; nested exception is org.hibernate.tool.schema.spi.SchemaManagementException: Schema-validation: missing column [create_at] in table [user_setting]
[2025-11-03 09:50:48:31573947][restartedMain] WARN  o.s.b.w.s.c.AnnotationConfigServletWebServerApplicationContext - Exception encountered during context initialization - cancelling refresh attempt: org.springframework.beans.factory.BeanCreationException: Error creating bean with name 'entityManagerFactory' defined in class path resource [org/springframework/boot/autoconfigure/orm/jpa/HibernateJpaConfiguration.class]: [PersistenceUnit: default] Unable to build Hibernate SessionFactory; nested exception is org.hibernate.tool.schema.spi.SchemaManagementException: Schema-validation: missing column [create_at] in table [user_setting]
[2025-11-03 09:50:48:31573947][restartedMain] INFO  com.zaxxer.hikari.HikariDataSource - HikariPool-27 - Shutdown initiated...
[2025-11-03 09:50:48:31573970][restartedMain] INFO  com.zaxxer.hikari.HikariDataSource - HikariPool-27 - Shutdown completed.
[2025-11-03 09:50:48:31573972][restartedMain] INFO  o.a.catalina.core.StandardService - Stopping service [Tomcat]
[2025-11-03 09:50:48:31573978][restartedMain] INFO  o.s.b.a.l.ConditionEvaluationReportLogger - 

Error starting ApplicationContext. To display the condition evaluation report re-run your application with 'debug' enabled.
[2025-11-03 09:50:48:31573984][restartedMain] ERROR o.s.boot.SpringApplication - Application run failed
org.springframework.beans.factory.BeanCreationException: Error creating bean with name 'entityManagerFactory' defined in class path resource [org/springframework/boot/autoconfigure/orm/jpa/HibernateJpaConfiguration.class]: [PersistenceUnit: default] Unable to build Hibernate SessionFactory; nested exception is org.hibernate.tool.schema.spi.SchemaManagementException: Schema-validation: missing column [create_at] in table [user_setting]
	at org.springframework.beans.factory.support.AbstractAutowireCapableBeanFactory.initializeBean(AbstractAutowireCapableBeanFactory.java:1826)
	at org.springframework.beans.factory.support.AbstractAutowireCapableBeanFactory.doCreateBean(AbstractAutowireCapableBeanFactory.java:607)
	at org.springframework.beans.factory.support.AbstractAutowireCapableBeanFactory.createBean(AbstractAutowireCapableBeanFactory.java:529)
	at org.springframework.beans.factory.support.AbstractBeanFactory.lambda$doGetBean$0(AbstractBeanFactory.java:339)
	at org.springframework.beans.factory.support.DefaultSingletonBeanRegistry.getSingleton(DefaultSingletonBeanRegistry.java:373)
	at org.springframework.beans.factory.support.AbstractBeanFactory.doGetBean(AbstractBeanFactory.java:337)
	at org.springframework.beans.factory.support.AbstractBeanFactory.getBean(AbstractBeanFactory.java:207)
	at org.springframework.context.support.AbstractApplicationContext.finishBeanFactoryInitialization(AbstractApplicationContext.java:973)
	at org.springframework.context.support.AbstractApplicationContext.refresh(AbstractApplicationContext.java:627)
	at org.springframework.boot.web.servlet.context.ServletWebServerApplicationContext.refresh(ServletWebServerApplicationContext.java:146)
	at org.springframework.boot.SpringApplication.refresh(SpringApplication.java:752)
	at org.springframework.boot.SpringApplication.refreshContext(SpringApplication.java:439)
	at org.springframework.boot.SpringApplication.run(SpringApplication.java:318)
	at org.springframework.boot.SpringApplication.run(SpringApplication.java:1361)
	at org.springframework.boot.SpringApplication.run(SpringApplication.java:1350)
	at back.code.ModuBackApplication.main(ModuBackApplication.java:10)
	at java.base/jdk.internal.reflect.DirectMethodHandleAccessor.invoke(DirectMethodHandleAccessor.java:103)
	at java.base/java.lang.reflect.Method.invoke(Method.java:580)
	at org.springframework.boot.devtools.restart.RestartLauncher.run(RestartLauncher.java:50)
Caused by: jakarta.persistence.PersistenceException: [PersistenceUnit: default] Unable to build Hibernate SessionFactory; nested exception is org.hibernate.tool.schema.spi.SchemaManagementException: Schema-validation: missing column [create_at] in table [user_setting]
	at org.springframework.orm.jpa.AbstractEntityManagerFactoryBean.buildNativeEntityManagerFactory(AbstractEntityManagerFactoryBean.java:431)
	at org.springframework.orm.jpa.AbstractEntityManagerFactoryBean.afterPropertiesSet(AbstractEntityManagerFactoryBean.java:400)
	at org.springframework.orm.jpa.LocalContainerEntityManagerFactoryBean.afterPropertiesSet(LocalContainerEntityManagerFactoryBean.java:366)
	at org.springframework.beans.factory.support.AbstractAutowireCapableBeanFactory.invokeInitMethods(AbstractAutowireCapableBeanFactory.java:1873)
	at org.springframework.beans.factory.support.AbstractAutowireCapableBeanFactory.initializeBean(AbstractAutowireCapableBeanFactory.java:1822)
	... 18 common frames omitted
Caused by: org.hibernate.tool.schema.spi.SchemaManagementException: Schema-validation: missing column [create_at] in table [user_setting]
	at org.hibernate.tool.schema.internal.AbstractSchemaValidator.validateTable(AbstractSchemaValidator.java:149)
	at org.hibernate.tool.schema.internal.GroupedSchemaValidatorImpl.validateTables(GroupedSchemaValidatorImpl.java:46)
	at org.hibernate.tool.schema.internal.AbstractSchemaValidator.performValidation(AbstractSchemaValidator.java:99)
	at org.hibernate.tool.schema.internal.AbstractSchemaValidator.doValidation(AbstractSchemaValidator.java:77)
	at org.hibernate.tool.schema.spi.SchemaManagementToolCoordinator.performDatabaseAction(SchemaManagementToolCoordinator.java:289)
	at org.hibernate.tool.schema.spi.SchemaManagementToolCoordinator.lambda$process$5(SchemaManagementToolCoordinator.java:144)
	at java.base/java.util.HashMap.forEach(HashMap.java:1429)
	at org.hibernate.tool.schema.spi.SchemaManagementToolCoordinator.process(SchemaManagementToolCoordinator.java:141)
	at org.hibernate.boot.internal.SessionFactoryObserverForSchemaExport.sessionFactoryCreated(SessionFactoryObserverForSchemaExport.java:37)
	at org.hibernate.internal.SessionFactoryObserverChain.sessionFactoryCreated(SessionFactoryObserverChain.java:35)
	at org.hibernate.internal.SessionFactoryImpl.<init>(SessionFactoryImpl.java:324)
	at org.hibernate.boot.internal.SessionFactoryBuilderImpl.build(SessionFactoryBuilderImpl.java:463)
	at org.hibernate.jpa.boot.internal.EntityManagerFactoryBuilderImpl.build(EntityManagerFactoryBuilderImpl.java:1517)
	at org.springframework.orm.jpa.vendor.SpringHibernateJpaPersistenceProvider.createContainerEntityManagerFactory(SpringHibernateJpaPersistenceProvider.java:66)
	at org.springframework.orm.jpa.LocalContainerEntityManagerFactoryBean.createNativeEntityManagerFactory(LocalContainerEntityManagerFactoryBean.java:390)
	at org.springframework.orm.jpa.AbstractEntityManagerFactoryBean.buildNativeEntityManagerFactory(AbstractEntityManagerFactoryBean.java:419)
	... 22 common frames omitted
[2025-11-03 09:51:01:31586213][restartedMain] INFO  back.code.ModuBackApplication - Starting ModuBackApplication using Java 21.0.7 with PID 16156 (C:\modu_project\modu_back\build\classes\java\main started by sm002 in C:\modu_project\modu_back)
[2025-11-03 09:51:01:31586213][restartedMain] INFO  back.code.ModuBackApplication - No active profile set, falling back to 1 default profile: "default"
[2025-11-03 09:51:01:31586519][restartedMain] INFO  o.s.d.r.c.RepositoryConfigurationDelegate - Bootstrapping Spring Data JPA repositories in DEFAULT mode.
[2025-11-03 09:51:01:31586548][restartedMain] INFO  o.s.d.r.c.RepositoryConfigurationDelegate - Finished Spring Data repository scanning in 27 ms. Found 4 JPA repository interfaces.
[2025-11-03 09:51:01:31586646][restartedMain] INFO  o.s.b.w.e.tomcat.TomcatWebServer - Tomcat initialized with port 9090 (http)
[2025-11-03 09:51:01:31586647][restartedMain] INFO  o.a.coyote.http11.Http11NioProtocol - Initializing ProtocolHandler ["http-nio-9090"]
[2025-11-03 09:51:01:31586647][restartedMain] INFO  o.a.catalina.core.StandardService - Starting service [Tomcat]
[2025-11-03 09:51:01:31586647][restartedMain] INFO  o.a.catalina.core.StandardEngine - Starting Servlet engine: [Apache Tomcat/10.1.48]
[2025-11-03 09:51:01:31586682][restartedMain] INFO  o.a.c.c.C.[.[localhost].[/] - Initializing Spring embedded WebApplicationContext
[2025-11-03 09:51:01:31586682][restartedMain] INFO  o.s.b.w.s.c.ServletWebServerApplicationContext - Root WebApplicationContext: initialization completed in 467 ms
[2025-11-03 09:51:01:31586721][restartedMain] INFO  o.h.jpa.internal.util.LogHelper - HHH000204: Processing PersistenceUnitInfo [name: default]
[2025-11-03 09:51:01:31586724][restartedMain] INFO  o.h.c.i.RegionFactoryInitiator - HHH000026: Second-level cache disabled
[2025-11-03 09:51:01:31586734][restartedMain] INFO  o.s.o.j.p.SpringPersistenceUnitInfo - No LoadTimeWeaver setup: ignoring JPA class transformer
[2025-11-03 09:51:01:31586735][restartedMain] INFO  com.zaxxer.hikari.HikariDataSource - HikariPool-28 - Starting...
[2025-11-03 09:51:01:31586739][restartedMain] INFO  com.zaxxer.hikari.pool.HikariPool - HikariPool-28 - Added connection org.mariadb.jdbc.Connection@3db7dbc9
[2025-11-03 09:51:01:31586739][restartedMain] INFO  com.zaxxer.hikari.HikariDataSource - HikariPool-28 - Start completed.
[2025-11-03 09:51:01:31586740][restartedMain] WARN  org.hibernate.orm.deprecation - HHH90000025: MariaDBDialect does not need to be specified explicitly using 'hibernate.dialect' (remove the property setting and it will be selected by default)
[2025-11-03 09:51:01:31586740][restartedMain] INFO  o.hibernate.orm.connections.pooling - HHH10001005: Database info:
	Database JDBC URL [Connecting through datasource 'p6SpyDataSourceDecorator [com.p6spy.engine.spy.P6DataSource] -> dataSource [com.zaxxer.hikari.HikariDataSource]']
	Database driver: undefined/unknown
	Database version: 11.8.2
	Autocommit mode: undefined/unknown
	Isolation level: undefined/unknown
	Minimum pool size: undefined/unknown
	Maximum pool size: undefined/unknown
[2025-11-03 09:51:01:31586740][restartedMain] DEBUG o.h.t.d.sql.spi.DdlTypeRegistry - addDescriptor(12, org.hibernate.type.descriptor.sql.internal.CapacityDependentDdlType@3360e12e) replaced previous registration(org.hibernate.type.descriptor.sql.internal.CapacityDependentDdlType@1291ebee)
[2025-11-03 09:51:01:31586740][restartedMain] DEBUG o.h.t.d.sql.spi.DdlTypeRegistry - addDescriptor(-9, org.hibernate.type.descriptor.sql.internal.CapacityDependentDdlType@4418de57) replaced previous registration(org.hibernate.type.descriptor.sql.internal.CapacityDependentDdlType@4670372d)
[2025-11-03 09:51:01:31586740][restartedMain] DEBUG o.h.t.d.sql.spi.DdlTypeRegistry - addDescriptor(-3, org.hibernate.type.descriptor.sql.internal.CapacityDependentDdlType@722dd75c) replaced previous registration(org.hibernate.type.descriptor.sql.internal.CapacityDependentDdlType@6f7e9c6c)
[2025-11-03 09:51:01:31586740][restartedMain] DEBUG o.h.t.d.sql.spi.DdlTypeRegistry - addDescriptor(4003, org.hibernate.type.descriptor.sql.internal.DdlTypeImpl@6d961db2) replaced previous registration(org.hibernate.type.descriptor.sql.internal.DdlTypeImpl@2a188672)
[2025-11-03 09:51:01:31586740][restartedMain] DEBUG o.h.t.d.sql.spi.DdlTypeRegistry - addDescriptor(4001, org.hibernate.type.descriptor.sql.internal.DdlTypeImpl@3613235a) replaced previous registration(org.hibernate.type.descriptor.sql.internal.DdlTypeImpl@2d155408)
[2025-11-03 09:51:01:31586740][restartedMain] DEBUG o.h.t.d.sql.spi.DdlTypeRegistry - addDescriptor(4002, org.hibernate.type.descriptor.sql.internal.DdlTypeImpl@70b3a795) replaced previous registration(org.hibernate.type.descriptor.sql.internal.DdlTypeImpl@1e7684e7)
[2025-11-03 09:51:01:31586740][restartedMain] DEBUG o.h.t.d.sql.spi.DdlTypeRegistry - addDescriptor(2004, org.hibernate.type.descriptor.sql.internal.CapacityDependentDdlType@31507d80) replaced previous registration(org.hibernate.type.descriptor.sql.internal.DdlTypeImpl@3662dab6)
[2025-11-03 09:51:01:31586740][restartedMain] DEBUG o.h.t.d.sql.spi.DdlTypeRegistry - addDescriptor(2005, org.hibernate.type.descriptor.sql.internal.CapacityDependentDdlType@5b804ce0) replaced previous registration(org.hibernate.type.descriptor.sql.internal.DdlTypeImpl@717bbacb)
[2025-11-03 09:51:01:31586740][restartedMain] DEBUG o.h.t.d.sql.spi.DdlTypeRegistry - addDescriptor(2011, org.hibernate.type.descriptor.sql.internal.CapacityDependentDdlType@43757519) replaced previous registration(org.hibernate.type.descriptor.sql.internal.DdlTypeImpl@6362b0ab)
[2025-11-03 09:51:01:31586806][restartedMain] INFO  o.h.e.t.j.p.i.JtaPlatformInitiator - HHH000489: No JTA platform available (set 'hibernate.transaction.jta.platform' to enable JTA platform integration)
[2025-11-03 09:51:01:31586808][restartedMain] INFO  p6spy - #1762131061646 | took 0ms | statement | connection 59| url jdbc:mariadb://localhost/modu?user=root&password=***&prepStmtCacheSqlLimit=2048&useServerPrepStmts=true
select table_name from information_schema.TABLES where table_schema=database() and table_type='SEQUENCE'
select table_name from information_schema.TABLES where table_schema=database() and table_type='SEQUENCE';
[2025-11-03 09:51:01:31586823][restartedMain] ERROR o.s.o.j.LocalContainerEntityManagerFactoryBean - Failed to initialize JPA EntityManagerFactory: [PersistenceUnit: default] Unable to build Hibernate SessionFactory; nested exception is org.hibernate.tool.schema.spi.SchemaManagementException: Schema-validation: missing column [create_at] in table [user_setting]
[2025-11-03 09:51:01:31586823][restartedMain] WARN  o.s.b.w.s.c.AnnotationConfigServletWebServerApplicationContext - Exception encountered during context initialization - cancelling refresh attempt: org.springframework.beans.factory.BeanCreationException: Error creating bean with name 'entityManagerFactory' defined in class path resource [org/springframework/boot/autoconfigure/orm/jpa/HibernateJpaConfiguration.class]: [PersistenceUnit: default] Unable to build Hibernate SessionFactory; nested exception is org.hibernate.tool.schema.spi.SchemaManagementException: Schema-validation: missing column [create_at] in table [user_setting]
[2025-11-03 09:51:01:31586823][restartedMain] INFO  com.zaxxer.hikari.HikariDataSource - HikariPool-28 - Shutdown initiated...
[2025-11-03 09:51:01:31586824][restartedMain] INFO  com.zaxxer.hikari.HikariDataSource - HikariPool-28 - Shutdown completed.
[2025-11-03 09:51:01:31586826][restartedMain] INFO  o.a.catalina.core.StandardService - Stopping service [Tomcat]
[2025-11-03 09:51:01:31586829][restartedMain] INFO  o.s.b.a.l.ConditionEvaluationReportLogger - 

Error starting ApplicationContext. To display the condition evaluation report re-run your application with 'debug' enabled.
[2025-11-03 09:51:01:31586831][restartedMain] ERROR o.s.boot.SpringApplication - Application run failed
org.springframework.beans.factory.BeanCreationException: Error creating bean with name 'entityManagerFactory' defined in class path resource [org/springframework/boot/autoconfigure/orm/jpa/HibernateJpaConfiguration.class]: [PersistenceUnit: default] Unable to build Hibernate SessionFactory; nested exception is org.hibernate.tool.schema.spi.SchemaManagementException: Schema-validation: missing column [create_at] in table [user_setting]
	at org.springframework.beans.factory.support.AbstractAutowireCapableBeanFactory.initializeBean(AbstractAutowireCapableBeanFactory.java:1826)
	at org.springframework.beans.factory.support.AbstractAutowireCapableBeanFactory.doCreateBean(AbstractAutowireCapableBeanFactory.java:607)
	at org.springframework.beans.factory.support.AbstractAutowireCapableBeanFactory.createBean(AbstractAutowireCapableBeanFactory.java:529)
	at org.springframework.beans.factory.support.AbstractBeanFactory.lambda$doGetBean$0(AbstractBeanFactory.java:339)
	at org.springframework.beans.factory.support.DefaultSingletonBeanRegistry.getSingleton(DefaultSingletonBeanRegistry.java:373)
	at org.springframework.beans.factory.support.AbstractBeanFactory.doGetBean(AbstractBeanFactory.java:337)
	at org.springframework.beans.factory.support.AbstractBeanFactory.getBean(AbstractBeanFactory.java:207)
	at org.springframework.context.support.AbstractApplicationContext.finishBeanFactoryInitialization(AbstractApplicationContext.java:973)
	at org.springframework.context.support.AbstractApplicationContext.refresh(AbstractApplicationContext.java:627)
	at org.springframework.boot.web.servlet.context.ServletWebServerApplicationContext.refresh(ServletWebServerApplicationContext.java:146)
	at org.springframework.boot.SpringApplication.refresh(SpringApplication.java:752)
	at org.springframework.boot.SpringApplication.refreshContext(SpringApplication.java:439)
	at org.springframework.boot.SpringApplication.run(SpringApplication.java:318)
	at org.springframework.boot.SpringApplication.run(SpringApplication.java:1361)
	at org.springframework.boot.SpringApplication.run(SpringApplication.java:1350)
	at back.code.ModuBackApplication.main(ModuBackApplication.java:10)
	at java.base/jdk.internal.reflect.DirectMethodHandleAccessor.invoke(DirectMethodHandleAccessor.java:103)
	at java.base/java.lang.reflect.Method.invoke(Method.java:580)
	at org.springframework.boot.devtools.restart.RestartLauncher.run(RestartLauncher.java:50)
Caused by: jakarta.persistence.PersistenceException: [PersistenceUnit: default] Unable to build Hibernate SessionFactory; nested exception is org.hibernate.tool.schema.spi.SchemaManagementException: Schema-validation: missing column [create_at] in table [user_setting]
	at org.springframework.orm.jpa.AbstractEntityManagerFactoryBean.buildNativeEntityManagerFactory(AbstractEntityManagerFactoryBean.java:431)
	at org.springframework.orm.jpa.AbstractEntityManagerFactoryBean.afterPropertiesSet(AbstractEntityManagerFactoryBean.java:400)
	at org.springframework.orm.jpa.LocalContainerEntityManagerFactoryBean.afterPropertiesSet(LocalContainerEntityManagerFactoryBean.java:366)
	at org.springframework.beans.factory.support.AbstractAutowireCapableBeanFactory.invokeInitMethods(AbstractAutowireCapableBeanFactory.java:1873)
	at org.springframework.beans.factory.support.AbstractAutowireCapableBeanFactory.initializeBean(AbstractAutowireCapableBeanFactory.java:1822)
	... 18 common frames omitted
Caused by: org.hibernate.tool.schema.spi.SchemaManagementException: Schema-validation: missing column [create_at] in table [user_setting]
	at org.hibernate.tool.schema.internal.AbstractSchemaValidator.validateTable(AbstractSchemaValidator.java:149)
	at org.hibernate.tool.schema.internal.GroupedSchemaValidatorImpl.validateTables(GroupedSchemaValidatorImpl.java:46)
	at org.hibernate.tool.schema.internal.AbstractSchemaValidator.performValidation(AbstractSchemaValidator.java:99)
	at org.hibernate.tool.schema.internal.AbstractSchemaValidator.doValidation(AbstractSchemaValidator.java:77)
	at org.hibernate.tool.schema.spi.SchemaManagementToolCoordinator.performDatabaseAction(SchemaManagementToolCoordinator.java:289)
	at org.hibernate.tool.schema.spi.SchemaManagementToolCoordinator.lambda$process$5(SchemaManagementToolCoordinator.java:144)
	at java.base/java.util.HashMap.forEach(HashMap.java:1429)
	at org.hibernate.tool.schema.spi.SchemaManagementToolCoordinator.process(SchemaManagementToolCoordinator.java:141)
	at org.hibernate.boot.internal.SessionFactoryObserverForSchemaExport.sessionFactoryCreated(SessionFactoryObserverForSchemaExport.java:37)
	at org.hibernate.internal.SessionFactoryObserverChain.sessionFactoryCreated(SessionFactoryObserverChain.java:35)
	at org.hibernate.internal.SessionFactoryImpl.<init>(SessionFactoryImpl.java:324)
	at org.hibernate.boot.internal.SessionFactoryBuilderImpl.build(SessionFactoryBuilderImpl.java:463)
	at org.hibernate.jpa.boot.internal.EntityManagerFactoryBuilderImpl.build(EntityManagerFactoryBuilderImpl.java:1517)
	at org.springframework.orm.jpa.vendor.SpringHibernateJpaPersistenceProvider.createContainerEntityManagerFactory(SpringHibernateJpaPersistenceProvider.java:66)
	at org.springframework.orm.jpa.LocalContainerEntityManagerFactoryBean.createNativeEntityManagerFactory(LocalContainerEntityManagerFactoryBean.java:390)
	at org.springframework.orm.jpa.AbstractEntityManagerFactoryBean.buildNativeEntityManagerFactory(AbstractEntityManagerFactoryBean.java:419)
	... 22 common frames omitted
[2025-11-03 09:51:20:31606147][restartedMain] INFO  back.code.ModuBackApplication - Starting ModuBackApplication using Java 21.0.7 with PID 16156 (C:\modu_project\modu_back\build\classes\java\main started by sm002 in C:\modu_project\modu_back)
[2025-11-03 09:51:20:31606147][restartedMain] INFO  back.code.ModuBackApplication - No active profile set, falling back to 1 default profile: "default"
[2025-11-03 09:51:21:31606377][restartedMain] INFO  o.s.d.r.c.RepositoryConfigurationDelegate - Bootstrapping Spring Data JPA repositories in DEFAULT mode.
[2025-11-03 09:51:21:31606400][restartedMain] INFO  o.s.d.r.c.RepositoryConfigurationDelegate - Finished Spring Data repository scanning in 22 ms. Found 4 JPA repository interfaces.
[2025-11-03 09:51:21:31606485][restartedMain] INFO  o.s.b.w.e.tomcat.TomcatWebServer - Tomcat initialized with port 9090 (http)
[2025-11-03 09:51:21:31606485][restartedMain] INFO  o.a.coyote.http11.Http11NioProtocol - Initializing ProtocolHandler ["http-nio-9090"]
[2025-11-03 09:51:21:31606485][restartedMain] INFO  o.a.catalina.core.StandardService - Starting service [Tomcat]
[2025-11-03 09:51:21:31606485][restartedMain] INFO  o.a.catalina.core.StandardEngine - Starting Servlet engine: [Apache Tomcat/10.1.48]
[2025-11-03 09:51:21:31606528][restartedMain] INFO  o.a.c.c.C.[.[localhost].[/] - Initializing Spring embedded WebApplicationContext
[2025-11-03 09:51:21:31606528][restartedMain] INFO  o.s.b.w.s.c.ServletWebServerApplicationContext - Root WebApplicationContext: initialization completed in 379 ms
[2025-11-03 09:51:21:31606560][restartedMain] INFO  o.h.jpa.internal.util.LogHelper - HHH000204: Processing PersistenceUnitInfo [name: default]
[2025-11-03 09:51:21:31606562][restartedMain] INFO  o.h.c.i.RegionFactoryInitiator - HHH000026: Second-level cache disabled
[2025-11-03 09:51:21:31606569][restartedMain] INFO  o.s.o.j.p.SpringPersistenceUnitInfo - No LoadTimeWeaver setup: ignoring JPA class transformer
[2025-11-03 09:51:21:31606569][restartedMain] INFO  com.zaxxer.hikari.HikariDataSource - HikariPool-29 - Starting...
[2025-11-03 09:51:21:31606571][restartedMain] INFO  com.zaxxer.hikari.pool.HikariPool - HikariPool-29 - Added connection org.mariadb.jdbc.Connection@615368b6
[2025-11-03 09:51:21:31606571][restartedMain] INFO  com.zaxxer.hikari.HikariDataSource - HikariPool-29 - Start completed.
[2025-11-03 09:51:21:31606573][restartedMain] WARN  org.hibernate.orm.deprecation - HHH90000025: MariaDBDialect does not need to be specified explicitly using 'hibernate.dialect' (remove the property setting and it will be selected by default)
[2025-11-03 09:51:21:31606573][restartedMain] INFO  o.hibernate.orm.connections.pooling - HHH10001005: Database info:
	Database JDBC URL [Connecting through datasource 'p6SpyDataSourceDecorator [com.p6spy.engine.spy.P6DataSource] -> dataSource [com.zaxxer.hikari.HikariDataSource]']
	Database driver: undefined/unknown
	Database version: 11.8.2
	Autocommit mode: undefined/unknown
	Isolation level: undefined/unknown
	Minimum pool size: undefined/unknown
	Maximum pool size: undefined/unknown
[2025-11-03 09:51:21:31606573][restartedMain] DEBUG o.h.t.d.sql.spi.DdlTypeRegistry - addDescriptor(12, org.hibernate.type.descriptor.sql.internal.CapacityDependentDdlType@283df524) replaced previous registration(org.hibernate.type.descriptor.sql.internal.CapacityDependentDdlType@6948f4fb)
[2025-11-03 09:51:21:31606573][restartedMain] DEBUG o.h.t.d.sql.spi.DdlTypeRegistry - addDescriptor(-9, org.hibernate.type.descriptor.sql.internal.CapacityDependentDdlType@6662692b) replaced previous registration(org.hibernate.type.descriptor.sql.internal.CapacityDependentDdlType@753aa379)
[2025-11-03 09:51:21:31606573][restartedMain] DEBUG o.h.t.d.sql.spi.DdlTypeRegistry - addDescriptor(-3, org.hibernate.type.descriptor.sql.internal.CapacityDependentDdlType@32e9ec2f) replaced previous registration(org.hibernate.type.descriptor.sql.internal.CapacityDependentDdlType@1c2829a5)
[2025-11-03 09:51:21:31606573][restartedMain] DEBUG o.h.t.d.sql.spi.DdlTypeRegistry - addDescriptor(4003, org.hibernate.type.descriptor.sql.internal.DdlTypeImpl@6976303a) replaced previous registration(org.hibernate.type.descriptor.sql.internal.DdlTypeImpl@49f77706)
[2025-11-03 09:51:21:31606573][restartedMain] DEBUG o.h.t.d.sql.spi.DdlTypeRegistry - addDescriptor(4001, org.hibernate.type.descriptor.sql.internal.DdlTypeImpl@34027283) replaced previous registration(org.hibernate.type.descriptor.sql.internal.DdlTypeImpl@693a00a7)
[2025-11-03 09:51:21:31606573][restartedMain] DEBUG o.h.t.d.sql.spi.DdlTypeRegistry - addDescriptor(4002, org.hibernate.type.descriptor.sql.internal.DdlTypeImpl@31150a5a) replaced previous registration(org.hibernate.type.descriptor.sql.internal.DdlTypeImpl@43280439)
[2025-11-03 09:51:21:31606573][restartedMain] DEBUG o.h.t.d.sql.spi.DdlTypeRegistry - addDescriptor(2004, org.hibernate.type.descriptor.sql.internal.CapacityDependentDdlType@6419f0b5) replaced previous registration(org.hibernate.type.descriptor.sql.internal.DdlTypeImpl@5d1feba9)
[2025-11-03 09:51:21:31606573][restartedMain] DEBUG o.h.t.d.sql.spi.DdlTypeRegistry - addDescriptor(2005, org.hibernate.type.descriptor.sql.internal.CapacityDependentDdlType@44c16d8a) replaced previous registration(org.hibernate.type.descriptor.sql.internal.DdlTypeImpl@47cba0e7)
[2025-11-03 09:51:21:31606573][restartedMain] DEBUG o.h.t.d.sql.spi.DdlTypeRegistry - addDescriptor(2011, org.hibernate.type.descriptor.sql.internal.CapacityDependentDdlType@6c7c6cf3) replaced previous registration(org.hibernate.type.descriptor.sql.internal.DdlTypeImpl@4e1c8076)
[2025-11-03 09:51:21:31606634][restartedMain] INFO  o.h.e.t.j.p.i.JtaPlatformInitiator - HHH000489: No JTA platform available (set 'hibernate.transaction.jta.platform' to enable JTA platform integration)
[2025-11-03 09:51:21:31606635][restartedMain] INFO  p6spy - #1762131081473 | took 1ms | statement | connection 61| url jdbc:mariadb://localhost/modu?user=root&password=***&prepStmtCacheSqlLimit=2048&useServerPrepStmts=true
select table_name from information_schema.TABLES where table_schema=database() and table_type='SEQUENCE'
select table_name from information_schema.TABLES where table_schema=database() and table_type='SEQUENCE';
[2025-11-03 09:51:21:31606649][restartedMain] ERROR o.s.o.j.LocalContainerEntityManagerFactoryBean - Failed to initialize JPA EntityManagerFactory: [PersistenceUnit: default] Unable to build Hibernate SessionFactory; nested exception is org.hibernate.tool.schema.spi.SchemaManagementException: Schema-validation: missing column [create_at] in table [user_setting]
[2025-11-03 09:51:21:31606649][restartedMain] WARN  o.s.b.w.s.c.AnnotationConfigServletWebServerApplicationContext - Exception encountered during context initialization - cancelling refresh attempt: org.springframework.beans.factory.BeanCreationException: Error creating bean with name 'entityManagerFactory' defined in class path resource [org/springframework/boot/autoconfigure/orm/jpa/HibernateJpaConfiguration.class]: [PersistenceUnit: default] Unable to build Hibernate SessionFactory; nested exception is org.hibernate.tool.schema.spi.SchemaManagementException: Schema-validation: missing column [create_at] in table [user_setting]
[2025-11-03 09:51:21:31606649][restartedMain] INFO  com.zaxxer.hikari.HikariDataSource - HikariPool-29 - Shutdown initiated...
[2025-11-03 09:51:21:31606651][restartedMain] INFO  com.zaxxer.hikari.HikariDataSource - HikariPool-29 - Shutdown completed.
[2025-11-03 09:51:21:31606652][restartedMain] INFO  o.a.catalina.core.StandardService - Stopping service [Tomcat]
[2025-11-03 09:51:21:31606655][restartedMain] INFO  o.s.b.a.l.ConditionEvaluationReportLogger - 

Error starting ApplicationContext. To display the condition evaluation report re-run your application with 'debug' enabled.
[2025-11-03 09:51:21:31606658][restartedMain] ERROR o.s.boot.SpringApplication - Application run failed
org.springframework.beans.factory.BeanCreationException: Error creating bean with name 'entityManagerFactory' defined in class path resource [org/springframework/boot/autoconfigure/orm/jpa/HibernateJpaConfiguration.class]: [PersistenceUnit: default] Unable to build Hibernate SessionFactory; nested exception is org.hibernate.tool.schema.spi.SchemaManagementException: Schema-validation: missing column [create_at] in table [user_setting]
	at org.springframework.beans.factory.support.AbstractAutowireCapableBeanFactory.initializeBean(AbstractAutowireCapableBeanFactory.java:1826)
	at org.springframework.beans.factory.support.AbstractAutowireCapableBeanFactory.doCreateBean(AbstractAutowireCapableBeanFactory.java:607)
	at org.springframework.beans.factory.support.AbstractAutowireCapableBeanFactory.createBean(AbstractAutowireCapableBeanFactory.java:529)
	at org.springframework.beans.factory.support.AbstractBeanFactory.lambda$doGetBean$0(AbstractBeanFactory.java:339)
	at org.springframework.beans.factory.support.DefaultSingletonBeanRegistry.getSingleton(DefaultSingletonBeanRegistry.java:373)
	at org.springframework.beans.factory.support.AbstractBeanFactory.doGetBean(AbstractBeanFactory.java:337)
	at org.springframework.beans.factory.support.AbstractBeanFactory.getBean(AbstractBeanFactory.java:207)
	at org.springframework.context.support.AbstractApplicationContext.finishBeanFactoryInitialization(AbstractApplicationContext.java:973)
	at org.springframework.context.support.AbstractApplicationContext.refresh(AbstractApplicationContext.java:627)
	at org.springframework.boot.web.servlet.context.ServletWebServerApplicationContext.refresh(ServletWebServerApplicationContext.java:146)
	at org.springframework.boot.SpringApplication.refresh(SpringApplication.java:752)
	at org.springframework.boot.SpringApplication.refreshContext(SpringApplication.java:439)
	at org.springframework.boot.SpringApplication.run(SpringApplication.java:318)
	at org.springframework.boot.SpringApplication.run(SpringApplication.java:1361)
	at org.springframework.boot.SpringApplication.run(SpringApplication.java:1350)
	at back.code.ModuBackApplication.main(ModuBackApplication.java:10)
	at java.base/jdk.internal.reflect.DirectMethodHandleAccessor.invoke(DirectMethodHandleAccessor.java:103)
	at java.base/java.lang.reflect.Method.invoke(Method.java:580)
	at org.springframework.boot.devtools.restart.RestartLauncher.run(RestartLauncher.java:50)
Caused by: jakarta.persistence.PersistenceException: [PersistenceUnit: default] Unable to build Hibernate SessionFactory; nested exception is org.hibernate.tool.schema.spi.SchemaManagementException: Schema-validation: missing column [create_at] in table [user_setting]
	at org.springframework.orm.jpa.AbstractEntityManagerFactoryBean.buildNativeEntityManagerFactory(AbstractEntityManagerFactoryBean.java:431)
	at org.springframework.orm.jpa.AbstractEntityManagerFactoryBean.afterPropertiesSet(AbstractEntityManagerFactoryBean.java:400)
	at org.springframework.orm.jpa.LocalContainerEntityManagerFactoryBean.afterPropertiesSet(LocalContainerEntityManagerFactoryBean.java:366)
	at org.springframework.beans.factory.support.AbstractAutowireCapableBeanFactory.invokeInitMethods(AbstractAutowireCapableBeanFactory.java:1873)
	at org.springframework.beans.factory.support.AbstractAutowireCapableBeanFactory.initializeBean(AbstractAutowireCapableBeanFactory.java:1822)
	... 18 common frames omitted
Caused by: org.hibernate.tool.schema.spi.SchemaManagementException: Schema-validation: missing column [create_at] in table [user_setting]
	at org.hibernate.tool.schema.internal.AbstractSchemaValidator.validateTable(AbstractSchemaValidator.java:149)
	at org.hibernate.tool.schema.internal.GroupedSchemaValidatorImpl.validateTables(GroupedSchemaValidatorImpl.java:46)
	at org.hibernate.tool.schema.internal.AbstractSchemaValidator.performValidation(AbstractSchemaValidator.java:99)
	at org.hibernate.tool.schema.internal.AbstractSchemaValidator.doValidation(AbstractSchemaValidator.java:77)
	at org.hibernate.tool.schema.spi.SchemaManagementToolCoordinator.performDatabaseAction(SchemaManagementToolCoordinator.java:289)
	at org.hibernate.tool.schema.spi.SchemaManagementToolCoordinator.lambda$process$5(SchemaManagementToolCoordinator.java:144)
	at java.base/java.util.HashMap.forEach(HashMap.java:1429)
	at org.hibernate.tool.schema.spi.SchemaManagementToolCoordinator.process(SchemaManagementToolCoordinator.java:141)
	at org.hibernate.boot.internal.SessionFactoryObserverForSchemaExport.sessionFactoryCreated(SessionFactoryObserverForSchemaExport.java:37)
	at org.hibernate.internal.SessionFactoryObserverChain.sessionFactoryCreated(SessionFactoryObserverChain.java:35)
	at org.hibernate.internal.SessionFactoryImpl.<init>(SessionFactoryImpl.java:324)
	at org.hibernate.boot.internal.SessionFactoryBuilderImpl.build(SessionFactoryBuilderImpl.java:463)
	at org.hibernate.jpa.boot.internal.EntityManagerFactoryBuilderImpl.build(EntityManagerFactoryBuilderImpl.java:1517)
	at org.springframework.orm.jpa.vendor.SpringHibernateJpaPersistenceProvider.createContainerEntityManagerFactory(SpringHibernateJpaPersistenceProvider.java:66)
	at org.springframework.orm.jpa.LocalContainerEntityManagerFactoryBean.createNativeEntityManagerFactory(LocalContainerEntityManagerFactoryBean.java:390)
	at org.springframework.orm.jpa.AbstractEntityManagerFactoryBean.buildNativeEntityManagerFactory(AbstractEntityManagerFactoryBean.java:419)
	... 22 common frames omitted
[2025-11-03 10:06:28:32513909][restartedMain] INFO  back.code.ModuBackApplication - Starting ModuBackApplication using Java 21.0.7 with PID 16156 (C:\modu_project\modu_back\build\classes\java\main started by sm002 in C:\modu_project\modu_back)
[2025-11-03 10:06:28:32513909][restartedMain] INFO  back.code.ModuBackApplication - No active profile set, falling back to 1 default profile: "default"
[2025-11-03 10:06:29:32514380][restartedMain] INFO  o.s.d.r.c.RepositoryConfigurationDelegate - Bootstrapping Spring Data JPA repositories in DEFAULT mode.
[2025-11-03 10:06:29:32514447][restartedMain] INFO  o.s.d.r.c.RepositoryConfigurationDelegate - Finished Spring Data repository scanning in 67 ms. Found 4 JPA repository interfaces.
[2025-11-03 10:06:29:32514640][restartedMain] INFO  o.s.b.w.e.tomcat.TomcatWebServer - Tomcat initialized with port 9090 (http)
[2025-11-03 10:06:29:32514642][restartedMain] INFO  o.a.coyote.http11.Http11NioProtocol - Initializing ProtocolHandler ["http-nio-9090"]
[2025-11-03 10:06:29:32514642][restartedMain] INFO  o.a.catalina.core.StandardService - Starting service [Tomcat]
[2025-11-03 10:06:29:32514642][restartedMain] INFO  o.a.catalina.core.StandardEngine - Starting Servlet engine: [Apache Tomcat/10.1.48]
[2025-11-03 10:06:29:32514691][restartedMain] INFO  o.a.c.c.C.[.[localhost].[/] - Initializing Spring embedded WebApplicationContext
[2025-11-03 10:06:29:32514691][restartedMain] INFO  o.s.b.w.s.c.ServletWebServerApplicationContext - Root WebApplicationContext: initialization completed in 776 ms
[2025-11-03 10:06:29:32514754][restartedMain] INFO  o.h.jpa.internal.util.LogHelper - HHH000204: Processing PersistenceUnitInfo [name: default]
[2025-11-03 10:06:29:32514758][restartedMain] INFO  o.h.c.i.RegionFactoryInitiator - HHH000026: Second-level cache disabled
[2025-11-03 10:06:29:32514772][restartedMain] INFO  o.s.o.j.p.SpringPersistenceUnitInfo - No LoadTimeWeaver setup: ignoring JPA class transformer
[2025-11-03 10:06:29:32514773][restartedMain] INFO  com.zaxxer.hikari.HikariDataSource - HikariPool-30 - Starting...
[2025-11-03 10:06:29:32514782][restartedMain] INFO  com.zaxxer.hikari.pool.HikariPool - HikariPool-30 - Added connection org.mariadb.jdbc.Connection@5eb079f
[2025-11-03 10:06:29:32514783][restartedMain] INFO  com.zaxxer.hikari.HikariDataSource - HikariPool-30 - Start completed.
[2025-11-03 10:06:29:32514784][restartedMain] WARN  org.hibernate.orm.deprecation - HHH90000025: MariaDBDialect does not need to be specified explicitly using 'hibernate.dialect' (remove the property setting and it will be selected by default)
[2025-11-03 10:06:29:32514784][restartedMain] INFO  o.hibernate.orm.connections.pooling - HHH10001005: Database info:
	Database JDBC URL [Connecting through datasource 'p6SpyDataSourceDecorator [com.p6spy.engine.spy.P6DataSource] -> dataSource [com.zaxxer.hikari.HikariDataSource]']
	Database driver: undefined/unknown
	Database version: 11.8.2
	Autocommit mode: undefined/unknown
	Isolation level: undefined/unknown
	Minimum pool size: undefined/unknown
	Maximum pool size: undefined/unknown
[2025-11-03 10:06:29:32514785][restartedMain] DEBUG o.h.t.d.sql.spi.DdlTypeRegistry - addDescriptor(12, org.hibernate.type.descriptor.sql.internal.CapacityDependentDdlType@f90c32f) replaced previous registration(org.hibernate.type.descriptor.sql.internal.CapacityDependentDdlType@35950b99)
[2025-11-03 10:06:29:32514785][restartedMain] DEBUG o.h.t.d.sql.spi.DdlTypeRegistry - addDescriptor(-9, org.hibernate.type.descriptor.sql.internal.CapacityDependentDdlType@11762de6) replaced previous registration(org.hibernate.type.descriptor.sql.internal.CapacityDependentDdlType@4725730d)
[2025-11-03 10:06:29:32514785][restartedMain] DEBUG o.h.t.d.sql.spi.DdlTypeRegistry - addDescriptor(-3, org.hibernate.type.descriptor.sql.internal.CapacityDependentDdlType@4ea5497d) replaced previous registration(org.hibernate.type.descriptor.sql.internal.CapacityDependentDdlType@53f14af3)
[2025-11-03 10:06:29:32514785][restartedMain] DEBUG o.h.t.d.sql.spi.DdlTypeRegistry - addDescriptor(4003, org.hibernate.type.descriptor.sql.internal.DdlTypeImpl@73c85476) replaced previous registration(org.hibernate.type.descriptor.sql.internal.DdlTypeImpl@1f19ec19)
[2025-11-03 10:06:29:32514785][restartedMain] DEBUG o.h.t.d.sql.spi.DdlTypeRegistry - addDescriptor(4001, org.hibernate.type.descriptor.sql.internal.DdlTypeImpl@7b93b026) replaced previous registration(org.hibernate.type.descriptor.sql.internal.DdlTypeImpl@226cdb75)
[2025-11-03 10:06:29:32514785][restartedMain] DEBUG o.h.t.d.sql.spi.DdlTypeRegistry - addDescriptor(4002, org.hibernate.type.descriptor.sql.internal.DdlTypeImpl@13b640aa) replaced previous registration(org.hibernate.type.descriptor.sql.internal.DdlTypeImpl@439f1fe1)
[2025-11-03 10:06:29:32514785][restartedMain] DEBUG o.h.t.d.sql.spi.DdlTypeRegistry - addDescriptor(2004, org.hibernate.type.descriptor.sql.internal.CapacityDependentDdlType@25eb8534) replaced previous registration(org.hibernate.type.descriptor.sql.internal.DdlTypeImpl@6198458f)
[2025-11-03 10:06:29:32514785][restartedMain] DEBUG o.h.t.d.sql.spi.DdlTypeRegistry - addDescriptor(2005, org.hibernate.type.descriptor.sql.internal.CapacityDependentDdlType@408afa06) replaced previous registration(org.hibernate.type.descriptor.sql.internal.DdlTypeImpl@7b5185e1)
[2025-11-03 10:06:29:32514785][restartedMain] DEBUG o.h.t.d.sql.spi.DdlTypeRegistry - addDescriptor(2011, org.hibernate.type.descriptor.sql.internal.CapacityDependentDdlType@2ea7d9a) replaced previous registration(org.hibernate.type.descriptor.sql.internal.DdlTypeImpl@217de475)
[2025-11-03 10:06:29:32514929][restartedMain] INFO  o.h.e.t.j.p.i.JtaPlatformInitiator - HHH000489: No JTA platform available (set 'hibernate.transaction.jta.platform' to enable JTA platform integration)
[2025-11-03 10:06:29:32514930][restartedMain] INFO  p6spy - #1762131989768 | took 0ms | statement | connection 63| url jdbc:mariadb://localhost/modu?user=root&password=***&prepStmtCacheSqlLimit=2048&useServerPrepStmts=true
select table_name from information_schema.TABLES where table_schema=database() and table_type='SEQUENCE'
select table_name from information_schema.TABLES where table_schema=database() and table_type='SEQUENCE';
[2025-11-03 10:06:29:32514946][restartedMain] ERROR o.s.o.j.LocalContainerEntityManagerFactoryBean - Failed to initialize JPA EntityManagerFactory: [PersistenceUnit: default] Unable to build Hibernate SessionFactory; nested exception is org.hibernate.tool.schema.spi.SchemaManagementException: Schema-validation: missing column [create_at] in table [user_setting]
[2025-11-03 10:06:29:32514946][restartedMain] WARN  o.s.b.w.s.c.AnnotationConfigServletWebServerApplicationContext - Exception encountered during context initialization - cancelling refresh attempt: org.springframework.beans.factory.BeanCreationException: Error creating bean with name 'entityManagerFactory' defined in class path resource [org/springframework/boot/autoconfigure/orm/jpa/HibernateJpaConfiguration.class]: [PersistenceUnit: default] Unable to build Hibernate SessionFactory; nested exception is org.hibernate.tool.schema.spi.SchemaManagementException: Schema-validation: missing column [create_at] in table [user_setting]
[2025-11-03 10:06:29:32514946][restartedMain] INFO  com.zaxxer.hikari.HikariDataSource - HikariPool-30 - Shutdown initiated...
[2025-11-03 10:06:29:32514964][restartedMain] INFO  com.zaxxer.hikari.HikariDataSource - HikariPool-30 - Shutdown completed.
[2025-11-03 10:06:29:32514965][restartedMain] INFO  o.a.catalina.core.StandardService - Stopping service [Tomcat]
[2025-11-03 10:06:29:32514971][restartedMain] INFO  o.s.b.a.l.ConditionEvaluationReportLogger - 

Error starting ApplicationContext. To display the condition evaluation report re-run your application with 'debug' enabled.
[2025-11-03 10:06:29:32514975][restartedMain] ERROR o.s.boot.SpringApplication - Application run failed
org.springframework.beans.factory.BeanCreationException: Error creating bean with name 'entityManagerFactory' defined in class path resource [org/springframework/boot/autoconfigure/orm/jpa/HibernateJpaConfiguration.class]: [PersistenceUnit: default] Unable to build Hibernate SessionFactory; nested exception is org.hibernate.tool.schema.spi.SchemaManagementException: Schema-validation: missing column [create_at] in table [user_setting]
	at org.springframework.beans.factory.support.AbstractAutowireCapableBeanFactory.initializeBean(AbstractAutowireCapableBeanFactory.java:1826)
	at org.springframework.beans.factory.support.AbstractAutowireCapableBeanFactory.doCreateBean(AbstractAutowireCapableBeanFactory.java:607)
	at org.springframework.beans.factory.support.AbstractAutowireCapableBeanFactory.createBean(AbstractAutowireCapableBeanFactory.java:529)
	at org.springframework.beans.factory.support.AbstractBeanFactory.lambda$doGetBean$0(AbstractBeanFactory.java:339)
	at org.springframework.beans.factory.support.DefaultSingletonBeanRegistry.getSingleton(DefaultSingletonBeanRegistry.java:373)
	at org.springframework.beans.factory.support.AbstractBeanFactory.doGetBean(AbstractBeanFactory.java:337)
	at org.springframework.beans.factory.support.AbstractBeanFactory.getBean(AbstractBeanFactory.java:207)
	at org.springframework.context.support.AbstractApplicationContext.finishBeanFactoryInitialization(AbstractApplicationContext.java:973)
	at org.springframework.context.support.AbstractApplicationContext.refresh(AbstractApplicationContext.java:627)
	at org.springframework.boot.web.servlet.context.ServletWebServerApplicationContext.refresh(ServletWebServerApplicationContext.java:146)
	at org.springframework.boot.SpringApplication.refresh(SpringApplication.java:752)
	at org.springframework.boot.SpringApplication.refreshContext(SpringApplication.java:439)
	at org.springframework.boot.SpringApplication.run(SpringApplication.java:318)
	at org.springframework.boot.SpringApplication.run(SpringApplication.java:1361)
	at org.springframework.boot.SpringApplication.run(SpringApplication.java:1350)
	at back.code.ModuBackApplication.main(ModuBackApplication.java:10)
	at java.base/jdk.internal.reflect.DirectMethodHandleAccessor.invoke(DirectMethodHandleAccessor.java:103)
	at java.base/java.lang.reflect.Method.invoke(Method.java:580)
	at org.springframework.boot.devtools.restart.RestartLauncher.run(RestartLauncher.java:50)
Caused by: jakarta.persistence.PersistenceException: [PersistenceUnit: default] Unable to build Hibernate SessionFactory; nested exception is org.hibernate.tool.schema.spi.SchemaManagementException: Schema-validation: missing column [create_at] in table [user_setting]
	at org.springframework.orm.jpa.AbstractEntityManagerFactoryBean.buildNativeEntityManagerFactory(AbstractEntityManagerFactoryBean.java:431)
	at org.springframework.orm.jpa.AbstractEntityManagerFactoryBean.afterPropertiesSet(AbstractEntityManagerFactoryBean.java:400)
	at org.springframework.orm.jpa.LocalContainerEntityManagerFactoryBean.afterPropertiesSet(LocalContainerEntityManagerFactoryBean.java:366)
	at org.springframework.beans.factory.support.AbstractAutowireCapableBeanFactory.invokeInitMethods(AbstractAutowireCapableBeanFactory.java:1873)
	at org.springframework.beans.factory.support.AbstractAutowireCapableBeanFactory.initializeBean(AbstractAutowireCapableBeanFactory.java:1822)
	... 18 common frames omitted
Caused by: org.hibernate.tool.schema.spi.SchemaManagementException: Schema-validation: missing column [create_at] in table [user_setting]
	at org.hibernate.tool.schema.internal.AbstractSchemaValidator.validateTable(AbstractSchemaValidator.java:149)
	at org.hibernate.tool.schema.internal.GroupedSchemaValidatorImpl.validateTables(GroupedSchemaValidatorImpl.java:46)
	at org.hibernate.tool.schema.internal.AbstractSchemaValidator.performValidation(AbstractSchemaValidator.java:99)
	at org.hibernate.tool.schema.internal.AbstractSchemaValidator.doValidation(AbstractSchemaValidator.java:77)
	at org.hibernate.tool.schema.spi.SchemaManagementToolCoordinator.performDatabaseAction(SchemaManagementToolCoordinator.java:289)
	at org.hibernate.tool.schema.spi.SchemaManagementToolCoordinator.lambda$process$5(SchemaManagementToolCoordinator.java:144)
	at java.base/java.util.HashMap.forEach(HashMap.java:1429)
	at org.hibernate.tool.schema.spi.SchemaManagementToolCoordinator.process(SchemaManagementToolCoordinator.java:141)
	at org.hibernate.boot.internal.SessionFactoryObserverForSchemaExport.sessionFactoryCreated(SessionFactoryObserverForSchemaExport.java:37)
	at org.hibernate.internal.SessionFactoryObserverChain.sessionFactoryCreated(SessionFactoryObserverChain.java:35)
	at org.hibernate.internal.SessionFactoryImpl.<init>(SessionFactoryImpl.java:324)
	at org.hibernate.boot.internal.SessionFactoryBuilderImpl.build(SessionFactoryBuilderImpl.java:463)
	at org.hibernate.jpa.boot.internal.EntityManagerFactoryBuilderImpl.build(EntityManagerFactoryBuilderImpl.java:1517)
	at org.springframework.orm.jpa.vendor.SpringHibernateJpaPersistenceProvider.createContainerEntityManagerFactory(SpringHibernateJpaPersistenceProvider.java:66)
	at org.springframework.orm.jpa.LocalContainerEntityManagerFactoryBean.createNativeEntityManagerFactory(LocalContainerEntityManagerFactoryBean.java:390)
	at org.springframework.orm.jpa.AbstractEntityManagerFactoryBean.buildNativeEntityManagerFactory(AbstractEntityManagerFactoryBean.java:419)
	... 22 common frames omitted
[2025-11-03 10:08:00:849][background-preinit] INFO  o.h.validator.internal.util.Version - HV000001: Hibernate Validator 8.0.3.Final
[2025-11-03 10:08:01:893][restartedMain] INFO  back.code.ModuBackApplication - Starting ModuBackApplication using Java 21.0.7 with PID 24004 (C:\modu_project\modu_back\build\classes\java\main started by sm002 in C:\modu_project\modu_back)
[2025-11-03 10:08:01:894][restartedMain] INFO  back.code.ModuBackApplication - No active profile set, falling back to 1 default profile: "default"
[2025-11-03 10:08:01:948][restartedMain] INFO  o.s.b.d.e.DevToolsPropertyDefaultsPostProcessor - Devtools property defaults active! Set 'spring.devtools.add-properties' to 'false' to disable
[2025-11-03 10:08:01:948][restartedMain] INFO  o.s.b.d.e.DevToolsPropertyDefaultsPostProcessor - For additional web related logging consider setting the 'logging.level.web' property to 'DEBUG'
[2025-11-03 10:08:01:1845][restartedMain] INFO  o.s.d.r.c.RepositoryConfigurationDelegate - Bootstrapping Spring Data JPA repositories in DEFAULT mode.
[2025-11-03 10:08:02:1983][restartedMain] INFO  o.s.d.r.c.RepositoryConfigurationDelegate - Finished Spring Data repository scanning in 131 ms. Found 4 JPA repository interfaces.
[2025-11-03 10:08:02:2631][restartedMain] INFO  o.s.b.w.e.tomcat.TomcatWebServer - Tomcat initialized with port 9090 (http)
[2025-11-03 10:08:02:2644][restartedMain] INFO  o.a.coyote.http11.Http11NioProtocol - Initializing ProtocolHandler ["http-nio-9090"]
[2025-11-03 10:08:02:2645][restartedMain] INFO  o.a.catalina.core.StandardService - Starting service [Tomcat]
[2025-11-03 10:08:02:2645][restartedMain] INFO  o.a.catalina.core.StandardEngine - Starting Servlet engine: [Apache Tomcat/10.1.48]
[2025-11-03 10:08:02:2703][restartedMain] INFO  o.a.c.c.C.[Tomcat].[localhost].[/] - Initializing Spring embedded WebApplicationContext
[2025-11-03 10:08:02:2703][restartedMain] INFO  o.s.b.w.s.c.ServletWebServerApplicationContext - Root WebApplicationContext: initialization completed in 1755 ms
[2025-11-03 10:08:03:2870][restartedMain] INFO  o.h.jpa.internal.util.LogHelper - HHH000204: Processing PersistenceUnitInfo [name: default]
[2025-11-03 10:08:03:2936][restartedMain] INFO  org.hibernate.Version - HHH000412: Hibernate ORM core version 6.6.33.Final
[2025-11-03 10:08:03:2973][restartedMain] INFO  o.h.c.i.RegionFactoryInitiator - HHH000026: Second-level cache disabled
[2025-11-03 10:08:03:3246][restartedMain] INFO  o.s.o.j.p.SpringPersistenceUnitInfo - No LoadTimeWeaver setup: ignoring JPA class transformer
[2025-11-03 10:08:03:3279][restartedMain] INFO  com.zaxxer.hikari.HikariDataSource - HikariPool-1 - Starting...
[2025-11-03 10:08:03:3361][restartedMain] INFO  com.zaxxer.hikari.pool.HikariPool - HikariPool-1 - Added connection org.mariadb.jdbc.Connection@48732614
[2025-11-03 10:08:03:3363][restartedMain] INFO  com.zaxxer.hikari.HikariDataSource - HikariPool-1 - Start completed.
[2025-11-03 10:08:03:3391][restartedMain] WARN  org.hibernate.orm.deprecation - HHH90000025: MariaDBDialect does not need to be specified explicitly using 'hibernate.dialect' (remove the property setting and it will be selected by default)
[2025-11-03 10:08:03:3407][restartedMain] INFO  o.hibernate.orm.connections.pooling - HHH10001005: Database info:
	Database JDBC URL [Connecting through datasource 'p6SpyDataSourceDecorator [com.p6spy.engine.spy.P6DataSource] -> dataSource [com.zaxxer.hikari.HikariDataSource]']
	Database driver: undefined/unknown
	Database version: 11.8.2
	Autocommit mode: undefined/unknown
	Isolation level: undefined/unknown
	Minimum pool size: undefined/unknown
	Maximum pool size: undefined/unknown
[2025-11-03 10:08:03:3414][restartedMain] DEBUG o.h.t.d.sql.spi.DdlTypeRegistry - addDescriptor(12, org.hibernate.type.descriptor.sql.internal.CapacityDependentDdlType@585a4ca8) replaced previous registration(org.hibernate.type.descriptor.sql.internal.CapacityDependentDdlType@60996332)
[2025-11-03 10:08:03:3414][restartedMain] DEBUG o.h.t.d.sql.spi.DdlTypeRegistry - addDescriptor(-9, org.hibernate.type.descriptor.sql.internal.CapacityDependentDdlType@69a71443) replaced previous registration(org.hibernate.type.descriptor.sql.internal.CapacityDependentDdlType@1a1d3ff5)
[2025-11-03 10:08:03:3414][restartedMain] DEBUG o.h.t.d.sql.spi.DdlTypeRegistry - addDescriptor(-3, org.hibernate.type.descriptor.sql.internal.CapacityDependentDdlType@10280f12) replaced previous registration(org.hibernate.type.descriptor.sql.internal.CapacityDependentDdlType@3b837ed6)
[2025-11-03 10:08:03:3414][restartedMain] DEBUG o.h.t.d.sql.spi.DdlTypeRegistry - addDescriptor(4003, org.hibernate.type.descriptor.sql.internal.DdlTypeImpl@6ad770e9) replaced previous registration(org.hibernate.type.descriptor.sql.internal.DdlTypeImpl@19c608d1)
[2025-11-03 10:08:03:3414][restartedMain] DEBUG o.h.t.d.sql.spi.DdlTypeRegistry - addDescriptor(4001, org.hibernate.type.descriptor.sql.internal.DdlTypeImpl@49c6d464) replaced previous registration(org.hibernate.type.descriptor.sql.internal.DdlTypeImpl@69937644)
[2025-11-03 10:08:03:3414][restartedMain] DEBUG o.h.t.d.sql.spi.DdlTypeRegistry - addDescriptor(4002, org.hibernate.type.descriptor.sql.internal.DdlTypeImpl@381203a7) replaced previous registration(org.hibernate.type.descriptor.sql.internal.DdlTypeImpl@113b04f4)
[2025-11-03 10:08:03:3414][restartedMain] DEBUG o.h.t.d.sql.spi.DdlTypeRegistry - addDescriptor(2004, org.hibernate.type.descriptor.sql.internal.CapacityDependentDdlType@6ea18743) replaced previous registration(org.hibernate.type.descriptor.sql.internal.DdlTypeImpl@1cf2fd85)
[2025-11-03 10:08:03:3414][restartedMain] DEBUG o.h.t.d.sql.spi.DdlTypeRegistry - addDescriptor(2005, org.hibernate.type.descriptor.sql.internal.CapacityDependentDdlType@3455ca87) replaced previous registration(org.hibernate.type.descriptor.sql.internal.DdlTypeImpl@7d00645d)
[2025-11-03 10:08:03:3414][restartedMain] DEBUG o.h.t.d.sql.spi.DdlTypeRegistry - addDescriptor(2011, org.hibernate.type.descriptor.sql.internal.CapacityDependentDdlType@1ff97f21) replaced previous registration(org.hibernate.type.descriptor.sql.internal.DdlTypeImpl@146ca78e)
[2025-11-03 10:08:04:4234][restartedMain] INFO  o.h.e.t.j.p.i.JtaPlatformInitiator - HHH000489: No JTA platform available (set 'hibernate.transaction.jta.platform' to enable JTA platform integration)
[2025-11-03 10:08:04:4261][restartedMain] INFO  p6spy - #1762132084401 | took 3ms | statement | connection 1| url jdbc:mariadb://localhost/modu?user=root&password=***&prepStmtCacheSqlLimit=2048&useServerPrepStmts=true
select table_name from information_schema.TABLES where table_schema=database() and table_type='SEQUENCE'
select table_name from information_schema.TABLES where table_schema=database() and table_type='SEQUENCE';
[2025-11-03 10:08:04:4281][restartedMain] ERROR o.s.o.j.LocalContainerEntityManagerFactoryBean - Failed to initialize JPA EntityManagerFactory: [PersistenceUnit: default] Unable to build Hibernate SessionFactory; nested exception is org.hibernate.tool.schema.spi.SchemaManagementException: Schema-validation: missing column [create_at] in table [user_setting]
[2025-11-03 10:08:04:4282][restartedMain] WARN  o.s.b.w.s.c.AnnotationConfigServletWebServerApplicationContext - Exception encountered during context initialization - cancelling refresh attempt: org.springframework.beans.factory.BeanCreationException: Error creating bean with name 'entityManagerFactory' defined in class path resource [org/springframework/boot/autoconfigure/orm/jpa/HibernateJpaConfiguration.class]: [PersistenceUnit: default] Unable to build Hibernate SessionFactory; nested exception is org.hibernate.tool.schema.spi.SchemaManagementException: Schema-validation: missing column [create_at] in table [user_setting]
[2025-11-03 10:08:04:4282][restartedMain] INFO  com.zaxxer.hikari.HikariDataSource - HikariPool-1 - Shutdown initiated...
[2025-11-03 10:08:04:4292][restartedMain] INFO  com.zaxxer.hikari.HikariDataSource - HikariPool-1 - Shutdown completed.
[2025-11-03 10:08:04:4294][restartedMain] INFO  o.a.catalina.core.StandardService - Stopping service [Tomcat]
[2025-11-03 10:08:04:4303][restartedMain] INFO  o.s.b.a.l.ConditionEvaluationReportLogger - 

Error starting ApplicationContext. To display the condition evaluation report re-run your application with 'debug' enabled.
[2025-11-03 10:08:04:4317][restartedMain] ERROR o.s.boot.SpringApplication - Application run failed
org.springframework.beans.factory.BeanCreationException: Error creating bean with name 'entityManagerFactory' defined in class path resource [org/springframework/boot/autoconfigure/orm/jpa/HibernateJpaConfiguration.class]: [PersistenceUnit: default] Unable to build Hibernate SessionFactory; nested exception is org.hibernate.tool.schema.spi.SchemaManagementException: Schema-validation: missing column [create_at] in table [user_setting]
	at org.springframework.beans.factory.support.AbstractAutowireCapableBeanFactory.initializeBean(AbstractAutowireCapableBeanFactory.java:1826)
	at org.springframework.beans.factory.support.AbstractAutowireCapableBeanFactory.doCreateBean(AbstractAutowireCapableBeanFactory.java:607)
	at org.springframework.beans.factory.support.AbstractAutowireCapableBeanFactory.createBean(AbstractAutowireCapableBeanFactory.java:529)
	at org.springframework.beans.factory.support.AbstractBeanFactory.lambda$doGetBean$0(AbstractBeanFactory.java:339)
	at org.springframework.beans.factory.support.DefaultSingletonBeanRegistry.getSingleton(DefaultSingletonBeanRegistry.java:373)
	at org.springframework.beans.factory.support.AbstractBeanFactory.doGetBean(AbstractBeanFactory.java:337)
	at org.springframework.beans.factory.support.AbstractBeanFactory.getBean(AbstractBeanFactory.java:207)
	at org.springframework.context.support.AbstractApplicationContext.finishBeanFactoryInitialization(AbstractApplicationContext.java:973)
	at org.springframework.context.support.AbstractApplicationContext.refresh(AbstractApplicationContext.java:627)
	at org.springframework.boot.web.servlet.context.ServletWebServerApplicationContext.refresh(ServletWebServerApplicationContext.java:146)
	at org.springframework.boot.SpringApplication.refresh(SpringApplication.java:752)
	at org.springframework.boot.SpringApplication.refreshContext(SpringApplication.java:439)
	at org.springframework.boot.SpringApplication.run(SpringApplication.java:318)
	at org.springframework.boot.SpringApplication.run(SpringApplication.java:1361)
	at org.springframework.boot.SpringApplication.run(SpringApplication.java:1350)
	at back.code.ModuBackApplication.main(ModuBackApplication.java:10)
	at java.base/jdk.internal.reflect.DirectMethodHandleAccessor.invoke(DirectMethodHandleAccessor.java:103)
	at java.base/java.lang.reflect.Method.invoke(Method.java:580)
	at org.springframework.boot.devtools.restart.RestartLauncher.run(RestartLauncher.java:50)
Caused by: jakarta.persistence.PersistenceException: [PersistenceUnit: default] Unable to build Hibernate SessionFactory; nested exception is org.hibernate.tool.schema.spi.SchemaManagementException: Schema-validation: missing column [create_at] in table [user_setting]
	at org.springframework.orm.jpa.AbstractEntityManagerFactoryBean.buildNativeEntityManagerFactory(AbstractEntityManagerFactoryBean.java:431)
	at org.springframework.orm.jpa.AbstractEntityManagerFactoryBean.afterPropertiesSet(AbstractEntityManagerFactoryBean.java:400)
	at org.springframework.orm.jpa.LocalContainerEntityManagerFactoryBean.afterPropertiesSet(LocalContainerEntityManagerFactoryBean.java:366)
	at org.springframework.beans.factory.support.AbstractAutowireCapableBeanFactory.invokeInitMethods(AbstractAutowireCapableBeanFactory.java:1873)
	at org.springframework.beans.factory.support.AbstractAutowireCapableBeanFactory.initializeBean(AbstractAutowireCapableBeanFactory.java:1822)
	... 18 common frames omitted
Caused by: org.hibernate.tool.schema.spi.SchemaManagementException: Schema-validation: missing column [create_at] in table [user_setting]
	at org.hibernate.tool.schema.internal.AbstractSchemaValidator.validateTable(AbstractSchemaValidator.java:149)
	at org.hibernate.tool.schema.internal.GroupedSchemaValidatorImpl.validateTables(GroupedSchemaValidatorImpl.java:46)
	at org.hibernate.tool.schema.internal.AbstractSchemaValidator.performValidation(AbstractSchemaValidator.java:99)
	at org.hibernate.tool.schema.internal.AbstractSchemaValidator.doValidation(AbstractSchemaValidator.java:77)
	at org.hibernate.tool.schema.spi.SchemaManagementToolCoordinator.performDatabaseAction(SchemaManagementToolCoordinator.java:289)
	at org.hibernate.tool.schema.spi.SchemaManagementToolCoordinator.lambda$process$5(SchemaManagementToolCoordinator.java:144)
	at java.base/java.util.HashMap.forEach(HashMap.java:1429)
	at org.hibernate.tool.schema.spi.SchemaManagementToolCoordinator.process(SchemaManagementToolCoordinator.java:141)
	at org.hibernate.boot.internal.SessionFactoryObserverForSchemaExport.sessionFactoryCreated(SessionFactoryObserverForSchemaExport.java:37)
	at org.hibernate.internal.SessionFactoryObserverChain.sessionFactoryCreated(SessionFactoryObserverChain.java:35)
	at org.hibernate.internal.SessionFactoryImpl.<init>(SessionFactoryImpl.java:324)
	at org.hibernate.boot.internal.SessionFactoryBuilderImpl.build(SessionFactoryBuilderImpl.java:463)
	at org.hibernate.jpa.boot.internal.EntityManagerFactoryBuilderImpl.build(EntityManagerFactoryBuilderImpl.java:1517)
	at org.springframework.orm.jpa.vendor.SpringHibernateJpaPersistenceProvider.createContainerEntityManagerFactory(SpringHibernateJpaPersistenceProvider.java:66)
	at org.springframework.orm.jpa.LocalContainerEntityManagerFactoryBean.createNativeEntityManagerFactory(LocalContainerEntityManagerFactoryBean.java:390)
	at org.springframework.orm.jpa.AbstractEntityManagerFactoryBean.buildNativeEntityManagerFactory(AbstractEntityManagerFactoryBean.java:419)
	... 22 common frames omitted
[2025-11-03 10:08:48:715][background-preinit] INFO  o.h.validator.internal.util.Version - HV000001: Hibernate Validator 8.0.3.Final
[2025-11-03 10:08:48:758][restartedMain] INFO  back.code.ModuBackApplication - Starting ModuBackApplication using Java 21.0.7 with PID 23780 (C:\modu_project\modu_back\build\classes\java\main started by sm002 in C:\modu_project\modu_back)
[2025-11-03 10:08:48:758][restartedMain] INFO  back.code.ModuBackApplication - No active profile set, falling back to 1 default profile: "default"
[2025-11-03 10:08:48:805][restartedMain] INFO  o.s.b.d.e.DevToolsPropertyDefaultsPostProcessor - Devtools property defaults active! Set 'spring.devtools.add-properties' to 'false' to disable
[2025-11-03 10:08:48:805][restartedMain] INFO  o.s.b.d.e.DevToolsPropertyDefaultsPostProcessor - For additional web related logging consider setting the 'logging.level.web' property to 'DEBUG'
[2025-11-03 10:08:49:1578][restartedMain] INFO  o.s.d.r.c.RepositoryConfigurationDelegate - Bootstrapping Spring Data JPA repositories in DEFAULT mode.
[2025-11-03 10:08:49:1707][restartedMain] INFO  o.s.d.r.c.RepositoryConfigurationDelegate - Finished Spring Data repository scanning in 122 ms. Found 4 JPA repository interfaces.
[2025-11-03 10:08:50:2275][restartedMain] INFO  o.s.b.w.e.tomcat.TomcatWebServer - Tomcat initialized with port 9090 (http)
[2025-11-03 10:08:50:2286][restartedMain] INFO  o.a.coyote.http11.Http11NioProtocol - Initializing ProtocolHandler ["http-nio-9090"]
[2025-11-03 10:08:50:2287][restartedMain] INFO  o.a.catalina.core.StandardService - Starting service [Tomcat]
[2025-11-03 10:08:50:2287][restartedMain] INFO  o.a.catalina.core.StandardEngine - Starting Servlet engine: [Apache Tomcat/10.1.48]
[2025-11-03 10:08:50:2344][restartedMain] INFO  o.a.c.c.C.[Tomcat].[localhost].[/] - Initializing Spring embedded WebApplicationContext
[2025-11-03 10:08:50:2344][restartedMain] INFO  o.s.b.w.s.c.ServletWebServerApplicationContext - Root WebApplicationContext: initialization completed in 1539 ms
[2025-11-03 10:08:50:2505][restartedMain] INFO  o.h.jpa.internal.util.LogHelper - HHH000204: Processing PersistenceUnitInfo [name: default]
[2025-11-03 10:08:50:2551][restartedMain] INFO  org.hibernate.Version - HHH000412: Hibernate ORM core version 6.6.33.Final
[2025-11-03 10:08:50:2577][restartedMain] INFO  o.h.c.i.RegionFactoryInitiator - HHH000026: Second-level cache disabled
[2025-11-03 10:08:50:2815][restartedMain] INFO  o.s.o.j.p.SpringPersistenceUnitInfo - No LoadTimeWeaver setup: ignoring JPA class transformer
[2025-11-03 10:08:50:2841][restartedMain] INFO  com.zaxxer.hikari.HikariDataSource - HikariPool-1 - Starting...
[2025-11-03 10:08:51:2918][restartedMain] INFO  com.zaxxer.hikari.pool.HikariPool - HikariPool-1 - Added connection org.mariadb.jdbc.Connection@512dee4f
[2025-11-03 10:08:51:2923][restartedMain] INFO  com.zaxxer.hikari.HikariDataSource - HikariPool-1 - Start completed.
[2025-11-03 10:08:51:2949][restartedMain] WARN  org.hibernate.orm.deprecation - HHH90000025: MariaDBDialect does not need to be specified explicitly using 'hibernate.dialect' (remove the property setting and it will be selected by default)
[2025-11-03 10:08:51:2964][restartedMain] INFO  o.hibernate.orm.connections.pooling - HHH10001005: Database info:
	Database JDBC URL [Connecting through datasource 'p6SpyDataSourceDecorator [com.p6spy.engine.spy.P6DataSource] -> dataSource [com.zaxxer.hikari.HikariDataSource]']
	Database driver: undefined/unknown
	Database version: 11.8.2
	Autocommit mode: undefined/unknown
	Isolation level: undefined/unknown
	Minimum pool size: undefined/unknown
	Maximum pool size: undefined/unknown
[2025-11-03 10:08:51:2971][restartedMain] DEBUG o.h.t.d.sql.spi.DdlTypeRegistry - addDescriptor(12, org.hibernate.type.descriptor.sql.internal.CapacityDependentDdlType@4bb1784e) replaced previous registration(org.hibernate.type.descriptor.sql.internal.CapacityDependentDdlType@7bfa0767)
[2025-11-03 10:08:51:2971][restartedMain] DEBUG o.h.t.d.sql.spi.DdlTypeRegistry - addDescriptor(-9, org.hibernate.type.descriptor.sql.internal.CapacityDependentDdlType@174ff388) replaced previous registration(org.hibernate.type.descriptor.sql.internal.CapacityDependentDdlType@2e583c62)
[2025-11-03 10:08:51:2971][restartedMain] DEBUG o.h.t.d.sql.spi.DdlTypeRegistry - addDescriptor(-3, org.hibernate.type.descriptor.sql.internal.CapacityDependentDdlType@6eeb52ef) replaced previous registration(org.hibernate.type.descriptor.sql.internal.CapacityDependentDdlType@4501a16a)
[2025-11-03 10:08:51:2971][restartedMain] DEBUG o.h.t.d.sql.spi.DdlTypeRegistry - addDescriptor(4003, org.hibernate.type.descriptor.sql.internal.DdlTypeImpl@2dbac9f1) replaced previous registration(org.hibernate.type.descriptor.sql.internal.DdlTypeImpl@426e5b08)
[2025-11-03 10:08:51:2971][restartedMain] DEBUG o.h.t.d.sql.spi.DdlTypeRegistry - addDescriptor(4001, org.hibernate.type.descriptor.sql.internal.DdlTypeImpl@76260580) replaced previous registration(org.hibernate.type.descriptor.sql.internal.DdlTypeImpl@3e64f0df)
[2025-11-03 10:08:51:2971][restartedMain] DEBUG o.h.t.d.sql.spi.DdlTypeRegistry - addDescriptor(4002, org.hibernate.type.descriptor.sql.internal.DdlTypeImpl@456a43a3) replaced previous registration(org.hibernate.type.descriptor.sql.internal.DdlTypeImpl@75ecf61d)
[2025-11-03 10:08:51:2971][restartedMain] DEBUG o.h.t.d.sql.spi.DdlTypeRegistry - addDescriptor(2004, org.hibernate.type.descriptor.sql.internal.CapacityDependentDdlType@33a0e725) replaced previous registration(org.hibernate.type.descriptor.sql.internal.DdlTypeImpl@2a5b1b86)
[2025-11-03 10:08:51:2971][restartedMain] DEBUG o.h.t.d.sql.spi.DdlTypeRegistry - addDescriptor(2005, org.hibernate.type.descriptor.sql.internal.CapacityDependentDdlType@3dbb2235) replaced previous registration(org.hibernate.type.descriptor.sql.internal.DdlTypeImpl@2f756781)
[2025-11-03 10:08:51:2972][restartedMain] DEBUG o.h.t.d.sql.spi.DdlTypeRegistry - addDescriptor(2011, org.hibernate.type.descriptor.sql.internal.CapacityDependentDdlType@1b582485) replaced previous registration(org.hibernate.type.descriptor.sql.internal.DdlTypeImpl@69ad8b43)
[2025-11-03 10:08:51:3727][restartedMain] INFO  o.h.e.t.j.p.i.JtaPlatformInitiator - HHH000489: No JTA platform available (set 'hibernate.transaction.jta.platform' to enable JTA platform integration)
[2025-11-03 10:08:51:3750][restartedMain] INFO  p6spy - #1762132131884 | took 3ms | statement | connection 1| url jdbc:mariadb://localhost/modu?user=root&password=***&prepStmtCacheSqlLimit=2048&useServerPrepStmts=true
select table_name from information_schema.TABLES where table_schema=database() and table_type='SEQUENCE'
select table_name from information_schema.TABLES where table_schema=database() and table_type='SEQUENCE';
[2025-11-03 10:08:51:3787][restartedMain] ERROR o.s.o.j.LocalContainerEntityManagerFactoryBean - Failed to initialize JPA EntityManagerFactory: [PersistenceUnit: default] Unable to build Hibernate SessionFactory; nested exception is org.hibernate.tool.schema.spi.SchemaManagementException: Schema-validation: wrong column type encountered in column [alarm_allowed] in table [user_setting]; found [char (Types#CHAR)], but expecting [varchar(255) (Types#VARCHAR)]
[2025-11-03 10:08:51:3787][restartedMain] WARN  o.s.b.w.s.c.AnnotationConfigServletWebServerApplicationContext - Exception encountered during context initialization - cancelling refresh attempt: org.springframework.beans.factory.BeanCreationException: Error creating bean with name 'entityManagerFactory' defined in class path resource [org/springframework/boot/autoconfigure/orm/jpa/HibernateJpaConfiguration.class]: [PersistenceUnit: default] Unable to build Hibernate SessionFactory; nested exception is org.hibernate.tool.schema.spi.SchemaManagementException: Schema-validation: wrong column type encountered in column [alarm_allowed] in table [user_setting]; found [char (Types#CHAR)], but expecting [varchar(255) (Types#VARCHAR)]
[2025-11-03 10:08:51:3788][restartedMain] INFO  com.zaxxer.hikari.HikariDataSource - HikariPool-1 - Shutdown initiated...
[2025-11-03 10:08:51:3812][restartedMain] INFO  com.zaxxer.hikari.HikariDataSource - HikariPool-1 - Shutdown completed.
[2025-11-03 10:08:51:3815][restartedMain] INFO  o.a.catalina.core.StandardService - Stopping service [Tomcat]
[2025-11-03 10:08:51:3825][restartedMain] INFO  o.s.b.a.l.ConditionEvaluationReportLogger - 

Error starting ApplicationContext. To display the condition evaluation report re-run your application with 'debug' enabled.
[2025-11-03 10:08:51:3841][restartedMain] ERROR o.s.boot.SpringApplication - Application run failed
org.springframework.beans.factory.BeanCreationException: Error creating bean with name 'entityManagerFactory' defined in class path resource [org/springframework/boot/autoconfigure/orm/jpa/HibernateJpaConfiguration.class]: [PersistenceUnit: default] Unable to build Hibernate SessionFactory; nested exception is org.hibernate.tool.schema.spi.SchemaManagementException: Schema-validation: wrong column type encountered in column [alarm_allowed] in table [user_setting]; found [char (Types#CHAR)], but expecting [varchar(255) (Types#VARCHAR)]
	at org.springframework.beans.factory.support.AbstractAutowireCapableBeanFactory.initializeBean(AbstractAutowireCapableBeanFactory.java:1826)
	at org.springframework.beans.factory.support.AbstractAutowireCapableBeanFactory.doCreateBean(AbstractAutowireCapableBeanFactory.java:607)
	at org.springframework.beans.factory.support.AbstractAutowireCapableBeanFactory.createBean(AbstractAutowireCapableBeanFactory.java:529)
	at org.springframework.beans.factory.support.AbstractBeanFactory.lambda$doGetBean$0(AbstractBeanFactory.java:339)
	at org.springframework.beans.factory.support.DefaultSingletonBeanRegistry.getSingleton(DefaultSingletonBeanRegistry.java:373)
	at org.springframework.beans.factory.support.AbstractBeanFactory.doGetBean(AbstractBeanFactory.java:337)
	at org.springframework.beans.factory.support.AbstractBeanFactory.getBean(AbstractBeanFactory.java:207)
	at org.springframework.context.support.AbstractApplicationContext.finishBeanFactoryInitialization(AbstractApplicationContext.java:973)
	at org.springframework.context.support.AbstractApplicationContext.refresh(AbstractApplicationContext.java:627)
	at org.springframework.boot.web.servlet.context.ServletWebServerApplicationContext.refresh(ServletWebServerApplicationContext.java:146)
	at org.springframework.boot.SpringApplication.refresh(SpringApplication.java:752)
	at org.springframework.boot.SpringApplication.refreshContext(SpringApplication.java:439)
	at org.springframework.boot.SpringApplication.run(SpringApplication.java:318)
	at org.springframework.boot.SpringApplication.run(SpringApplication.java:1361)
	at org.springframework.boot.SpringApplication.run(SpringApplication.java:1350)
	at back.code.ModuBackApplication.main(ModuBackApplication.java:10)
	at java.base/jdk.internal.reflect.DirectMethodHandleAccessor.invoke(DirectMethodHandleAccessor.java:103)
	at java.base/java.lang.reflect.Method.invoke(Method.java:580)
	at org.springframework.boot.devtools.restart.RestartLauncher.run(RestartLauncher.java:50)
Caused by: jakarta.persistence.PersistenceException: [PersistenceUnit: default] Unable to build Hibernate SessionFactory; nested exception is org.hibernate.tool.schema.spi.SchemaManagementException: Schema-validation: wrong column type encountered in column [alarm_allowed] in table [user_setting]; found [char (Types#CHAR)], but expecting [varchar(255) (Types#VARCHAR)]
	at org.springframework.orm.jpa.AbstractEntityManagerFactoryBean.buildNativeEntityManagerFactory(AbstractEntityManagerFactoryBean.java:431)
	at org.springframework.orm.jpa.AbstractEntityManagerFactoryBean.afterPropertiesSet(AbstractEntityManagerFactoryBean.java:400)
	at org.springframework.orm.jpa.LocalContainerEntityManagerFactoryBean.afterPropertiesSet(LocalContainerEntityManagerFactoryBean.java:366)
	at org.springframework.beans.factory.support.AbstractAutowireCapableBeanFactory.invokeInitMethods(AbstractAutowireCapableBeanFactory.java:1873)
	at org.springframework.beans.factory.support.AbstractAutowireCapableBeanFactory.initializeBean(AbstractAutowireCapableBeanFactory.java:1822)
	... 18 common frames omitted
Caused by: org.hibernate.tool.schema.spi.SchemaManagementException: Schema-validation: wrong column type encountered in column [alarm_allowed] in table [user_setting]; found [char (Types#CHAR)], but expecting [varchar(255) (Types#VARCHAR)]
	at org.hibernate.tool.schema.internal.AbstractSchemaValidator.validateColumnType(AbstractSchemaValidator.java:169)
	at org.hibernate.tool.schema.internal.AbstractSchemaValidator.validateTable(AbstractSchemaValidator.java:156)
	at org.hibernate.tool.schema.internal.GroupedSchemaValidatorImpl.validateTables(GroupedSchemaValidatorImpl.java:46)
	at org.hibernate.tool.schema.internal.AbstractSchemaValidator.performValidation(AbstractSchemaValidator.java:99)
	at org.hibernate.tool.schema.internal.AbstractSchemaValidator.doValidation(AbstractSchemaValidator.java:77)
	at org.hibernate.tool.schema.spi.SchemaManagementToolCoordinator.performDatabaseAction(SchemaManagementToolCoordinator.java:289)
	at org.hibernate.tool.schema.spi.SchemaManagementToolCoordinator.lambda$process$5(SchemaManagementToolCoordinator.java:144)
	at java.base/java.util.HashMap.forEach(HashMap.java:1429)
	at org.hibernate.tool.schema.spi.SchemaManagementToolCoordinator.process(SchemaManagementToolCoordinator.java:141)
	at org.hibernate.boot.internal.SessionFactoryObserverForSchemaExport.sessionFactoryCreated(SessionFactoryObserverForSchemaExport.java:37)
	at org.hibernate.internal.SessionFactoryObserverChain.sessionFactoryCreated(SessionFactoryObserverChain.java:35)
	at org.hibernate.internal.SessionFactoryImpl.<init>(SessionFactoryImpl.java:324)
	at org.hibernate.boot.internal.SessionFactoryBuilderImpl.build(SessionFactoryBuilderImpl.java:463)
	at org.hibernate.jpa.boot.internal.EntityManagerFactoryBuilderImpl.build(EntityManagerFactoryBuilderImpl.java:1517)
	at org.springframework.orm.jpa.vendor.SpringHibernateJpaPersistenceProvider.createContainerEntityManagerFactory(SpringHibernateJpaPersistenceProvider.java:66)
	at org.springframework.orm.jpa.LocalContainerEntityManagerFactoryBean.createNativeEntityManagerFactory(LocalContainerEntityManagerFactoryBean.java:390)
	at org.springframework.orm.jpa.AbstractEntityManagerFactoryBean.buildNativeEntityManagerFactory(AbstractEntityManagerFactoryBean.java:419)
	... 22 common frames omitted
[2025-11-03 10:12:29:703][background-preinit] INFO  o.h.validator.internal.util.Version - HV000001: Hibernate Validator 8.0.3.Final
[2025-11-03 10:12:29:751][restartedMain] INFO  back.code.ModuBackApplication - Starting ModuBackApplication using Java 21.0.7 with PID 11012 (C:\modu_project\modu_back\build\classes\java\main started by sm002 in C:\modu_project\modu_back)
[2025-11-03 10:12:29:752][restartedMain] INFO  back.code.ModuBackApplication - No active profile set, falling back to 1 default profile: "default"
[2025-11-03 10:12:29:801][restartedMain] INFO  o.s.b.d.e.DevToolsPropertyDefaultsPostProcessor - Devtools property defaults active! Set 'spring.devtools.add-properties' to 'false' to disable
[2025-11-03 10:12:29:801][restartedMain] INFO  o.s.b.d.e.DevToolsPropertyDefaultsPostProcessor - For additional web related logging consider setting the 'logging.level.web' property to 'DEBUG'
[2025-11-03 10:12:30:1585][restartedMain] INFO  o.s.d.r.c.RepositoryConfigurationDelegate - Bootstrapping Spring Data JPA repositories in DEFAULT mode.
[2025-11-03 10:12:30:1721][restartedMain] INFO  o.s.d.r.c.RepositoryConfigurationDelegate - Finished Spring Data repository scanning in 130 ms. Found 4 JPA repository interfaces.
[2025-11-03 10:12:31:2299][restartedMain] INFO  o.s.b.w.e.tomcat.TomcatWebServer - Tomcat initialized with port 9090 (http)
[2025-11-03 10:12:31:2316][restartedMain] INFO  o.a.coyote.http11.Http11NioProtocol - Initializing ProtocolHandler ["http-nio-9090"]
[2025-11-03 10:12:31:2318][restartedMain] INFO  o.a.catalina.core.StandardService - Starting service [Tomcat]
[2025-11-03 10:12:31:2318][restartedMain] INFO  o.a.catalina.core.StandardEngine - Starting Servlet engine: [Apache Tomcat/10.1.48]
[2025-11-03 10:12:31:2407][restartedMain] INFO  o.a.c.c.C.[Tomcat].[localhost].[/] - Initializing Spring embedded WebApplicationContext
[2025-11-03 10:12:31:2407][restartedMain] INFO  o.s.b.w.s.c.ServletWebServerApplicationContext - Root WebApplicationContext: initialization completed in 1605 ms
[2025-11-03 10:12:31:2692][restartedMain] INFO  o.h.jpa.internal.util.LogHelper - HHH000204: Processing PersistenceUnitInfo [name: default]
[2025-11-03 10:12:31:2774][restartedMain] INFO  org.hibernate.Version - HHH000412: Hibernate ORM core version 6.6.33.Final
[2025-11-03 10:12:31:2822][restartedMain] INFO  o.h.c.i.RegionFactoryInitiator - HHH000026: Second-level cache disabled
[2025-11-03 10:12:31:3182][restartedMain] INFO  o.s.o.j.p.SpringPersistenceUnitInfo - No LoadTimeWeaver setup: ignoring JPA class transformer
[2025-11-03 10:12:31:3214][restartedMain] INFO  com.zaxxer.hikari.HikariDataSource - HikariPool-1 - Starting...
[2025-11-03 10:12:32:3305][restartedMain] INFO  com.zaxxer.hikari.pool.HikariPool - HikariPool-1 - Added connection org.mariadb.jdbc.Connection@214734ba
[2025-11-03 10:12:32:3308][restartedMain] INFO  com.zaxxer.hikari.HikariDataSource - HikariPool-1 - Start completed.
[2025-11-03 10:12:32:3334][restartedMain] WARN  org.hibernate.orm.deprecation - HHH90000025: MariaDBDialect does not need to be specified explicitly using 'hibernate.dialect' (remove the property setting and it will be selected by default)
[2025-11-03 10:12:32:3350][restartedMain] INFO  o.hibernate.orm.connections.pooling - HHH10001005: Database info:
	Database JDBC URL [Connecting through datasource 'p6SpyDataSourceDecorator [com.p6spy.engine.spy.P6DataSource] -> dataSource [com.zaxxer.hikari.HikariDataSource]']
	Database driver: undefined/unknown
	Database version: 11.8.2
	Autocommit mode: undefined/unknown
	Isolation level: undefined/unknown
	Minimum pool size: undefined/unknown
	Maximum pool size: undefined/unknown
[2025-11-03 10:12:32:3356][restartedMain] DEBUG o.h.t.d.sql.spi.DdlTypeRegistry - addDescriptor(12, org.hibernate.type.descriptor.sql.internal.CapacityDependentDdlType@456a43a3) replaced previous registration(org.hibernate.type.descriptor.sql.internal.CapacityDependentDdlType@75ecf61d)
[2025-11-03 10:12:32:3356][restartedMain] DEBUG o.h.t.d.sql.spi.DdlTypeRegistry - addDescriptor(-9, org.hibernate.type.descriptor.sql.internal.CapacityDependentDdlType@33a0e725) replaced previous registration(org.hibernate.type.descriptor.sql.internal.CapacityDependentDdlType@2a5b1b86)
[2025-11-03 10:12:32:3357][restartedMain] DEBUG o.h.t.d.sql.spi.DdlTypeRegistry - addDescriptor(-3, org.hibernate.type.descriptor.sql.internal.CapacityDependentDdlType@3dbb2235) replaced previous registration(org.hibernate.type.descriptor.sql.internal.CapacityDependentDdlType@2f756781)
[2025-11-03 10:12:32:3357][restartedMain] DEBUG o.h.t.d.sql.spi.DdlTypeRegistry - addDescriptor(4003, org.hibernate.type.descriptor.sql.internal.DdlTypeImpl@1b582485) replaced previous registration(org.hibernate.type.descriptor.sql.internal.DdlTypeImpl@69ad8b43)
[2025-11-03 10:12:32:3357][restartedMain] DEBUG o.h.t.d.sql.spi.DdlTypeRegistry - addDescriptor(4001, org.hibernate.type.descriptor.sql.internal.DdlTypeImpl@de3a6c9) replaced previous registration(org.hibernate.type.descriptor.sql.internal.DdlTypeImpl@9ae919b)
[2025-11-03 10:12:32:3357][restartedMain] DEBUG o.h.t.d.sql.spi.DdlTypeRegistry - addDescriptor(4002, org.hibernate.type.descriptor.sql.internal.DdlTypeImpl@5308f027) replaced previous registration(org.hibernate.type.descriptor.sql.internal.DdlTypeImpl@56fa9e96)
[2025-11-03 10:12:32:3357][restartedMain] DEBUG o.h.t.d.sql.spi.DdlTypeRegistry - addDescriptor(2004, org.hibernate.type.descriptor.sql.internal.CapacityDependentDdlType@46bfaf6e) replaced previous registration(org.hibernate.type.descriptor.sql.internal.DdlTypeImpl@3b60dc6b)
[2025-11-03 10:12:32:3357][restartedMain] DEBUG o.h.t.d.sql.spi.DdlTypeRegistry - addDescriptor(2005, org.hibernate.type.descriptor.sql.internal.CapacityDependentDdlType@2ffd9ae8) replaced previous registration(org.hibernate.type.descriptor.sql.internal.DdlTypeImpl@2d71bfaf)
[2025-11-03 10:12:32:3357][restartedMain] DEBUG o.h.t.d.sql.spi.DdlTypeRegistry - addDescriptor(2011, org.hibernate.type.descriptor.sql.internal.CapacityDependentDdlType@168eb1b0) replaced previous registration(org.hibernate.type.descriptor.sql.internal.DdlTypeImpl@2b30a48e)
[2025-11-03 10:12:32:4139][restartedMain] INFO  o.h.e.t.j.p.i.JtaPlatformInitiator - HHH000489: No JTA platform available (set 'hibernate.transaction.jta.platform' to enable JTA platform integration)
[2025-11-03 10:12:32:4163][restartedMain] INFO  p6spy - #1762132352869 | took 3ms | statement | connection 1| url jdbc:mariadb://localhost/modu?user=root&password=***&prepStmtCacheSqlLimit=2048&useServerPrepStmts=true
select table_name from information_schema.TABLES where table_schema=database() and table_type='SEQUENCE'
select table_name from information_schema.TABLES where table_schema=database() and table_type='SEQUENCE';
[2025-11-03 10:12:32:4202][restartedMain] ERROR o.s.o.j.LocalContainerEntityManagerFactoryBean - Failed to initialize JPA EntityManagerFactory: [PersistenceUnit: default] Unable to build Hibernate SessionFactory; nested exception is org.hibernate.tool.schema.spi.SchemaManagementException: Schema-validation: wrong column type encountered in column [the_day_of_week] in table [user_setting]; found [char (Types#CHAR)], but expecting [varchar(255) (Types#VARCHAR)]
[2025-11-03 10:12:32:4202][restartedMain] WARN  o.s.b.w.s.c.AnnotationConfigServletWebServerApplicationContext - Exception encountered during context initialization - cancelling refresh attempt: org.springframework.beans.factory.BeanCreationException: Error creating bean with name 'entityManagerFactory' defined in class path resource [org/springframework/boot/autoconfigure/orm/jpa/HibernateJpaConfiguration.class]: [PersistenceUnit: default] Unable to build Hibernate SessionFactory; nested exception is org.hibernate.tool.schema.spi.SchemaManagementException: Schema-validation: wrong column type encountered in column [the_day_of_week] in table [user_setting]; found [char (Types#CHAR)], but expecting [varchar(255) (Types#VARCHAR)]
[2025-11-03 10:12:32:4203][restartedMain] INFO  com.zaxxer.hikari.HikariDataSource - HikariPool-1 - Shutdown initiated...
[2025-11-03 10:12:32:4241][restartedMain] INFO  com.zaxxer.hikari.HikariDataSource - HikariPool-1 - Shutdown completed.
[2025-11-03 10:12:32:4244][restartedMain] INFO  o.a.catalina.core.StandardService - Stopping service [Tomcat]
[2025-11-03 10:12:32:4255][restartedMain] INFO  o.s.b.a.l.ConditionEvaluationReportLogger - 

Error starting ApplicationContext. To display the condition evaluation report re-run your application with 'debug' enabled.
[2025-11-03 10:12:32:4270][restartedMain] ERROR o.s.boot.SpringApplication - Application run failed
org.springframework.beans.factory.BeanCreationException: Error creating bean with name 'entityManagerFactory' defined in class path resource [org/springframework/boot/autoconfigure/orm/jpa/HibernateJpaConfiguration.class]: [PersistenceUnit: default] Unable to build Hibernate SessionFactory; nested exception is org.hibernate.tool.schema.spi.SchemaManagementException: Schema-validation: wrong column type encountered in column [the_day_of_week] in table [user_setting]; found [char (Types#CHAR)], but expecting [varchar(255) (Types#VARCHAR)]
	at org.springframework.beans.factory.support.AbstractAutowireCapableBeanFactory.initializeBean(AbstractAutowireCapableBeanFactory.java:1826)
	at org.springframework.beans.factory.support.AbstractAutowireCapableBeanFactory.doCreateBean(AbstractAutowireCapableBeanFactory.java:607)
	at org.springframework.beans.factory.support.AbstractAutowireCapableBeanFactory.createBean(AbstractAutowireCapableBeanFactory.java:529)
	at org.springframework.beans.factory.support.AbstractBeanFactory.lambda$doGetBean$0(AbstractBeanFactory.java:339)
	at org.springframework.beans.factory.support.DefaultSingletonBeanRegistry.getSingleton(DefaultSingletonBeanRegistry.java:373)
	at org.springframework.beans.factory.support.AbstractBeanFactory.doGetBean(AbstractBeanFactory.java:337)
	at org.springframework.beans.factory.support.AbstractBeanFactory.getBean(AbstractBeanFactory.java:207)
	at org.springframework.context.support.AbstractApplicationContext.finishBeanFactoryInitialization(AbstractApplicationContext.java:973)
	at org.springframework.context.support.AbstractApplicationContext.refresh(AbstractApplicationContext.java:627)
	at org.springframework.boot.web.servlet.context.ServletWebServerApplicationContext.refresh(ServletWebServerApplicationContext.java:146)
	at org.springframework.boot.SpringApplication.refresh(SpringApplication.java:752)
	at org.springframework.boot.SpringApplication.refreshContext(SpringApplication.java:439)
	at org.springframework.boot.SpringApplication.run(SpringApplication.java:318)
	at org.springframework.boot.SpringApplication.run(SpringApplication.java:1361)
	at org.springframework.boot.SpringApplication.run(SpringApplication.java:1350)
	at back.code.ModuBackApplication.main(ModuBackApplication.java:10)
	at java.base/jdk.internal.reflect.DirectMethodHandleAccessor.invoke(DirectMethodHandleAccessor.java:103)
	at java.base/java.lang.reflect.Method.invoke(Method.java:580)
	at org.springframework.boot.devtools.restart.RestartLauncher.run(RestartLauncher.java:50)
Caused by: jakarta.persistence.PersistenceException: [PersistenceUnit: default] Unable to build Hibernate SessionFactory; nested exception is org.hibernate.tool.schema.spi.SchemaManagementException: Schema-validation: wrong column type encountered in column [the_day_of_week] in table [user_setting]; found [char (Types#CHAR)], but expecting [varchar(255) (Types#VARCHAR)]
	at org.springframework.orm.jpa.AbstractEntityManagerFactoryBean.buildNativeEntityManagerFactory(AbstractEntityManagerFactoryBean.java:431)
	at org.springframework.orm.jpa.AbstractEntityManagerFactoryBean.afterPropertiesSet(AbstractEntityManagerFactoryBean.java:400)
	at org.springframework.orm.jpa.LocalContainerEntityManagerFactoryBean.afterPropertiesSet(LocalContainerEntityManagerFactoryBean.java:366)
	at org.springframework.beans.factory.support.AbstractAutowireCapableBeanFactory.invokeInitMethods(AbstractAutowireCapableBeanFactory.java:1873)
	at org.springframework.beans.factory.support.AbstractAutowireCapableBeanFactory.initializeBean(AbstractAutowireCapableBeanFactory.java:1822)
	... 18 common frames omitted
Caused by: org.hibernate.tool.schema.spi.SchemaManagementException: Schema-validation: wrong column type encountered in column [the_day_of_week] in table [user_setting]; found [char (Types#CHAR)], but expecting [varchar(255) (Types#VARCHAR)]
	at org.hibernate.tool.schema.internal.AbstractSchemaValidator.validateColumnType(AbstractSchemaValidator.java:169)
	at org.hibernate.tool.schema.internal.AbstractSchemaValidator.validateTable(AbstractSchemaValidator.java:156)
	at org.hibernate.tool.schema.internal.GroupedSchemaValidatorImpl.validateTables(GroupedSchemaValidatorImpl.java:46)
	at org.hibernate.tool.schema.internal.AbstractSchemaValidator.performValidation(AbstractSchemaValidator.java:99)
	at org.hibernate.tool.schema.internal.AbstractSchemaValidator.doValidation(AbstractSchemaValidator.java:77)
	at org.hibernate.tool.schema.spi.SchemaManagementToolCoordinator.performDatabaseAction(SchemaManagementToolCoordinator.java:289)
	at org.hibernate.tool.schema.spi.SchemaManagementToolCoordinator.lambda$process$5(SchemaManagementToolCoordinator.java:144)
	at java.base/java.util.HashMap.forEach(HashMap.java:1429)
	at org.hibernate.tool.schema.spi.SchemaManagementToolCoordinator.process(SchemaManagementToolCoordinator.java:141)
	at org.hibernate.boot.internal.SessionFactoryObserverForSchemaExport.sessionFactoryCreated(SessionFactoryObserverForSchemaExport.java:37)
	at org.hibernate.internal.SessionFactoryObserverChain.sessionFactoryCreated(SessionFactoryObserverChain.java:35)
	at org.hibernate.internal.SessionFactoryImpl.<init>(SessionFactoryImpl.java:324)
	at org.hibernate.boot.internal.SessionFactoryBuilderImpl.build(SessionFactoryBuilderImpl.java:463)
	at org.hibernate.jpa.boot.internal.EntityManagerFactoryBuilderImpl.build(EntityManagerFactoryBuilderImpl.java:1517)
	at org.springframework.orm.jpa.vendor.SpringHibernateJpaPersistenceProvider.createContainerEntityManagerFactory(SpringHibernateJpaPersistenceProvider.java:66)
	at org.springframework.orm.jpa.LocalContainerEntityManagerFactoryBean.createNativeEntityManagerFactory(LocalContainerEntityManagerFactoryBean.java:390)
	at org.springframework.orm.jpa.AbstractEntityManagerFactoryBean.buildNativeEntityManagerFactory(AbstractEntityManagerFactoryBean.java:419)
	... 22 common frames omitted
[2025-11-03 10:12:56:644][background-preinit] INFO  o.h.validator.internal.util.Version - HV000001: Hibernate Validator 8.0.3.Final
[2025-11-03 10:12:56:683][restartedMain] INFO  back.code.ModuBackApplication - Starting ModuBackApplication using Java 21.0.7 with PID 15732 (C:\modu_project\modu_back\build\classes\java\main started by sm002 in C:\modu_project\modu_back)
[2025-11-03 10:12:56:684][restartedMain] INFO  back.code.ModuBackApplication - No active profile set, falling back to 1 default profile: "default"
[2025-11-03 10:12:56:730][restartedMain] INFO  o.s.b.d.e.DevToolsPropertyDefaultsPostProcessor - Devtools property defaults active! Set 'spring.devtools.add-properties' to 'false' to disable
[2025-11-03 10:12:56:730][restartedMain] INFO  o.s.b.d.e.DevToolsPropertyDefaultsPostProcessor - For additional web related logging consider setting the 'logging.level.web' property to 'DEBUG'
[2025-11-03 10:12:57:1500][restartedMain] INFO  o.s.d.r.c.RepositoryConfigurationDelegate - Bootstrapping Spring Data JPA repositories in DEFAULT mode.
[2025-11-03 10:12:57:1629][restartedMain] INFO  o.s.d.r.c.RepositoryConfigurationDelegate - Finished Spring Data repository scanning in 122 ms. Found 4 JPA repository interfaces.
[2025-11-03 10:12:58:2177][restartedMain] INFO  o.s.b.w.e.tomcat.TomcatWebServer - Tomcat initialized with port 9090 (http)
[2025-11-03 10:12:58:2190][restartedMain] INFO  o.a.coyote.http11.Http11NioProtocol - Initializing ProtocolHandler ["http-nio-9090"]
[2025-11-03 10:12:58:2191][restartedMain] INFO  o.a.catalina.core.StandardService - Starting service [Tomcat]
[2025-11-03 10:12:58:2192][restartedMain] INFO  o.a.catalina.core.StandardEngine - Starting Servlet engine: [Apache Tomcat/10.1.48]
[2025-11-03 10:12:58:2246][restartedMain] INFO  o.a.c.c.C.[Tomcat].[localhost].[/] - Initializing Spring embedded WebApplicationContext
[2025-11-03 10:12:58:2246][restartedMain] INFO  o.s.b.w.s.c.ServletWebServerApplicationContext - Root WebApplicationContext: initialization completed in 1515 ms
[2025-11-03 10:12:58:2420][restartedMain] INFO  o.h.jpa.internal.util.LogHelper - HHH000204: Processing PersistenceUnitInfo [name: default]
[2025-11-03 10:12:58:2464][restartedMain] INFO  org.hibernate.Version - HHH000412: Hibernate ORM core version 6.6.33.Final
[2025-11-03 10:12:58:2492][restartedMain] INFO  o.h.c.i.RegionFactoryInitiator - HHH000026: Second-level cache disabled
[2025-11-03 10:12:58:2714][restartedMain] INFO  o.s.o.j.p.SpringPersistenceUnitInfo - No LoadTimeWeaver setup: ignoring JPA class transformer
[2025-11-03 10:12:59:2739][restartedMain] INFO  com.zaxxer.hikari.HikariDataSource - HikariPool-1 - Starting...
[2025-11-03 10:12:59:2823][restartedMain] INFO  com.zaxxer.hikari.pool.HikariPool - HikariPool-1 - Added connection org.mariadb.jdbc.Connection@55ffc887
[2025-11-03 10:12:59:2824][restartedMain] INFO  com.zaxxer.hikari.HikariDataSource - HikariPool-1 - Start completed.
[2025-11-03 10:12:59:2849][restartedMain] WARN  org.hibernate.orm.deprecation - HHH90000025: MariaDBDialect does not need to be specified explicitly using 'hibernate.dialect' (remove the property setting and it will be selected by default)
[2025-11-03 10:12:59:2863][restartedMain] INFO  o.hibernate.orm.connections.pooling - HHH10001005: Database info:
	Database JDBC URL [Connecting through datasource 'p6SpyDataSourceDecorator [com.p6spy.engine.spy.P6DataSource] -> dataSource [com.zaxxer.hikari.HikariDataSource]']
	Database driver: undefined/unknown
	Database version: 11.8.2
	Autocommit mode: undefined/unknown
	Isolation level: undefined/unknown
	Minimum pool size: undefined/unknown
	Maximum pool size: undefined/unknown
[2025-11-03 10:12:59:2870][restartedMain] DEBUG o.h.t.d.sql.spi.DdlTypeRegistry - addDescriptor(12, org.hibernate.type.descriptor.sql.internal.CapacityDependentDdlType@de3a6c9) replaced previous registration(org.hibernate.type.descriptor.sql.internal.CapacityDependentDdlType@9ae919b)
[2025-11-03 10:12:59:2870][restartedMain] DEBUG o.h.t.d.sql.spi.DdlTypeRegistry - addDescriptor(-9, org.hibernate.type.descriptor.sql.internal.CapacityDependentDdlType@5308f027) replaced previous registration(org.hibernate.type.descriptor.sql.internal.CapacityDependentDdlType@56fa9e96)
[2025-11-03 10:12:59:2870][restartedMain] DEBUG o.h.t.d.sql.spi.DdlTypeRegistry - addDescriptor(-3, org.hibernate.type.descriptor.sql.internal.CapacityDependentDdlType@46bfaf6e) replaced previous registration(org.hibernate.type.descriptor.sql.internal.CapacityDependentDdlType@3b60dc6b)
[2025-11-03 10:12:59:2870][restartedMain] DEBUG o.h.t.d.sql.spi.DdlTypeRegistry - addDescriptor(4003, org.hibernate.type.descriptor.sql.internal.DdlTypeImpl@2ffd9ae8) replaced previous registration(org.hibernate.type.descriptor.sql.internal.DdlTypeImpl@2d71bfaf)
[2025-11-03 10:12:59:2870][restartedMain] DEBUG o.h.t.d.sql.spi.DdlTypeRegistry - addDescriptor(4001, org.hibernate.type.descriptor.sql.internal.DdlTypeImpl@168eb1b0) replaced previous registration(org.hibernate.type.descriptor.sql.internal.DdlTypeImpl@2b30a48e)
[2025-11-03 10:12:59:2870][restartedMain] DEBUG o.h.t.d.sql.spi.DdlTypeRegistry - addDescriptor(4002, org.hibernate.type.descriptor.sql.internal.DdlTypeImpl@68d941da) replaced previous registration(org.hibernate.type.descriptor.sql.internal.DdlTypeImpl@487507a9)
[2025-11-03 10:12:59:2870][restartedMain] DEBUG o.h.t.d.sql.spi.DdlTypeRegistry - addDescriptor(2004, org.hibernate.type.descriptor.sql.internal.CapacityDependentDdlType@2b953c26) replaced previous registration(org.hibernate.type.descriptor.sql.internal.DdlTypeImpl@5afe90e)
[2025-11-03 10:12:59:2870][restartedMain] DEBUG o.h.t.d.sql.spi.DdlTypeRegistry - addDescriptor(2005, org.hibernate.type.descriptor.sql.internal.CapacityDependentDdlType@27dabff0) replaced previous registration(org.hibernate.type.descriptor.sql.internal.DdlTypeImpl@4772bced)
[2025-11-03 10:12:59:2870][restartedMain] DEBUG o.h.t.d.sql.spi.DdlTypeRegistry - addDescriptor(2011, org.hibernate.type.descriptor.sql.internal.CapacityDependentDdlType@4504dc29) replaced previous registration(org.hibernate.type.descriptor.sql.internal.DdlTypeImpl@3f19ba1e)
[2025-11-03 10:12:59:3589][restartedMain] INFO  o.h.e.t.j.p.i.JtaPlatformInitiator - HHH000489: No JTA platform available (set 'hibernate.transaction.jta.platform' to enable JTA platform integration)
[2025-11-03 10:12:59:3612][restartedMain] INFO  p6spy - #1762132379879 | took 3ms | statement | connection 1| url jdbc:mariadb://localhost/modu?user=root&password=***&prepStmtCacheSqlLimit=2048&useServerPrepStmts=true
select table_name from information_schema.TABLES where table_schema=database() and table_type='SEQUENCE'
select table_name from information_schema.TABLES where table_schema=database() and table_type='SEQUENCE';
[2025-11-03 10:12:59:3646][restartedMain] INFO  o.s.o.j.LocalContainerEntityManagerFactoryBean - Initialized JPA EntityManagerFactory for persistence unit 'default'
[2025-11-03 10:13:00:3881][restartedMain] INFO  o.s.d.j.r.q.QueryEnhancerFactory - Hibernate is in classpath; If applicable, HQL parser will be used.
[2025-11-03 10:13:00:4663][restartedMain] WARN  o.s.b.w.s.c.AnnotationConfigServletWebServerApplicationContext - Exception encountered during context initialization - cancelling refresh attempt: org.springframework.beans.factory.UnsatisfiedDependencyException: Error creating bean with name 'userSettingController' defined in file [C:\modu_project\modu_back\build\classes\java\main\back\code\user\controller\UserSettingController.class]: Unsatisfied dependency expressed through constructor parameter 0: Error creating bean with name 'userSettingService' defined in file [C:\modu_project\modu_back\build\classes\java\main\back\code\user\service\UserSettingService.class]: Unsatisfied dependency expressed through constructor parameter 0: Error creating bean with name 'userSettingRepository' defined in back.code.user.repository.UserSettingRepository defined in @EnableJpaRepositories declared on JpaRepositoriesRegistrar.EnableJpaRepositoriesConfiguration: Could not create query for public abstract java.util.Optional back.code.user.repository.UserSettingRepository.findByUserId(java.lang.String); Reason: Failed to create query for method public abstract java.util.Optional back.code.user.repository.UserSettingRepository.findByUserId(java.lang.String); Cannot compare left expression of type 'back.code.user.entity.UserEntity' with right expression of type 'java.lang.String'
[2025-11-03 10:13:00:4664][restartedMain] INFO  o.s.o.j.LocalContainerEntityManagerFactoryBean - Closing JPA EntityManagerFactory for persistence unit 'default'
[2025-11-03 10:13:00:4666][restartedMain] INFO  com.zaxxer.hikari.HikariDataSource - HikariPool-1 - Shutdown initiated...
[2025-11-03 10:13:00:4670][restartedMain] INFO  com.zaxxer.hikari.HikariDataSource - HikariPool-1 - Shutdown completed.
[2025-11-03 10:13:00:4674][restartedMain] INFO  o.a.catalina.core.StandardService - Stopping service [Tomcat]
[2025-11-03 10:13:00:4682][restartedMain] INFO  o.s.b.a.l.ConditionEvaluationReportLogger - 

Error starting ApplicationContext. To display the condition evaluation report re-run your application with 'debug' enabled.
[2025-11-03 10:13:00:4698][restartedMain] ERROR o.s.boot.SpringApplication - Application run failed
org.springframework.beans.factory.UnsatisfiedDependencyException: Error creating bean with name 'userSettingController' defined in file [C:\modu_project\modu_back\build\classes\java\main\back\code\user\controller\UserSettingController.class]: Unsatisfied dependency expressed through constructor parameter 0: Error creating bean with name 'userSettingService' defined in file [C:\modu_project\modu_back\build\classes\java\main\back\code\user\service\UserSettingService.class]: Unsatisfied dependency expressed through constructor parameter 0: Error creating bean with name 'userSettingRepository' defined in back.code.user.repository.UserSettingRepository defined in @EnableJpaRepositories declared on JpaRepositoriesRegistrar.EnableJpaRepositoriesConfiguration: Could not create query for public abstract java.util.Optional back.code.user.repository.UserSettingRepository.findByUserId(java.lang.String); Reason: Failed to create query for method public abstract java.util.Optional back.code.user.repository.UserSettingRepository.findByUserId(java.lang.String); Cannot compare left expression of type 'back.code.user.entity.UserEntity' with right expression of type 'java.lang.String'
	at org.springframework.beans.factory.support.ConstructorResolver.createArgumentArray(ConstructorResolver.java:804)
	at org.springframework.beans.factory.support.ConstructorResolver.autowireConstructor(ConstructorResolver.java:240)
	at org.springframework.beans.factory.support.AbstractAutowireCapableBeanFactory.autowireConstructor(AbstractAutowireCapableBeanFactory.java:1395)
	at org.springframework.beans.factory.support.AbstractAutowireCapableBeanFactory.createBeanInstance(AbstractAutowireCapableBeanFactory.java:1232)
	at org.springframework.beans.factory.support.AbstractAutowireCapableBeanFactory.doCreateBean(AbstractAutowireCapableBeanFactory.java:569)
	at org.springframework.beans.factory.support.AbstractAutowireCapableBeanFactory.createBean(AbstractAutowireCapableBeanFactory.java:529)
	at org.springframework.beans.factory.support.AbstractBeanFactory.lambda$doGetBean$0(AbstractBeanFactory.java:339)
	at org.springframework.beans.factory.support.DefaultSingletonBeanRegistry.getSingleton(DefaultSingletonBeanRegistry.java:373)
	at org.springframework.beans.factory.support.AbstractBeanFactory.doGetBean(AbstractBeanFactory.java:337)
	at org.springframework.beans.factory.support.AbstractBeanFactory.getBean(AbstractBeanFactory.java:202)
	at org.springframework.beans.factory.support.DefaultListableBeanFactory.instantiateSingleton(DefaultListableBeanFactory.java:1228)
	at org.springframework.beans.factory.support.DefaultListableBeanFactory.preInstantiateSingleton(DefaultListableBeanFactory.java:1194)
	at org.springframework.beans.factory.support.DefaultListableBeanFactory.preInstantiateSingletons(DefaultListableBeanFactory.java:1130)
	at org.springframework.context.support.AbstractApplicationContext.finishBeanFactoryInitialization(AbstractApplicationContext.java:990)
	at org.springframework.context.support.AbstractApplicationContext.refresh(AbstractApplicationContext.java:627)
	at org.springframework.boot.web.servlet.context.ServletWebServerApplicationContext.refresh(ServletWebServerApplicationContext.java:146)
	at org.springframework.boot.SpringApplication.refresh(SpringApplication.java:752)
	at org.springframework.boot.SpringApplication.refreshContext(SpringApplication.java:439)
	at org.springframework.boot.SpringApplication.run(SpringApplication.java:318)
	at org.springframework.boot.SpringApplication.run(SpringApplication.java:1361)
	at org.springframework.boot.SpringApplication.run(SpringApplication.java:1350)
	at back.code.ModuBackApplication.main(ModuBackApplication.java:10)
	at java.base/jdk.internal.reflect.DirectMethodHandleAccessor.invoke(DirectMethodHandleAccessor.java:103)
	at java.base/java.lang.reflect.Method.invoke(Method.java:580)
	at org.springframework.boot.devtools.restart.RestartLauncher.run(RestartLauncher.java:50)
Caused by: org.springframework.beans.factory.UnsatisfiedDependencyException: Error creating bean with name 'userSettingService' defined in file [C:\modu_project\modu_back\build\classes\java\main\back\code\user\service\UserSettingService.class]: Unsatisfied dependency expressed through constructor parameter 0: Error creating bean with name 'userSettingRepository' defined in back.code.user.repository.UserSettingRepository defined in @EnableJpaRepositories declared on JpaRepositoriesRegistrar.EnableJpaRepositoriesConfiguration: Could not create query for public abstract java.util.Optional back.code.user.repository.UserSettingRepository.findByUserId(java.lang.String); Reason: Failed to create query for method public abstract java.util.Optional back.code.user.repository.UserSettingRepository.findByUserId(java.lang.String); Cannot compare left expression of type 'back.code.user.entity.UserEntity' with right expression of type 'java.lang.String'
	at org.springframework.beans.factory.support.ConstructorResolver.createArgumentArray(ConstructorResolver.java:804)
	at org.springframework.beans.factory.support.ConstructorResolver.autowireConstructor(ConstructorResolver.java:240)
	at org.springframework.beans.factory.support.AbstractAutowireCapableBeanFactory.autowireConstructor(AbstractAutowireCapableBeanFactory.java:1395)
	at org.springframework.beans.factory.support.AbstractAutowireCapableBeanFactory.createBeanInstance(AbstractAutowireCapableBeanFactory.java:1232)
	at org.springframework.beans.factory.support.AbstractAutowireCapableBeanFactory.doCreateBean(AbstractAutowireCapableBeanFactory.java:569)
	at org.springframework.beans.factory.support.AbstractAutowireCapableBeanFactory.createBean(AbstractAutowireCapableBeanFactory.java:529)
	at org.springframework.beans.factory.support.AbstractBeanFactory.lambda$doGetBean$0(AbstractBeanFactory.java:339)
	at org.springframework.beans.factory.support.DefaultSingletonBeanRegistry.getSingleton(DefaultSingletonBeanRegistry.java:373)
	at org.springframework.beans.factory.support.AbstractBeanFactory.doGetBean(AbstractBeanFactory.java:337)
	at org.springframework.beans.factory.support.AbstractBeanFactory.getBean(AbstractBeanFactory.java:202)
	at org.springframework.beans.factory.support.DefaultListableBeanFactory.doResolveDependency(DefaultListableBeanFactory.java:1708)
	at org.springframework.beans.factory.support.DefaultListableBeanFactory.resolveDependency(DefaultListableBeanFactory.java:1653)
	at org.springframework.beans.factory.support.ConstructorResolver.resolveAutowiredArgument(ConstructorResolver.java:913)
	at org.springframework.beans.factory.support.ConstructorResolver.createArgumentArray(ConstructorResolver.java:791)
	... 24 common frames omitted
Caused by: org.springframework.beans.factory.BeanCreationException: Error creating bean with name 'userSettingRepository' defined in back.code.user.repository.UserSettingRepository defined in @EnableJpaRepositories declared on JpaRepositoriesRegistrar.EnableJpaRepositoriesConfiguration: Could not create query for public abstract java.util.Optional back.code.user.repository.UserSettingRepository.findByUserId(java.lang.String); Reason: Failed to create query for method public abstract java.util.Optional back.code.user.repository.UserSettingRepository.findByUserId(java.lang.String); Cannot compare left expression of type 'back.code.user.entity.UserEntity' with right expression of type 'java.lang.String'
	at org.springframework.beans.factory.support.AbstractAutowireCapableBeanFactory.initializeBean(AbstractAutowireCapableBeanFactory.java:1826)
	at org.springframework.beans.factory.support.AbstractAutowireCapableBeanFactory.doCreateBean(AbstractAutowireCapableBeanFactory.java:607)
	at org.springframework.beans.factory.support.AbstractAutowireCapableBeanFactory.createBean(AbstractAutowireCapableBeanFactory.java:529)
	at org.springframework.beans.factory.support.AbstractBeanFactory.lambda$doGetBean$0(AbstractBeanFactory.java:339)
	at org.springframework.beans.factory.support.DefaultSingletonBeanRegistry.getSingleton(DefaultSingletonBeanRegistry.java:373)
	at org.springframework.beans.factory.support.AbstractBeanFactory.doGetBean(AbstractBeanFactory.java:337)
	at org.springframework.beans.factory.support.AbstractBeanFactory.getBean(AbstractBeanFactory.java:202)
	at org.springframework.beans.factory.support.DefaultListableBeanFactory.doResolveDependency(DefaultListableBeanFactory.java:1708)
	at org.springframework.beans.factory.support.DefaultListableBeanFactory.resolveDependency(DefaultListableBeanFactory.java:1653)
	at org.springframework.beans.factory.support.ConstructorResolver.resolveAutowiredArgument(ConstructorResolver.java:913)
	at org.springframework.beans.factory.support.ConstructorResolver.createArgumentArray(ConstructorResolver.java:791)
	... 37 common frames omitted
Caused by: org.springframework.data.repository.query.QueryCreationException: Could not create query for public abstract java.util.Optional back.code.user.repository.UserSettingRepository.findByUserId(java.lang.String); Reason: Failed to create query for method public abstract java.util.Optional back.code.user.repository.UserSettingRepository.findByUserId(java.lang.String); Cannot compare left expression of type 'back.code.user.entity.UserEntity' with right expression of type 'java.lang.String'
	at org.springframework.data.repository.query.QueryCreationException.create(QueryCreationException.java:101)
	at org.springframework.data.repository.core.support.QueryExecutorMethodInterceptor.lookupQuery(QueryExecutorMethodInterceptor.java:120)
	at org.springframework.data.repository.core.support.QueryExecutorMethodInterceptor.mapMethodsToQuery(QueryExecutorMethodInterceptor.java:104)
	at org.springframework.data.repository.core.support.QueryExecutorMethodInterceptor.lambda$new$0(QueryExecutorMethodInterceptor.java:92)
	at java.base/java.util.Optional.map(Optional.java:260)
	at org.springframework.data.repository.core.support.QueryExecutorMethodInterceptor.<init>(QueryExecutorMethodInterceptor.java:92)
	at org.springframework.data.repository.core.support.RepositoryFactorySupport.getRepository(RepositoryFactorySupport.java:434)
	at org.springframework.data.repository.core.support.RepositoryFactoryBeanSupport.lambda$afterPropertiesSet$4(RepositoryFactoryBeanSupport.java:350)
	at org.springframework.data.util.Lazy.getNullable(Lazy.java:135)
	at org.springframework.data.util.Lazy.get(Lazy.java:113)
	at org.springframework.data.repository.core.support.RepositoryFactoryBeanSupport.afterPropertiesSet(RepositoryFactoryBeanSupport.java:356)
	at org.springframework.data.jpa.repository.support.JpaRepositoryFactoryBean.afterPropertiesSet(JpaRepositoryFactoryBean.java:132)
	at org.springframework.beans.factory.support.AbstractAutowireCapableBeanFactory.invokeInitMethods(AbstractAutowireCapableBeanFactory.java:1873)
	at org.springframework.beans.factory.support.AbstractAutowireCapableBeanFactory.initializeBean(AbstractAutowireCapableBeanFactory.java:1822)
	... 47 common frames omitted
Caused by: java.lang.IllegalArgumentException: Failed to create query for method public abstract java.util.Optional back.code.user.repository.UserSettingRepository.findByUserId(java.lang.String); Cannot compare left expression of type 'back.code.user.entity.UserEntity' with right expression of type 'java.lang.String'
	at org.springframework.data.jpa.repository.query.PartTreeJpaQuery.<init>(PartTreeJpaQuery.java:107)
	at org.springframework.data.jpa.repository.query.JpaQueryLookupStrategy$CreateQueryLookupStrategy.resolveQuery(JpaQueryLookupStrategy.java:128)
	at org.springframework.data.jpa.repository.query.JpaQueryLookupStrategy$CreateIfNotFoundQueryLookupStrategy.resolveQuery(JpaQueryLookupStrategy.java:260)
	at org.springframework.data.jpa.repository.query.JpaQueryLookupStrategy$AbstractQueryLookupStrategy.resolveQuery(JpaQueryLookupStrategy.java:99)
	at org.springframework.data.repository.core.support.QueryExecutorMethodInterceptor.lookupQuery(QueryExecutorMethodInterceptor.java:116)
	... 59 common frames omitted
Caused by: org.hibernate.query.SemanticException: Cannot compare left expression of type 'back.code.user.entity.UserEntity' with right expression of type 'java.lang.String'
	at org.hibernate.query.sqm.internal.TypecheckUtil.assertComparable(TypecheckUtil.java:406)
	at org.hibernate.query.sqm.tree.predicate.SqmComparisonPredicate.<init>(SqmComparisonPredicate.java:46)
	at org.hibernate.query.sqm.tree.predicate.SqmComparisonPredicate.<init>(SqmComparisonPredicate.java:32)
	at org.hibernate.query.sqm.internal.SqmCriteriaNodeBuilder.equal(SqmCriteriaNodeBuilder.java:2158)
	at org.hibernate.query.sqm.internal.SqmCriteriaNodeBuilder.equal(SqmCriteriaNodeBuilder.java:192)
	at org.springframework.data.jpa.repository.query.JpaQueryCreator$PredicateBuilder.build(JpaQueryCreator.java:319)
	at org.springframework.data.jpa.repository.query.JpaQueryCreator.toPredicate(JpaQueryCreator.java:211)
	at org.springframework.data.jpa.repository.query.JpaQueryCreator.create(JpaQueryCreator.java:122)
	at org.springframework.data.jpa.repository.query.JpaQueryCreator.create(JpaQueryCreator.java:1)
	at org.springframework.data.repository.query.parser.AbstractQueryCreator.createCriteria(AbstractQueryCreator.java:119)
	at org.springframework.data.repository.query.parser.AbstractQueryCreator.createQuery(AbstractQueryCreator.java:95)
	at org.springframework.data.repository.query.parser.AbstractQueryCreator.createQuery(AbstractQueryCreator.java:81)
	at org.springframework.data.jpa.repository.query.PartTreeJpaQuery$QueryPreparer.<init>(PartTreeJpaQuery.java:224)
	at org.springframework.data.jpa.repository.query.PartTreeJpaQuery$CountQueryPreparer.<init>(PartTreeJpaQuery.java:370)
	at org.springframework.data.jpa.repository.query.PartTreeJpaQuery.<init>(PartTreeJpaQuery.java:103)
	... 63 common frames omitted
[2025-11-03 10:14:38:643][background-preinit] INFO  o.h.validator.internal.util.Version - HV000001: Hibernate Validator 8.0.3.Final
[2025-11-03 10:14:38:682][restartedMain] INFO  back.code.ModuBackApplication - Starting ModuBackApplication using Java 21.0.7 with PID 25136 (C:\modu_project\modu_back\build\classes\java\main started by sm002 in C:\modu_project\modu_back)
[2025-11-03 10:14:38:683][restartedMain] INFO  back.code.ModuBackApplication - No active profile set, falling back to 1 default profile: "default"
[2025-11-03 10:14:38:728][restartedMain] INFO  o.s.b.d.e.DevToolsPropertyDefaultsPostProcessor - Devtools property defaults active! Set 'spring.devtools.add-properties' to 'false' to disable
[2025-11-03 10:14:38:728][restartedMain] INFO  o.s.b.d.e.DevToolsPropertyDefaultsPostProcessor - For additional web related logging consider setting the 'logging.level.web' property to 'DEBUG'
[2025-11-03 10:14:40:1905][restartedMain] INFO  o.s.d.r.c.RepositoryConfigurationDelegate - Bootstrapping Spring Data JPA repositories in DEFAULT mode.
[2025-11-03 10:14:40:2123][restartedMain] INFO  o.s.d.r.c.RepositoryConfigurationDelegate - Finished Spring Data repository scanning in 208 ms. Found 4 JPA repository interfaces.
[2025-11-03 10:14:41:2980][restartedMain] INFO  o.s.b.w.e.tomcat.TomcatWebServer - Tomcat initialized with port 9090 (http)
[2025-11-03 10:14:41:2992][restartedMain] INFO  o.a.coyote.http11.Http11NioProtocol - Initializing ProtocolHandler ["http-nio-9090"]
[2025-11-03 10:14:41:2993][restartedMain] INFO  o.a.catalina.core.StandardService - Starting service [Tomcat]
[2025-11-03 10:14:41:2994][restartedMain] INFO  o.a.catalina.core.StandardEngine - Starting Servlet engine: [Apache Tomcat/10.1.48]
[2025-11-03 10:14:41:3056][restartedMain] INFO  o.a.c.c.C.[Tomcat].[localhost].[/] - Initializing Spring embedded WebApplicationContext
[2025-11-03 10:14:41:3056][restartedMain] INFO  o.s.b.w.s.c.ServletWebServerApplicationContext - Root WebApplicationContext: initialization completed in 2327 ms
[2025-11-03 10:14:41:3264][restartedMain] INFO  o.h.jpa.internal.util.LogHelper - HHH000204: Processing PersistenceUnitInfo [name: default]
[2025-11-03 10:14:41:3318][restartedMain] INFO  org.hibernate.Version - HHH000412: Hibernate ORM core version 6.6.33.Final
[2025-11-03 10:14:41:3354][restartedMain] INFO  o.h.c.i.RegionFactoryInitiator - HHH000026: Second-level cache disabled
[2025-11-03 10:14:41:3650][restartedMain] INFO  o.s.o.j.p.SpringPersistenceUnitInfo - No LoadTimeWeaver setup: ignoring JPA class transformer
[2025-11-03 10:14:41:3680][restartedMain] INFO  com.zaxxer.hikari.HikariDataSource - HikariPool-1 - Starting...
[2025-11-03 10:14:41:3774][restartedMain] INFO  com.zaxxer.hikari.pool.HikariPool - HikariPool-1 - Added connection org.mariadb.jdbc.Connection@69f1b97f
[2025-11-03 10:14:41:3776][restartedMain] INFO  com.zaxxer.hikari.HikariDataSource - HikariPool-1 - Start completed.
[2025-11-03 10:14:41:3804][restartedMain] WARN  org.hibernate.orm.deprecation - HHH90000025: MariaDBDialect does not need to be specified explicitly using 'hibernate.dialect' (remove the property setting and it will be selected by default)
[2025-11-03 10:14:42:3822][restartedMain] INFO  o.hibernate.orm.connections.pooling - HHH10001005: Database info:
	Database JDBC URL [Connecting through datasource 'p6SpyDataSourceDecorator [com.p6spy.engine.spy.P6DataSource] -> dataSource [com.zaxxer.hikari.HikariDataSource]']
	Database driver: undefined/unknown
	Database version: 11.8.2
	Autocommit mode: undefined/unknown
	Isolation level: undefined/unknown
	Minimum pool size: undefined/unknown
	Maximum pool size: undefined/unknown
[2025-11-03 10:14:42:3831][restartedMain] DEBUG o.h.t.d.sql.spi.DdlTypeRegistry - addDescriptor(12, org.hibernate.type.descriptor.sql.internal.CapacityDependentDdlType@33a0e725) replaced previous registration(org.hibernate.type.descriptor.sql.internal.CapacityDependentDdlType@2a5b1b86)
[2025-11-03 10:14:42:3831][restartedMain] DEBUG o.h.t.d.sql.spi.DdlTypeRegistry - addDescriptor(-9, org.hibernate.type.descriptor.sql.internal.CapacityDependentDdlType@3dbb2235) replaced previous registration(org.hibernate.type.descriptor.sql.internal.CapacityDependentDdlType@2f756781)
[2025-11-03 10:14:42:3831][restartedMain] DEBUG o.h.t.d.sql.spi.DdlTypeRegistry - addDescriptor(-3, org.hibernate.type.descriptor.sql.internal.CapacityDependentDdlType@1b582485) replaced previous registration(org.hibernate.type.descriptor.sql.internal.CapacityDependentDdlType@69ad8b43)
[2025-11-03 10:14:42:3831][restartedMain] DEBUG o.h.t.d.sql.spi.DdlTypeRegistry - addDescriptor(4003, org.hibernate.type.descriptor.sql.internal.DdlTypeImpl@de3a6c9) replaced previous registration(org.hibernate.type.descriptor.sql.internal.DdlTypeImpl@9ae919b)
[2025-11-03 10:14:42:3831][restartedMain] DEBUG o.h.t.d.sql.spi.DdlTypeRegistry - addDescriptor(4001, org.hibernate.type.descriptor.sql.internal.DdlTypeImpl@5308f027) replaced previous registration(org.hibernate.type.descriptor.sql.internal.DdlTypeImpl@56fa9e96)
[2025-11-03 10:14:42:3832][restartedMain] DEBUG o.h.t.d.sql.spi.DdlTypeRegistry - addDescriptor(4002, org.hibernate.type.descriptor.sql.internal.DdlTypeImpl@46bfaf6e) replaced previous registration(org.hibernate.type.descriptor.sql.internal.DdlTypeImpl@3b60dc6b)
[2025-11-03 10:14:42:3832][restartedMain] DEBUG o.h.t.d.sql.spi.DdlTypeRegistry - addDescriptor(2004, org.hibernate.type.descriptor.sql.internal.CapacityDependentDdlType@2ffd9ae8) replaced previous registration(org.hibernate.type.descriptor.sql.internal.DdlTypeImpl@2d71bfaf)
[2025-11-03 10:14:42:3832][restartedMain] DEBUG o.h.t.d.sql.spi.DdlTypeRegistry - addDescriptor(2005, org.hibernate.type.descriptor.sql.internal.CapacityDependentDdlType@168eb1b0) replaced previous registration(org.hibernate.type.descriptor.sql.internal.DdlTypeImpl@2b30a48e)
[2025-11-03 10:14:42:3832][restartedMain] DEBUG o.h.t.d.sql.spi.DdlTypeRegistry - addDescriptor(2011, org.hibernate.type.descriptor.sql.internal.CapacityDependentDdlType@68d941da) replaced previous registration(org.hibernate.type.descriptor.sql.internal.DdlTypeImpl@487507a9)
[2025-11-03 10:14:43:4932][restartedMain] INFO  o.h.e.t.j.p.i.JtaPlatformInitiator - HHH000489: No JTA platform available (set 'hibernate.transaction.jta.platform' to enable JTA platform integration)
[2025-11-03 10:14:43:4958][restartedMain] INFO  p6spy - #1762132483149 | took 4ms | statement | connection 1| url jdbc:mariadb://localhost/modu?user=root&password=***&prepStmtCacheSqlLimit=2048&useServerPrepStmts=true
select table_name from information_schema.TABLES where table_schema=database() and table_type='SEQUENCE'
select table_name from information_schema.TABLES where table_schema=database() and table_type='SEQUENCE';
[2025-11-03 10:14:43:4980][restartedMain] INFO  o.s.o.j.LocalContainerEntityManagerFactoryBean - Initialized JPA EntityManagerFactory for persistence unit 'default'
[2025-11-03 10:14:43:5336][restartedMain] INFO  o.s.d.j.r.q.QueryEnhancerFactory - Hibernate is in classpath; If applicable, HQL parser will be used.
[2025-11-03 10:14:44:6311][restartedMain] WARN  o.s.b.w.s.c.AnnotationConfigServletWebServerApplicationContext - Exception encountered during context initialization - cancelling refresh attempt: org.springframework.beans.factory.UnsatisfiedDependencyException: Error creating bean with name 'userSettingController' defined in file [C:\modu_project\modu_back\build\classes\java\main\back\code\user\controller\UserSettingController.class]: Unsatisfied dependency expressed through constructor parameter 0: Error creating bean with name 'userSettingService' defined in file [C:\modu_project\modu_back\build\classes\java\main\back\code\user\service\UserSettingService.class]: Unsatisfied dependency expressed through constructor parameter 0: Error creating bean with name 'userSettingRepository' defined in back.code.user.repository.UserSettingRepository defined in @EnableJpaRepositories declared on JpaRepositoriesRegistrar.EnableJpaRepositoriesConfiguration: Could not create query for public abstract java.util.Optional back.code.user.repository.UserSettingRepository.findByUser(back.code.user.entity.UserEntity); Reason: Failed to create query for method public abstract java.util.Optional back.code.user.repository.UserSettingRepository.findByUser(back.code.user.entity.UserEntity); No property 'user' found for type 'UserSettingEntity'; Did you mean 'userId'
[2025-11-03 10:14:44:6311][restartedMain] INFO  o.s.o.j.LocalContainerEntityManagerFactoryBean - Closing JPA EntityManagerFactory for persistence unit 'default'
[2025-11-03 10:14:44:6315][restartedMain] INFO  com.zaxxer.hikari.HikariDataSource - HikariPool-1 - Shutdown initiated...
[2025-11-03 10:14:44:6318][restartedMain] INFO  com.zaxxer.hikari.HikariDataSource - HikariPool-1 - Shutdown completed.
[2025-11-03 10:14:44:6323][restartedMain] INFO  o.a.catalina.core.StandardService - Stopping service [Tomcat]
[2025-11-03 10:14:44:6335][restartedMain] INFO  o.s.b.a.l.ConditionEvaluationReportLogger - 

Error starting ApplicationContext. To display the condition evaluation report re-run your application with 'debug' enabled.
[2025-11-03 10:14:44:6353][restartedMain] ERROR o.s.boot.SpringApplication - Application run failed
org.springframework.beans.factory.UnsatisfiedDependencyException: Error creating bean with name 'userSettingController' defined in file [C:\modu_project\modu_back\build\classes\java\main\back\code\user\controller\UserSettingController.class]: Unsatisfied dependency expressed through constructor parameter 0: Error creating bean with name 'userSettingService' defined in file [C:\modu_project\modu_back\build\classes\java\main\back\code\user\service\UserSettingService.class]: Unsatisfied dependency expressed through constructor parameter 0: Error creating bean with name 'userSettingRepository' defined in back.code.user.repository.UserSettingRepository defined in @EnableJpaRepositories declared on JpaRepositoriesRegistrar.EnableJpaRepositoriesConfiguration: Could not create query for public abstract java.util.Optional back.code.user.repository.UserSettingRepository.findByUser(back.code.user.entity.UserEntity); Reason: Failed to create query for method public abstract java.util.Optional back.code.user.repository.UserSettingRepository.findByUser(back.code.user.entity.UserEntity); No property 'user' found for type 'UserSettingEntity'; Did you mean 'userId'
	at org.springframework.beans.factory.support.ConstructorResolver.createArgumentArray(ConstructorResolver.java:804)
	at org.springframework.beans.factory.support.ConstructorResolver.autowireConstructor(ConstructorResolver.java:240)
	at org.springframework.beans.factory.support.AbstractAutowireCapableBeanFactory.autowireConstructor(AbstractAutowireCapableBeanFactory.java:1395)
	at org.springframework.beans.factory.support.AbstractAutowireCapableBeanFactory.createBeanInstance(AbstractAutowireCapableBeanFactory.java:1232)
	at org.springframework.beans.factory.support.AbstractAutowireCapableBeanFactory.doCreateBean(AbstractAutowireCapableBeanFactory.java:569)
	at org.springframework.beans.factory.support.AbstractAutowireCapableBeanFactory.createBean(AbstractAutowireCapableBeanFactory.java:529)
	at org.springframework.beans.factory.support.AbstractBeanFactory.lambda$doGetBean$0(AbstractBeanFactory.java:339)
	at org.springframework.beans.factory.support.DefaultSingletonBeanRegistry.getSingleton(DefaultSingletonBeanRegistry.java:373)
	at org.springframework.beans.factory.support.AbstractBeanFactory.doGetBean(AbstractBeanFactory.java:337)
	at org.springframework.beans.factory.support.AbstractBeanFactory.getBean(AbstractBeanFactory.java:202)
	at org.springframework.beans.factory.support.DefaultListableBeanFactory.instantiateSingleton(DefaultListableBeanFactory.java:1228)
	at org.springframework.beans.factory.support.DefaultListableBeanFactory.preInstantiateSingleton(DefaultListableBeanFactory.java:1194)
	at org.springframework.beans.factory.support.DefaultListableBeanFactory.preInstantiateSingletons(DefaultListableBeanFactory.java:1130)
	at org.springframework.context.support.AbstractApplicationContext.finishBeanFactoryInitialization(AbstractApplicationContext.java:990)
	at org.springframework.context.support.AbstractApplicationContext.refresh(AbstractApplicationContext.java:627)
	at org.springframework.boot.web.servlet.context.ServletWebServerApplicationContext.refresh(ServletWebServerApplicationContext.java:146)
	at org.springframework.boot.SpringApplication.refresh(SpringApplication.java:752)
	at org.springframework.boot.SpringApplication.refreshContext(SpringApplication.java:439)
	at org.springframework.boot.SpringApplication.run(SpringApplication.java:318)
	at org.springframework.boot.SpringApplication.run(SpringApplication.java:1361)
	at org.springframework.boot.SpringApplication.run(SpringApplication.java:1350)
	at back.code.ModuBackApplication.main(ModuBackApplication.java:10)
	at java.base/jdk.internal.reflect.DirectMethodHandleAccessor.invoke(DirectMethodHandleAccessor.java:103)
	at java.base/java.lang.reflect.Method.invoke(Method.java:580)
	at org.springframework.boot.devtools.restart.RestartLauncher.run(RestartLauncher.java:50)
Caused by: org.springframework.beans.factory.UnsatisfiedDependencyException: Error creating bean with name 'userSettingService' defined in file [C:\modu_project\modu_back\build\classes\java\main\back\code\user\service\UserSettingService.class]: Unsatisfied dependency expressed through constructor parameter 0: Error creating bean with name 'userSettingRepository' defined in back.code.user.repository.UserSettingRepository defined in @EnableJpaRepositories declared on JpaRepositoriesRegistrar.EnableJpaRepositoriesConfiguration: Could not create query for public abstract java.util.Optional back.code.user.repository.UserSettingRepository.findByUser(back.code.user.entity.UserEntity); Reason: Failed to create query for method public abstract java.util.Optional back.code.user.repository.UserSettingRepository.findByUser(back.code.user.entity.UserEntity); No property 'user' found for type 'UserSettingEntity'; Did you mean 'userId'
	at org.springframework.beans.factory.support.ConstructorResolver.createArgumentArray(ConstructorResolver.java:804)
	at org.springframework.beans.factory.support.ConstructorResolver.autowireConstructor(ConstructorResolver.java:240)
	at org.springframework.beans.factory.support.AbstractAutowireCapableBeanFactory.autowireConstructor(AbstractAutowireCapableBeanFactory.java:1395)
	at org.springframework.beans.factory.support.AbstractAutowireCapableBeanFactory.createBeanInstance(AbstractAutowireCapableBeanFactory.java:1232)
	at org.springframework.beans.factory.support.AbstractAutowireCapableBeanFactory.doCreateBean(AbstractAutowireCapableBeanFactory.java:569)
	at org.springframework.beans.factory.support.AbstractAutowireCapableBeanFactory.createBean(AbstractAutowireCapableBeanFactory.java:529)
	at org.springframework.beans.factory.support.AbstractBeanFactory.lambda$doGetBean$0(AbstractBeanFactory.java:339)
	at org.springframework.beans.factory.support.DefaultSingletonBeanRegistry.getSingleton(DefaultSingletonBeanRegistry.java:373)
	at org.springframework.beans.factory.support.AbstractBeanFactory.doGetBean(AbstractBeanFactory.java:337)
	at org.springframework.beans.factory.support.AbstractBeanFactory.getBean(AbstractBeanFactory.java:202)
	at org.springframework.beans.factory.support.DefaultListableBeanFactory.doResolveDependency(DefaultListableBeanFactory.java:1708)
	at org.springframework.beans.factory.support.DefaultListableBeanFactory.resolveDependency(DefaultListableBeanFactory.java:1653)
	at org.springframework.beans.factory.support.ConstructorResolver.resolveAutowiredArgument(ConstructorResolver.java:913)
	at org.springframework.beans.factory.support.ConstructorResolver.createArgumentArray(ConstructorResolver.java:791)
	... 24 common frames omitted
Caused by: org.springframework.beans.factory.BeanCreationException: Error creating bean with name 'userSettingRepository' defined in back.code.user.repository.UserSettingRepository defined in @EnableJpaRepositories declared on JpaRepositoriesRegistrar.EnableJpaRepositoriesConfiguration: Could not create query for public abstract java.util.Optional back.code.user.repository.UserSettingRepository.findByUser(back.code.user.entity.UserEntity); Reason: Failed to create query for method public abstract java.util.Optional back.code.user.repository.UserSettingRepository.findByUser(back.code.user.entity.UserEntity); No property 'user' found for type 'UserSettingEntity'; Did you mean 'userId'
	at org.springframework.beans.factory.support.AbstractAutowireCapableBeanFactory.initializeBean(AbstractAutowireCapableBeanFactory.java:1826)
	at org.springframework.beans.factory.support.AbstractAutowireCapableBeanFactory.doCreateBean(AbstractAutowireCapableBeanFactory.java:607)
	at org.springframework.beans.factory.support.AbstractAutowireCapableBeanFactory.createBean(AbstractAutowireCapableBeanFactory.java:529)
	at org.springframework.beans.factory.support.AbstractBeanFactory.lambda$doGetBean$0(AbstractBeanFactory.java:339)
	at org.springframework.beans.factory.support.DefaultSingletonBeanRegistry.getSingleton(DefaultSingletonBeanRegistry.java:373)
	at org.springframework.beans.factory.support.AbstractBeanFactory.doGetBean(AbstractBeanFactory.java:337)
	at org.springframework.beans.factory.support.AbstractBeanFactory.getBean(AbstractBeanFactory.java:202)
	at org.springframework.beans.factory.support.DefaultListableBeanFactory.doResolveDependency(DefaultListableBeanFactory.java:1708)
	at org.springframework.beans.factory.support.DefaultListableBeanFactory.resolveDependency(DefaultListableBeanFactory.java:1653)
	at org.springframework.beans.factory.support.ConstructorResolver.resolveAutowiredArgument(ConstructorResolver.java:913)
	at org.springframework.beans.factory.support.ConstructorResolver.createArgumentArray(ConstructorResolver.java:791)
	... 37 common frames omitted
Caused by: org.springframework.data.repository.query.QueryCreationException: Could not create query for public abstract java.util.Optional back.code.user.repository.UserSettingRepository.findByUser(back.code.user.entity.UserEntity); Reason: Failed to create query for method public abstract java.util.Optional back.code.user.repository.UserSettingRepository.findByUser(back.code.user.entity.UserEntity); No property 'user' found for type 'UserSettingEntity'; Did you mean 'userId'
	at org.springframework.data.repository.query.QueryCreationException.create(QueryCreationException.java:101)
	at org.springframework.data.repository.core.support.QueryExecutorMethodInterceptor.lookupQuery(QueryExecutorMethodInterceptor.java:120)
	at org.springframework.data.repository.core.support.QueryExecutorMethodInterceptor.mapMethodsToQuery(QueryExecutorMethodInterceptor.java:104)
	at org.springframework.data.repository.core.support.QueryExecutorMethodInterceptor.lambda$new$0(QueryExecutorMethodInterceptor.java:92)
	at java.base/java.util.Optional.map(Optional.java:260)
	at org.springframework.data.repository.core.support.QueryExecutorMethodInterceptor.<init>(QueryExecutorMethodInterceptor.java:92)
	at org.springframework.data.repository.core.support.RepositoryFactorySupport.getRepository(RepositoryFactorySupport.java:434)
	at org.springframework.data.repository.core.support.RepositoryFactoryBeanSupport.lambda$afterPropertiesSet$4(RepositoryFactoryBeanSupport.java:350)
	at org.springframework.data.util.Lazy.getNullable(Lazy.java:135)
	at org.springframework.data.util.Lazy.get(Lazy.java:113)
	at org.springframework.data.repository.core.support.RepositoryFactoryBeanSupport.afterPropertiesSet(RepositoryFactoryBeanSupport.java:356)
	at org.springframework.data.jpa.repository.support.JpaRepositoryFactoryBean.afterPropertiesSet(JpaRepositoryFactoryBean.java:132)
	at org.springframework.beans.factory.support.AbstractAutowireCapableBeanFactory.invokeInitMethods(AbstractAutowireCapableBeanFactory.java:1873)
	at org.springframework.beans.factory.support.AbstractAutowireCapableBeanFactory.initializeBean(AbstractAutowireCapableBeanFactory.java:1822)
	... 47 common frames omitted
Caused by: java.lang.IllegalArgumentException: Failed to create query for method public abstract java.util.Optional back.code.user.repository.UserSettingRepository.findByUser(back.code.user.entity.UserEntity); No property 'user' found for type 'UserSettingEntity'; Did you mean 'userId'
	at org.springframework.data.jpa.repository.query.PartTreeJpaQuery.<init>(PartTreeJpaQuery.java:107)
	at org.springframework.data.jpa.repository.query.JpaQueryLookupStrategy$CreateQueryLookupStrategy.resolveQuery(JpaQueryLookupStrategy.java:128)
	at org.springframework.data.jpa.repository.query.JpaQueryLookupStrategy$CreateIfNotFoundQueryLookupStrategy.resolveQuery(JpaQueryLookupStrategy.java:260)
	at org.springframework.data.jpa.repository.query.JpaQueryLookupStrategy$AbstractQueryLookupStrategy.resolveQuery(JpaQueryLookupStrategy.java:99)
	at org.springframework.data.repository.core.support.QueryExecutorMethodInterceptor.lookupQuery(QueryExecutorMethodInterceptor.java:116)
	... 59 common frames omitted
Caused by: org.springframework.data.mapping.PropertyReferenceException: No property 'user' found for type 'UserSettingEntity'; Did you mean 'userId'
	at org.springframework.data.mapping.PropertyPath.<init>(PropertyPath.java:94)
	at org.springframework.data.mapping.PropertyPath.create(PropertyPath.java:455)
	at org.springframework.data.mapping.PropertyPath.create(PropertyPath.java:431)
	at org.springframework.data.mapping.PropertyPath.lambda$from$0(PropertyPath.java:384)
	at java.base/java.util.concurrent.ConcurrentMap.computeIfAbsent(ConcurrentMap.java:330)
	at org.springframework.data.mapping.PropertyPath.from(PropertyPath.java:366)
	at org.springframework.data.mapping.PropertyPath.from(PropertyPath.java:344)
	at org.springframework.data.repository.query.parser.Part.<init>(Part.java:81)
	at org.springframework.data.repository.query.parser.PartTree$OrPart.lambda$new$0(PartTree.java:259)
	at java.base/java.util.stream.ReferencePipeline$3$1.accept(ReferencePipeline.java:197)
	at java.base/java.util.stream.ReferencePipeline$2$1.accept(ReferencePipeline.java:179)
	at java.base/java.util.Spliterators$ArraySpliterator.forEachRemaining(Spliterators.java:1024)
	at java.base/java.util.stream.AbstractPipeline.copyInto(AbstractPipeline.java:509)
	at java.base/java.util.stream.AbstractPipeline.wrapAndCopyInto(AbstractPipeline.java:499)
	at java.base/java.util.stream.ReduceOps$ReduceOp.evaluateSequential(ReduceOps.java:921)
	at java.base/java.util.stream.AbstractPipeline.evaluate(AbstractPipeline.java:234)
	at java.base/java.util.stream.ReferencePipeline.collect(ReferencePipeline.java:682)
	at org.springframework.data.repository.query.parser.PartTree$OrPart.<init>(PartTree.java:260)
	at org.springframework.data.repository.query.parser.PartTree$Predicate.lambda$new$0(PartTree.java:389)
	at java.base/java.util.stream.ReferencePipeline$3$1.accept(ReferencePipeline.java:197)
	at java.base/java.util.stream.ReferencePipeline$2$1.accept(ReferencePipeline.java:179)
	at java.base/java.util.Spliterators$ArraySpliterator.forEachRemaining(Spliterators.java:1024)
	at java.base/java.util.stream.AbstractPipeline.copyInto(AbstractPipeline.java:509)
	at java.base/java.util.stream.AbstractPipeline.wrapAndCopyInto(AbstractPipeline.java:499)
	at java.base/java.util.stream.ReduceOps$ReduceOp.evaluateSequential(ReduceOps.java:921)
	at java.base/java.util.stream.AbstractPipeline.evaluate(AbstractPipeline.java:234)
	at java.base/java.util.stream.ReferencePipeline.collect(ReferencePipeline.java:682)
	at org.springframework.data.repository.query.parser.PartTree$Predicate.<init>(PartTree.java:390)
	at org.springframework.data.repository.query.parser.PartTree.<init>(PartTree.java:103)
	at org.springframework.data.jpa.repository.query.PartTreeJpaQuery.<init>(PartTreeJpaQuery.java:101)
	... 63 common frames omitted
[2025-11-03 10:14:58:652][background-preinit] INFO  o.h.validator.internal.util.Version - HV000001: Hibernate Validator 8.0.3.Final
[2025-11-03 10:14:58:692][restartedMain] INFO  back.code.ModuBackApplication - Starting ModuBackApplication using Java 21.0.7 with PID 7312 (C:\modu_project\modu_back\build\classes\java\main started by sm002 in C:\modu_project\modu_back)
[2025-11-03 10:14:58:693][restartedMain] INFO  back.code.ModuBackApplication - No active profile set, falling back to 1 default profile: "default"
[2025-11-03 10:14:58:740][restartedMain] INFO  o.s.b.d.e.DevToolsPropertyDefaultsPostProcessor - Devtools property defaults active! Set 'spring.devtools.add-properties' to 'false' to disable
[2025-11-03 10:14:58:740][restartedMain] INFO  o.s.b.d.e.DevToolsPropertyDefaultsPostProcessor - For additional web related logging consider setting the 'logging.level.web' property to 'DEBUG'
[2025-11-03 10:14:59:1493][restartedMain] INFO  o.s.d.r.c.RepositoryConfigurationDelegate - Bootstrapping Spring Data JPA repositories in DEFAULT mode.
[2025-11-03 10:14:59:1617][restartedMain] INFO  o.s.d.r.c.RepositoryConfigurationDelegate - Finished Spring Data repository scanning in 118 ms. Found 4 JPA repository interfaces.
[2025-11-03 10:15:00:2165][restartedMain] INFO  o.s.b.w.e.tomcat.TomcatWebServer - Tomcat initialized with port 9090 (http)
[2025-11-03 10:15:00:2176][restartedMain] INFO  o.a.coyote.http11.Http11NioProtocol - Initializing ProtocolHandler ["http-nio-9090"]
[2025-11-03 10:15:00:2178][restartedMain] INFO  o.a.catalina.core.StandardService - Starting service [Tomcat]
[2025-11-03 10:15:00:2178][restartedMain] INFO  o.a.catalina.core.StandardEngine - Starting Servlet engine: [Apache Tomcat/10.1.48]
[2025-11-03 10:15:00:2231][restartedMain] INFO  o.a.c.c.C.[Tomcat].[localhost].[/] - Initializing Spring embedded WebApplicationContext
[2025-11-03 10:15:00:2231][restartedMain] INFO  o.s.b.w.s.c.ServletWebServerApplicationContext - Root WebApplicationContext: initialization completed in 1490 ms
[2025-11-03 10:15:00:2387][restartedMain] INFO  o.h.jpa.internal.util.LogHelper - HHH000204: Processing PersistenceUnitInfo [name: default]
[2025-11-03 10:15:00:2438][restartedMain] INFO  org.hibernate.Version - HHH000412: Hibernate ORM core version 6.6.33.Final
[2025-11-03 10:15:00:2464][restartedMain] INFO  o.h.c.i.RegionFactoryInitiator - HHH000026: Second-level cache disabled
[2025-11-03 10:15:00:2697][restartedMain] INFO  o.s.o.j.p.SpringPersistenceUnitInfo - No LoadTimeWeaver setup: ignoring JPA class transformer
[2025-11-03 10:15:00:2722][restartedMain] INFO  com.zaxxer.hikari.HikariDataSource - HikariPool-1 - Starting...
[2025-11-03 10:15:00:2802][restartedMain] INFO  com.zaxxer.hikari.pool.HikariPool - HikariPool-1 - Added connection org.mariadb.jdbc.Connection@7b9e9c93
[2025-11-03 10:15:00:2805][restartedMain] INFO  com.zaxxer.hikari.HikariDataSource - HikariPool-1 - Start completed.
[2025-11-03 10:15:00:2828][restartedMain] WARN  org.hibernate.orm.deprecation - HHH90000025: MariaDBDialect does not need to be specified explicitly using 'hibernate.dialect' (remove the property setting and it will be selected by default)
[2025-11-03 10:15:00:2842][restartedMain] INFO  o.hibernate.orm.connections.pooling - HHH10001005: Database info:
	Database JDBC URL [Connecting through datasource 'p6SpyDataSourceDecorator [com.p6spy.engine.spy.P6DataSource] -> dataSource [com.zaxxer.hikari.HikariDataSource]']
	Database driver: undefined/unknown
	Database version: 11.8.2
	Autocommit mode: undefined/unknown
	Isolation level: undefined/unknown
	Minimum pool size: undefined/unknown
	Maximum pool size: undefined/unknown
[2025-11-03 10:15:00:2848][restartedMain] DEBUG o.h.t.d.sql.spi.DdlTypeRegistry - addDescriptor(12, org.hibernate.type.descriptor.sql.internal.CapacityDependentDdlType@684de66a) replaced previous registration(org.hibernate.type.descriptor.sql.internal.CapacityDependentDdlType@29140f8c)
[2025-11-03 10:15:00:2848][restartedMain] DEBUG o.h.t.d.sql.spi.DdlTypeRegistry - addDescriptor(-9, org.hibernate.type.descriptor.sql.internal.CapacityDependentDdlType@751e82e8) replaced previous registration(org.hibernate.type.descriptor.sql.internal.CapacityDependentDdlType@29ee61bc)
[2025-11-03 10:15:00:2848][restartedMain] DEBUG o.h.t.d.sql.spi.DdlTypeRegistry - addDescriptor(-3, org.hibernate.type.descriptor.sql.internal.CapacityDependentDdlType@2e17ac5d) replaced previous registration(org.hibernate.type.descriptor.sql.internal.CapacityDependentDdlType@27f6be7c)
[2025-11-03 10:15:00:2849][restartedMain] DEBUG o.h.t.d.sql.spi.DdlTypeRegistry - addDescriptor(4003, org.hibernate.type.descriptor.sql.internal.DdlTypeImpl@267e71a8) replaced previous registration(org.hibernate.type.descriptor.sql.internal.DdlTypeImpl@7cc7075a)
[2025-11-03 10:15:00:2849][restartedMain] DEBUG o.h.t.d.sql.spi.DdlTypeRegistry - addDescriptor(4001, org.hibernate.type.descriptor.sql.internal.DdlTypeImpl@6fa129db) replaced previous registration(org.hibernate.type.descriptor.sql.internal.DdlTypeImpl@7d366f0d)
[2025-11-03 10:15:00:2849][restartedMain] DEBUG o.h.t.d.sql.spi.DdlTypeRegistry - addDescriptor(4002, org.hibernate.type.descriptor.sql.internal.DdlTypeImpl@2890a232) replaced previous registration(org.hibernate.type.descriptor.sql.internal.DdlTypeImpl@6ca98dad)
[2025-11-03 10:15:00:2849][restartedMain] DEBUG o.h.t.d.sql.spi.DdlTypeRegistry - addDescriptor(2004, org.hibernate.type.descriptor.sql.internal.CapacityDependentDdlType@aa08e12) replaced previous registration(org.hibernate.type.descriptor.sql.internal.DdlTypeImpl@4420c64c)
[2025-11-03 10:15:00:2849][restartedMain] DEBUG o.h.t.d.sql.spi.DdlTypeRegistry - addDescriptor(2005, org.hibernate.type.descriptor.sql.internal.CapacityDependentDdlType@690c6dc8) replaced previous registration(org.hibernate.type.descriptor.sql.internal.DdlTypeImpl@496841a1)
[2025-11-03 10:15:00:2849][restartedMain] DEBUG o.h.t.d.sql.spi.DdlTypeRegistry - addDescriptor(2011, org.hibernate.type.descriptor.sql.internal.CapacityDependentDdlType@47b69680) replaced previous registration(org.hibernate.type.descriptor.sql.internal.DdlTypeImpl@5663a9c)
[2025-11-03 10:15:01:3580][restartedMain] INFO  o.h.e.t.j.p.i.JtaPlatformInitiator - HHH000489: No JTA platform available (set 'hibernate.transaction.jta.platform' to enable JTA platform integration)
[2025-11-03 10:15:01:3602][restartedMain] INFO  p6spy - #1762132501678 | took 3ms | statement | connection 1| url jdbc:mariadb://localhost/modu?user=root&password=***&prepStmtCacheSqlLimit=2048&useServerPrepStmts=true
select table_name from information_schema.TABLES where table_schema=database() and table_type='SEQUENCE'
select table_name from information_schema.TABLES where table_schema=database() and table_type='SEQUENCE';
[2025-11-03 10:15:01:3619][restartedMain] INFO  o.s.o.j.LocalContainerEntityManagerFactoryBean - Initialized JPA EntityManagerFactory for persistence unit 'default'
[2025-11-03 10:15:01:3882][restartedMain] INFO  o.s.d.j.r.q.QueryEnhancerFactory - Hibernate is in classpath; If applicable, HQL parser will be used.
[2025-11-03 10:15:02:4918][restartedMain] WARN  o.s.b.w.s.c.AnnotationConfigServletWebServerApplicationContext - Exception encountered during context initialization - cancelling refresh attempt: org.springframework.beans.factory.UnsatisfiedDependencyException: Error creating bean with name 'userSettingController' defined in file [C:\modu_project\modu_back\build\classes\java\main\back\code\user\controller\UserSettingController.class]: Unsatisfied dependency expressed through constructor parameter 0: Error creating bean with name 'userSettingService' defined in file [C:\modu_project\modu_back\build\classes\java\main\back\code\user\service\UserSettingService.class]: Unsatisfied dependency expressed through constructor parameter 0: Error creating bean with name 'userSettingRepository' defined in back.code.user.repository.UserSettingRepository defined in @EnableJpaRepositories declared on JpaRepositoriesRegistrar.EnableJpaRepositoriesConfiguration: Could not create query for public abstract java.util.Optional back.code.user.repository.UserSettingRepository.findByUser(back.code.user.entity.UserEntity); Reason: Failed to create query for method public abstract java.util.Optional back.code.user.repository.UserSettingRepository.findByUser(back.code.user.entity.UserEntity); No property 'user' found for type 'UserSettingEntity'; Did you mean 'userId'
[2025-11-03 10:15:02:4918][restartedMain] INFO  o.s.o.j.LocalContainerEntityManagerFactoryBean - Closing JPA EntityManagerFactory for persistence unit 'default'
[2025-11-03 10:15:02:4922][restartedMain] INFO  com.zaxxer.hikari.HikariDataSource - HikariPool-1 - Shutdown initiated...
[2025-11-03 10:15:03:4929][restartedMain] INFO  com.zaxxer.hikari.HikariDataSource - HikariPool-1 - Shutdown completed.
[2025-11-03 10:15:03:4934][restartedMain] INFO  o.a.catalina.core.StandardService - Stopping service [Tomcat]
[2025-11-03 10:15:03:4946][restartedMain] INFO  o.s.b.a.l.ConditionEvaluationReportLogger - 

Error starting ApplicationContext. To display the condition evaluation report re-run your application with 'debug' enabled.
[2025-11-03 10:15:03:4968][restartedMain] ERROR o.s.boot.SpringApplication - Application run failed
org.springframework.beans.factory.UnsatisfiedDependencyException: Error creating bean with name 'userSettingController' defined in file [C:\modu_project\modu_back\build\classes\java\main\back\code\user\controller\UserSettingController.class]: Unsatisfied dependency expressed through constructor parameter 0: Error creating bean with name 'userSettingService' defined in file [C:\modu_project\modu_back\build\classes\java\main\back\code\user\service\UserSettingService.class]: Unsatisfied dependency expressed through constructor parameter 0: Error creating bean with name 'userSettingRepository' defined in back.code.user.repository.UserSettingRepository defined in @EnableJpaRepositories declared on JpaRepositoriesRegistrar.EnableJpaRepositoriesConfiguration: Could not create query for public abstract java.util.Optional back.code.user.repository.UserSettingRepository.findByUser(back.code.user.entity.UserEntity); Reason: Failed to create query for method public abstract java.util.Optional back.code.user.repository.UserSettingRepository.findByUser(back.code.user.entity.UserEntity); No property 'user' found for type 'UserSettingEntity'; Did you mean 'userId'
	at org.springframework.beans.factory.support.ConstructorResolver.createArgumentArray(ConstructorResolver.java:804)
	at org.springframework.beans.factory.support.ConstructorResolver.autowireConstructor(ConstructorResolver.java:240)
	at org.springframework.beans.factory.support.AbstractAutowireCapableBeanFactory.autowireConstructor(AbstractAutowireCapableBeanFactory.java:1395)
	at org.springframework.beans.factory.support.AbstractAutowireCapableBeanFactory.createBeanInstance(AbstractAutowireCapableBeanFactory.java:1232)
	at org.springframework.beans.factory.support.AbstractAutowireCapableBeanFactory.doCreateBean(AbstractAutowireCapableBeanFactory.java:569)
	at org.springframework.beans.factory.support.AbstractAutowireCapableBeanFactory.createBean(AbstractAutowireCapableBeanFactory.java:529)
	at org.springframework.beans.factory.support.AbstractBeanFactory.lambda$doGetBean$0(AbstractBeanFactory.java:339)
	at org.springframework.beans.factory.support.DefaultSingletonBeanRegistry.getSingleton(DefaultSingletonBeanRegistry.java:373)
	at org.springframework.beans.factory.support.AbstractBeanFactory.doGetBean(AbstractBeanFactory.java:337)
	at org.springframework.beans.factory.support.AbstractBeanFactory.getBean(AbstractBeanFactory.java:202)
	at org.springframework.beans.factory.support.DefaultListableBeanFactory.instantiateSingleton(DefaultListableBeanFactory.java:1228)
	at org.springframework.beans.factory.support.DefaultListableBeanFactory.preInstantiateSingleton(DefaultListableBeanFactory.java:1194)
	at org.springframework.beans.factory.support.DefaultListableBeanFactory.preInstantiateSingletons(DefaultListableBeanFactory.java:1130)
	at org.springframework.context.support.AbstractApplicationContext.finishBeanFactoryInitialization(AbstractApplicationContext.java:990)
	at org.springframework.context.support.AbstractApplicationContext.refresh(AbstractApplicationContext.java:627)
	at org.springframework.boot.web.servlet.context.ServletWebServerApplicationContext.refresh(ServletWebServerApplicationContext.java:146)
	at org.springframework.boot.SpringApplication.refresh(SpringApplication.java:752)
	at org.springframework.boot.SpringApplication.refreshContext(SpringApplication.java:439)
	at org.springframework.boot.SpringApplication.run(SpringApplication.java:318)
	at org.springframework.boot.SpringApplication.run(SpringApplication.java:1361)
	at org.springframework.boot.SpringApplication.run(SpringApplication.java:1350)
	at back.code.ModuBackApplication.main(ModuBackApplication.java:10)
	at java.base/jdk.internal.reflect.DirectMethodHandleAccessor.invoke(DirectMethodHandleAccessor.java:103)
	at java.base/java.lang.reflect.Method.invoke(Method.java:580)
	at org.springframework.boot.devtools.restart.RestartLauncher.run(RestartLauncher.java:50)
Caused by: org.springframework.beans.factory.UnsatisfiedDependencyException: Error creating bean with name 'userSettingService' defined in file [C:\modu_project\modu_back\build\classes\java\main\back\code\user\service\UserSettingService.class]: Unsatisfied dependency expressed through constructor parameter 0: Error creating bean with name 'userSettingRepository' defined in back.code.user.repository.UserSettingRepository defined in @EnableJpaRepositories declared on JpaRepositoriesRegistrar.EnableJpaRepositoriesConfiguration: Could not create query for public abstract java.util.Optional back.code.user.repository.UserSettingRepository.findByUser(back.code.user.entity.UserEntity); Reason: Failed to create query for method public abstract java.util.Optional back.code.user.repository.UserSettingRepository.findByUser(back.code.user.entity.UserEntity); No property 'user' found for type 'UserSettingEntity'; Did you mean 'userId'
	at org.springframework.beans.factory.support.ConstructorResolver.createArgumentArray(ConstructorResolver.java:804)
	at org.springframework.beans.factory.support.ConstructorResolver.autowireConstructor(ConstructorResolver.java:240)
	at org.springframework.beans.factory.support.AbstractAutowireCapableBeanFactory.autowireConstructor(AbstractAutowireCapableBeanFactory.java:1395)
	at org.springframework.beans.factory.support.AbstractAutowireCapableBeanFactory.createBeanInstance(AbstractAutowireCapableBeanFactory.java:1232)
	at org.springframework.beans.factory.support.AbstractAutowireCapableBeanFactory.doCreateBean(AbstractAutowireCapableBeanFactory.java:569)
	at org.springframework.beans.factory.support.AbstractAutowireCapableBeanFactory.createBean(AbstractAutowireCapableBeanFactory.java:529)
	at org.springframework.beans.factory.support.AbstractBeanFactory.lambda$doGetBean$0(AbstractBeanFactory.java:339)
	at org.springframework.beans.factory.support.DefaultSingletonBeanRegistry.getSingleton(DefaultSingletonBeanRegistry.java:373)
	at org.springframework.beans.factory.support.AbstractBeanFactory.doGetBean(AbstractBeanFactory.java:337)
	at org.springframework.beans.factory.support.AbstractBeanFactory.getBean(AbstractBeanFactory.java:202)
	at org.springframework.beans.factory.support.DefaultListableBeanFactory.doResolveDependency(DefaultListableBeanFactory.java:1708)
	at org.springframework.beans.factory.support.DefaultListableBeanFactory.resolveDependency(DefaultListableBeanFactory.java:1653)
	at org.springframework.beans.factory.support.ConstructorResolver.resolveAutowiredArgument(ConstructorResolver.java:913)
	at org.springframework.beans.factory.support.ConstructorResolver.createArgumentArray(ConstructorResolver.java:791)
	... 24 common frames omitted
Caused by: org.springframework.beans.factory.BeanCreationException: Error creating bean with name 'userSettingRepository' defined in back.code.user.repository.UserSettingRepository defined in @EnableJpaRepositories declared on JpaRepositoriesRegistrar.EnableJpaRepositoriesConfiguration: Could not create query for public abstract java.util.Optional back.code.user.repository.UserSettingRepository.findByUser(back.code.user.entity.UserEntity); Reason: Failed to create query for method public abstract java.util.Optional back.code.user.repository.UserSettingRepository.findByUser(back.code.user.entity.UserEntity); No property 'user' found for type 'UserSettingEntity'; Did you mean 'userId'
	at org.springframework.beans.factory.support.AbstractAutowireCapableBeanFactory.initializeBean(AbstractAutowireCapableBeanFactory.java:1826)
	at org.springframework.beans.factory.support.AbstractAutowireCapableBeanFactory.doCreateBean(AbstractAutowireCapableBeanFactory.java:607)
	at org.springframework.beans.factory.support.AbstractAutowireCapableBeanFactory.createBean(AbstractAutowireCapableBeanFactory.java:529)
	at org.springframework.beans.factory.support.AbstractBeanFactory.lambda$doGetBean$0(AbstractBeanFactory.java:339)
	at org.springframework.beans.factory.support.DefaultSingletonBeanRegistry.getSingleton(DefaultSingletonBeanRegistry.java:373)
	at org.springframework.beans.factory.support.AbstractBeanFactory.doGetBean(AbstractBeanFactory.java:337)
	at org.springframework.beans.factory.support.AbstractBeanFactory.getBean(AbstractBeanFactory.java:202)
	at org.springframework.beans.factory.support.DefaultListableBeanFactory.doResolveDependency(DefaultListableBeanFactory.java:1708)
	at org.springframework.beans.factory.support.DefaultListableBeanFactory.resolveDependency(DefaultListableBeanFactory.java:1653)
	at org.springframework.beans.factory.support.ConstructorResolver.resolveAutowiredArgument(ConstructorResolver.java:913)
	at org.springframework.beans.factory.support.ConstructorResolver.createArgumentArray(ConstructorResolver.java:791)
	... 37 common frames omitted
Caused by: org.springframework.data.repository.query.QueryCreationException: Could not create query for public abstract java.util.Optional back.code.user.repository.UserSettingRepository.findByUser(back.code.user.entity.UserEntity); Reason: Failed to create query for method public abstract java.util.Optional back.code.user.repository.UserSettingRepository.findByUser(back.code.user.entity.UserEntity); No property 'user' found for type 'UserSettingEntity'; Did you mean 'userId'
	at org.springframework.data.repository.query.QueryCreationException.create(QueryCreationException.java:101)
	at org.springframework.data.repository.core.support.QueryExecutorMethodInterceptor.lookupQuery(QueryExecutorMethodInterceptor.java:120)
	at org.springframework.data.repository.core.support.QueryExecutorMethodInterceptor.mapMethodsToQuery(QueryExecutorMethodInterceptor.java:104)
	at org.springframework.data.repository.core.support.QueryExecutorMethodInterceptor.lambda$new$0(QueryExecutorMethodInterceptor.java:92)
	at java.base/java.util.Optional.map(Optional.java:260)
	at org.springframework.data.repository.core.support.QueryExecutorMethodInterceptor.<init>(QueryExecutorMethodInterceptor.java:92)
	at org.springframework.data.repository.core.support.RepositoryFactorySupport.getRepository(RepositoryFactorySupport.java:434)
	at org.springframework.data.repository.core.support.RepositoryFactoryBeanSupport.lambda$afterPropertiesSet$4(RepositoryFactoryBeanSupport.java:350)
	at org.springframework.data.util.Lazy.getNullable(Lazy.java:135)
	at org.springframework.data.util.Lazy.get(Lazy.java:113)
	at org.springframework.data.repository.core.support.RepositoryFactoryBeanSupport.afterPropertiesSet(RepositoryFactoryBeanSupport.java:356)
	at org.springframework.data.jpa.repository.support.JpaRepositoryFactoryBean.afterPropertiesSet(JpaRepositoryFactoryBean.java:132)
	at org.springframework.beans.factory.support.AbstractAutowireCapableBeanFactory.invokeInitMethods(AbstractAutowireCapableBeanFactory.java:1873)
	at org.springframework.beans.factory.support.AbstractAutowireCapableBeanFactory.initializeBean(AbstractAutowireCapableBeanFactory.java:1822)
	... 47 common frames omitted
Caused by: java.lang.IllegalArgumentException: Failed to create query for method public abstract java.util.Optional back.code.user.repository.UserSettingRepository.findByUser(back.code.user.entity.UserEntity); No property 'user' found for type 'UserSettingEntity'; Did you mean 'userId'
	at org.springframework.data.jpa.repository.query.PartTreeJpaQuery.<init>(PartTreeJpaQuery.java:107)
	at org.springframework.data.jpa.repository.query.JpaQueryLookupStrategy$CreateQueryLookupStrategy.resolveQuery(JpaQueryLookupStrategy.java:128)
	at org.springframework.data.jpa.repository.query.JpaQueryLookupStrategy$CreateIfNotFoundQueryLookupStrategy.resolveQuery(JpaQueryLookupStrategy.java:260)
	at org.springframework.data.jpa.repository.query.JpaQueryLookupStrategy$AbstractQueryLookupStrategy.resolveQuery(JpaQueryLookupStrategy.java:99)
	at org.springframework.data.repository.core.support.QueryExecutorMethodInterceptor.lookupQuery(QueryExecutorMethodInterceptor.java:116)
	... 59 common frames omitted
Caused by: org.springframework.data.mapping.PropertyReferenceException: No property 'user' found for type 'UserSettingEntity'; Did you mean 'userId'
	at org.springframework.data.mapping.PropertyPath.<init>(PropertyPath.java:94)
	at org.springframework.data.mapping.PropertyPath.create(PropertyPath.java:455)
	at org.springframework.data.mapping.PropertyPath.create(PropertyPath.java:431)
	at org.springframework.data.mapping.PropertyPath.lambda$from$0(PropertyPath.java:384)
	at java.base/java.util.concurrent.ConcurrentMap.computeIfAbsent(ConcurrentMap.java:330)
	at org.springframework.data.mapping.PropertyPath.from(PropertyPath.java:366)
	at org.springframework.data.mapping.PropertyPath.from(PropertyPath.java:344)
	at org.springframework.data.repository.query.parser.Part.<init>(Part.java:81)
	at org.springframework.data.repository.query.parser.PartTree$OrPart.lambda$new$0(PartTree.java:259)
	at java.base/java.util.stream.ReferencePipeline$3$1.accept(ReferencePipeline.java:197)
	at java.base/java.util.stream.ReferencePipeline$2$1.accept(ReferencePipeline.java:179)
	at java.base/java.util.Spliterators$ArraySpliterator.forEachRemaining(Spliterators.java:1024)
	at java.base/java.util.stream.AbstractPipeline.copyInto(AbstractPipeline.java:509)
	at java.base/java.util.stream.AbstractPipeline.wrapAndCopyInto(AbstractPipeline.java:499)
	at java.base/java.util.stream.ReduceOps$ReduceOp.evaluateSequential(ReduceOps.java:921)
	at java.base/java.util.stream.AbstractPipeline.evaluate(AbstractPipeline.java:234)
	at java.base/java.util.stream.ReferencePipeline.collect(ReferencePipeline.java:682)
	at org.springframework.data.repository.query.parser.PartTree$OrPart.<init>(PartTree.java:260)
	at org.springframework.data.repository.query.parser.PartTree$Predicate.lambda$new$0(PartTree.java:389)
	at java.base/java.util.stream.ReferencePipeline$3$1.accept(ReferencePipeline.java:197)
	at java.base/java.util.stream.ReferencePipeline$2$1.accept(ReferencePipeline.java:179)
	at java.base/java.util.Spliterators$ArraySpliterator.forEachRemaining(Spliterators.java:1024)
	at java.base/java.util.stream.AbstractPipeline.copyInto(AbstractPipeline.java:509)
	at java.base/java.util.stream.AbstractPipeline.wrapAndCopyInto(AbstractPipeline.java:499)
	at java.base/java.util.stream.ReduceOps$ReduceOp.evaluateSequential(ReduceOps.java:921)
	at java.base/java.util.stream.AbstractPipeline.evaluate(AbstractPipeline.java:234)
	at java.base/java.util.stream.ReferencePipeline.collect(ReferencePipeline.java:682)
	at org.springframework.data.repository.query.parser.PartTree$Predicate.<init>(PartTree.java:390)
	at org.springframework.data.repository.query.parser.PartTree.<init>(PartTree.java:103)
	at org.springframework.data.jpa.repository.query.PartTreeJpaQuery.<init>(PartTreeJpaQuery.java:101)
	... 63 common frames omitted
[2025-11-03 10:16:00:699][background-preinit] INFO  o.h.validator.internal.util.Version - HV000001: Hibernate Validator 8.0.3.Final
[2025-11-03 10:16:00:740][restartedMain] INFO  back.code.ModuBackApplication - Starting ModuBackApplication using Java 21.0.7 with PID 9380 (C:\modu_project\modu_back\build\classes\java\main started by sm002 in C:\modu_project\modu_back)
[2025-11-03 10:16:00:740][restartedMain] INFO  back.code.ModuBackApplication - No active profile set, falling back to 1 default profile: "default"
[2025-11-03 10:16:01:787][restartedMain] INFO  o.s.b.d.e.DevToolsPropertyDefaultsPostProcessor - Devtools property defaults active! Set 'spring.devtools.add-properties' to 'false' to disable
[2025-11-03 10:16:01:787][restartedMain] INFO  o.s.b.d.e.DevToolsPropertyDefaultsPostProcessor - For additional web related logging consider setting the 'logging.level.web' property to 'DEBUG'
[2025-11-03 10:16:01:1544][restartedMain] INFO  o.s.d.r.c.RepositoryConfigurationDelegate - Bootstrapping Spring Data JPA repositories in DEFAULT mode.
[2025-11-03 10:16:01:1671][restartedMain] INFO  o.s.d.r.c.RepositoryConfigurationDelegate - Finished Spring Data repository scanning in 121 ms. Found 4 JPA repository interfaces.
[2025-11-03 10:16:02:2214][restartedMain] INFO  o.s.b.w.e.tomcat.TomcatWebServer - Tomcat initialized with port 9090 (http)
[2025-11-03 10:16:02:2224][restartedMain] INFO  o.a.coyote.http11.Http11NioProtocol - Initializing ProtocolHandler ["http-nio-9090"]
[2025-11-03 10:16:02:2225][restartedMain] INFO  o.a.catalina.core.StandardService - Starting service [Tomcat]
[2025-11-03 10:16:02:2225][restartedMain] INFO  o.a.catalina.core.StandardEngine - Starting Servlet engine: [Apache Tomcat/10.1.48]
[2025-11-03 10:16:02:2295][restartedMain] INFO  o.a.c.c.C.[Tomcat].[localhost].[/] - Initializing Spring embedded WebApplicationContext
[2025-11-03 10:16:02:2295][restartedMain] INFO  o.s.b.w.s.c.ServletWebServerApplicationContext - Root WebApplicationContext: initialization completed in 1507 ms
[2025-11-03 10:16:02:2444][restartedMain] INFO  o.h.jpa.internal.util.LogHelper - HHH000204: Processing PersistenceUnitInfo [name: default]
[2025-11-03 10:16:02:2490][restartedMain] INFO  org.hibernate.Version - HHH000412: Hibernate ORM core version 6.6.33.Final
[2025-11-03 10:16:02:2516][restartedMain] INFO  o.h.c.i.RegionFactoryInitiator - HHH000026: Second-level cache disabled
[2025-11-03 10:16:02:2740][restartedMain] INFO  o.s.o.j.p.SpringPersistenceUnitInfo - No LoadTimeWeaver setup: ignoring JPA class transformer
[2025-11-03 10:16:02:2765][restartedMain] INFO  com.zaxxer.hikari.HikariDataSource - HikariPool-1 - Starting...
[2025-11-03 10:16:03:2843][restartedMain] INFO  com.zaxxer.hikari.pool.HikariPool - HikariPool-1 - Added connection org.mariadb.jdbc.Connection@74c6655f
[2025-11-03 10:16:03:2845][restartedMain] INFO  com.zaxxer.hikari.HikariDataSource - HikariPool-1 - Start completed.
[2025-11-03 10:16:03:2867][restartedMain] WARN  org.hibernate.orm.deprecation - HHH90000025: MariaDBDialect does not need to be specified explicitly using 'hibernate.dialect' (remove the property setting and it will be selected by default)
[2025-11-03 10:16:03:2881][restartedMain] INFO  o.hibernate.orm.connections.pooling - HHH10001005: Database info:
	Database JDBC URL [Connecting through datasource 'p6SpyDataSourceDecorator [com.p6spy.engine.spy.P6DataSource] -> dataSource [com.zaxxer.hikari.HikariDataSource]']
	Database driver: undefined/unknown
	Database version: 11.8.2
	Autocommit mode: undefined/unknown
	Isolation level: undefined/unknown
	Minimum pool size: undefined/unknown
	Maximum pool size: undefined/unknown
[2025-11-03 10:16:03:2887][restartedMain] DEBUG o.h.t.d.sql.spi.DdlTypeRegistry - addDescriptor(12, org.hibernate.type.descriptor.sql.internal.CapacityDependentDdlType@6d3dad47) replaced previous registration(org.hibernate.type.descriptor.sql.internal.CapacityDependentDdlType@19a6145b)
[2025-11-03 10:16:03:2887][restartedMain] DEBUG o.h.t.d.sql.spi.DdlTypeRegistry - addDescriptor(-9, org.hibernate.type.descriptor.sql.internal.CapacityDependentDdlType@463b720b) replaced previous registration(org.hibernate.type.descriptor.sql.internal.CapacityDependentDdlType@3b99fa30)
[2025-11-03 10:16:03:2887][restartedMain] DEBUG o.h.t.d.sql.spi.DdlTypeRegistry - addDescriptor(-3, org.hibernate.type.descriptor.sql.internal.CapacityDependentDdlType@3b4e3f91) replaced previous registration(org.hibernate.type.descriptor.sql.internal.CapacityDependentDdlType@1263e06f)
[2025-11-03 10:16:03:2887][restartedMain] DEBUG o.h.t.d.sql.spi.DdlTypeRegistry - addDescriptor(4003, org.hibernate.type.descriptor.sql.internal.DdlTypeImpl@f557302) replaced previous registration(org.hibernate.type.descriptor.sql.internal.DdlTypeImpl@7be940a2)
[2025-11-03 10:16:03:2887][restartedMain] DEBUG o.h.t.d.sql.spi.DdlTypeRegistry - addDescriptor(4001, org.hibernate.type.descriptor.sql.internal.DdlTypeImpl@31915af9) replaced previous registration(org.hibernate.type.descriptor.sql.internal.DdlTypeImpl@3c7ca43c)
[2025-11-03 10:16:03:2887][restartedMain] DEBUG o.h.t.d.sql.spi.DdlTypeRegistry - addDescriptor(4002, org.hibernate.type.descriptor.sql.internal.DdlTypeImpl@18151dd2) replaced previous registration(org.hibernate.type.descriptor.sql.internal.DdlTypeImpl@2948a222)
[2025-11-03 10:16:03:2887][restartedMain] DEBUG o.h.t.d.sql.spi.DdlTypeRegistry - addDescriptor(2004, org.hibernate.type.descriptor.sql.internal.CapacityDependentDdlType@12b56360) replaced previous registration(org.hibernate.type.descriptor.sql.internal.DdlTypeImpl@4bb1784e)
[2025-11-03 10:16:03:2887][restartedMain] DEBUG o.h.t.d.sql.spi.DdlTypeRegistry - addDescriptor(2005, org.hibernate.type.descriptor.sql.internal.CapacityDependentDdlType@7bfa0767) replaced previous registration(org.hibernate.type.descriptor.sql.internal.DdlTypeImpl@174ff388)
[2025-11-03 10:16:03:2887][restartedMain] DEBUG o.h.t.d.sql.spi.DdlTypeRegistry - addDescriptor(2011, org.hibernate.type.descriptor.sql.internal.CapacityDependentDdlType@2e583c62) replaced previous registration(org.hibernate.type.descriptor.sql.internal.DdlTypeImpl@6eeb52ef)
[2025-11-03 10:16:03:3660][restartedMain] INFO  o.h.e.t.j.p.i.JtaPlatformInitiator - HHH000489: No JTA platform available (set 'hibernate.transaction.jta.platform' to enable JTA platform integration)
[2025-11-03 10:16:03:3687][restartedMain] INFO  p6spy - #1762132563916 | took 3ms | statement | connection 1| url jdbc:mariadb://localhost/modu?user=root&password=***&prepStmtCacheSqlLimit=2048&useServerPrepStmts=true
select table_name from information_schema.TABLES where table_schema=database() and table_type='SEQUENCE'
select table_name from information_schema.TABLES where table_schema=database() and table_type='SEQUENCE';
[2025-11-03 10:16:03:3724][restartedMain] INFO  o.s.o.j.LocalContainerEntityManagerFactoryBean - Initialized JPA EntityManagerFactory for persistence unit 'default'
[2025-11-03 10:16:04:3972][restartedMain] INFO  o.s.d.j.r.q.QueryEnhancerFactory - Hibernate is in classpath; If applicable, HQL parser will be used.
[2025-11-03 10:16:05:5075][restartedMain] INFO  o.s.s.c.a.a.c.InitializeAuthenticationProviderBeanManagerConfigurer$InitializeAuthenticationProviderManagerConfigurer - Global AuthenticationManager configured with AuthenticationProvider bean with name authProvider
[2025-11-03 10:16:05:5075][restartedMain] WARN  o.s.s.c.a.a.c.InitializeUserDetailsBeanManagerConfigurer$InitializeUserDetailsManagerConfigurer - Global AuthenticationManager configured with an AuthenticationProvider bean. UserDetailsService beans will not be used by Spring Security for automatically configuring username/password login. Consider removing the AuthenticationProvider bean. Alternatively, consider using the UserDetailsService in a manually instantiated DaoAuthenticationProvider. If the current configuration is intentional, to turn off this warning, increase the logging level of 'org.springframework.security.config.annotation.authentication.configuration.InitializeUserDetailsBeanManagerConfigurer' to ERROR
[2025-11-03 10:16:05:5162][restartedMain] WARN  o.s.s.c.a.web.builders.WebSecurity - You are asking Spring Security to ignore Deferred [Mvc [pattern='/static/imgs/**'], Ant [pattern='/static/imgs/**']]. This is not recommended -- please use permitAll via HttpSecurity#authorizeHttpRequests instead.
[2025-11-03 10:16:05:5162][restartedMain] WARN  o.s.s.c.a.web.builders.WebSecurity - You are asking Spring Security to ignore org.springframework.boot.autoconfigure.security.servlet.StaticResourceRequest$StaticResourceRequestMatcher@610a450. This is not recommended -- please use permitAll via HttpSecurity#authorizeHttpRequests instead.
[2025-11-03 10:16:05:5430][restartedMain] INFO  o.s.b.d.a.OptionalLiveReloadServer - LiveReload server is running on port 35729
[2025-11-03 10:16:05:5447][restartedMain] INFO  o.a.coyote.http11.Http11NioProtocol - Starting ProtocolHandler ["http-nio-9090"]
[2025-11-03 10:16:05:5462][restartedMain] INFO  o.s.b.w.e.tomcat.TomcatWebServer - Tomcat started on port 9090 (http) with context path '/'
[2025-11-03 10:16:05:5468][restartedMain] INFO  back.code.ModuBackApplication - Started ModuBackApplication in 5.072 seconds (process running for 5.967)
[2025-11-03 10:16:21:20953][http-nio-9090-exec-1] INFO  o.a.c.c.C.[Tomcat].[localhost].[/] - Initializing Spring DispatcherServlet 'dispatcherServlet'
[2025-11-03 10:16:21:20953][http-nio-9090-exec-1] INFO  o.s.web.servlet.DispatcherServlet - Initializing Servlet 'dispatcherServlet'
[2025-11-03 10:16:21:20953][http-nio-9090-exec-1] INFO  o.s.web.servlet.DispatcherServlet - Completed initialization in 0 ms
[2025-11-03 10:16:21:20992][http-nio-9090-exec-1] INFO  back.code.filter.JWTFilter - acessToken is null
[2025-11-03 10:16:21:21179][http-nio-9090-exec-1] DEBUG org.hibernate.SQL - 
    select
        ue1_0.user_id,
        ue1_0.user_name,
        ue1_0.password,
        ur1_0.role_name 
    from
        user ue1_0 
    join
        user_role ur1_0 
            on ur1_0.role_id=ue1_0.user_role 
    where
        ue1_0.user_id=?
[2025-11-03 10:16:21:21213][http-nio-9090-exec-1] INFO  p6spy - 2025-11-03 10:16:21 | OperationTime : 30ms | 
(P6Spy sql, Hibernate format):

    select
        ue1_0.user_id,
        ue1_0.user_name,
        ue1_0.password,
        ur1_0.role_name 
    from
        user ue1_0 
    join
        user_role ur1_0 
            on ur1_0.role_id=ue1_0.user_role 
    where
        ue1_0.user_id='sm00216'
[2025-11-03 10:16:23:23425][http-nio-9090-exec-2] INFO  back.code.filter.JWTFilter - acessToken is null
[2025-11-03 10:16:23:23426][http-nio-9090-exec-2] DEBUG org.hibernate.SQL - 
    select
        ue1_0.user_id,
        ue1_0.user_name,
        ue1_0.password,
        ur1_0.role_name 
    from
        user ue1_0 
    join
        user_role ur1_0 
            on ur1_0.role_id=ue1_0.user_role 
    where
        ue1_0.user_id=?
[2025-11-03 10:16:23:23428][http-nio-9090-exec-2] INFO  p6spy - 2025-11-03 10:16:23 | OperationTime : 0ms | 
(P6Spy sql, Hibernate format):

    select
        ue1_0.user_id,
        ue1_0.user_name,
        ue1_0.password,
        ur1_0.role_name 
    from
        user ue1_0 
    join
        user_role ur1_0 
            on ur1_0.role_id=ue1_0.user_role 
    where
        ue1_0.user_id='sm00216'
[2025-11-03 10:16:51:51287][http-nio-9090-exec-3] INFO  back.code.filter.JWTFilter - acessToken is null
[2025-11-03 10:16:51:51315][http-nio-9090-exec-3] INFO  b.c.o.c.KakaoOAuthController - [KAKAO] 인가 코드 수신: yddlEvgRdH54zJQsQZrrMHdWH7VQCi0FcVqsmHC3P_BFgGhcw48FMwAAAAQKDQ0hAAABmkdJzCfkNSpXBP-m7Q
[2025-11-03 10:16:51:51315][http-nio-9090-exec-3] INFO  b.c.oauth.service.KakaoOAuthService - [KAKAO] 토큰 요청 시작
[2025-11-03 10:16:52:52257][http-nio-9090-exec-3] INFO  b.c.oauth.service.KakaoOAuthService - [KAKAO] 토큰 응답 수신: {access_token=Vs4Ply4yW8phZNCU-w6SpR5PtiA-AXzEAAAAAQoXC2sAAAGaR0nSBsO6S6yUo1la, token_type=bearer, refresh_token=r5EVXHRC_kxWyCrIFFOe2s_uVw8JXOWuAAAAAgoXC2sAAAGaR0nSAMO6S6yUo1la, expires_in=21599, scope=profile_image profile_nickname, refresh_token_expires_in=5183999}
[2025-11-03 10:16:52:52257][http-nio-9090-exec-3] INFO  b.c.oauth.service.KakaoOAuthService - [KAKAO OAuth] AccessToken 발급 성공: Vs4Ply4yW8phZNCU-w6SpR5PtiA-AXzEAAAAAQoXC2sAAAGaR0nSBsO6S6yUo1la
[2025-11-03 10:16:52:52261][http-nio-9090-exec-3] INFO  b.c.oauth.service.KakaoOAuthService - [KAKAO] 사용자 정보 요청 시작
[2025-11-03 10:16:52:52388][http-nio-9090-exec-3] INFO  b.c.oauth.service.KakaoOAuthService - [KAKAO] 사용자 정보 응답: {id=4519524911, connected_at=2025-10-30T12:42:59Z, properties={nickname=이세민, profile_image=http://img1.kakaocdn.net/thumb/R640x640.q70/?fname=http://t1.kakaocdn.net/account_images/default_profile.jpeg, thumbnail_image=http://img1.kakaocdn.net/thumb/R110x110.q70/?fname=http://t1.kakaocdn.net/account_images/default_profile.jpeg}, kakao_account={profile_nickname_needs_agreement=false, profile_image_needs_agreement=false, profile={nickname=이세민, thumbnail_image_url=http://img1.kakaocdn.net/thumb/R110x110.q70/?fname=http://t1.kakaocdn.net/account_images/default_profile.jpeg, profile_image_url=http://img1.kakaocdn.net/thumb/R640x640.q70/?fname=http://t1.kakaocdn.net/account_images/default_profile.jpeg, is_default_image=true, is_default_nickname=false}}}
[2025-11-03 10:16:52:52402][http-nio-9090-exec-3] DEBUG org.hibernate.SQL - 
    select
        ue1_0.user_id,
        ue1_0.addr,
        ue1_0.addr_detail,
        ue1_0.agency,
        ue1_0.birth,
        ue1_0.create_at,
        ue1_0.email,
        ue1_0.password,
        ue1_0.phone,
        ue1_0.social_type,
        ue1_0.status,
        ue1_0.update_at,
        ue1_0.user_name,
        ue1_0.user_nick,
        ue1_0.user_role,
        ue1_0.withdraw_at,
        ue1_0.withdraw_reason 
    from
        user ue1_0 
    where
        ue1_0.email=?
[2025-11-03 10:16:52:52402][http-nio-9090-exec-3] INFO  p6spy - 2025-11-03 10:16:52 | OperationTime : 0ms | 
(P6Spy sql, Hibernate format):

    select
        ue1_0.user_id,
        ue1_0.addr,
        ue1_0.addr_detail,
        ue1_0.agency,
        ue1_0.birth,
        ue1_0.create_at,
        ue1_0.email,
        ue1_0.password,
        ue1_0.phone,
        ue1_0.social_type,
        ue1_0.status,
        ue1_0.update_at,
        ue1_0.user_name,
        ue1_0.user_nick,
        ue1_0.user_role,
        ue1_0.withdraw_at,
        ue1_0.withdraw_reason 
    from
        user ue1_0 
    where
        ue1_0.email='kakao_4519524911@noemail.com'
[2025-11-03 10:16:52:52418][http-nio-9090-exec-3] DEBUG org.hibernate.SQL - 
    select
        ure1_0.role_id,
        ure1_0.role_name 
    from
        user_role ure1_0 
    where
        ure1_0.role_id=?
[2025-11-03 10:16:52:52418][http-nio-9090-exec-3] INFO  p6spy - 2025-11-03 10:16:52 | OperationTime : 0ms | 
(P6Spy sql, Hibernate format):

    select
        ure1_0.role_id,
        ure1_0.role_name 
    from
        user_role ure1_0 
    where
        ure1_0.role_id='USER'
[2025-11-03 10:16:52:52434][http-nio-9090-exec-3] DEBUG org.hibernate.SQL - 
    select
        ue1_0.user_id,
        ue1_0.addr,
        ue1_0.addr_detail,
        ue1_0.agency,
        ue1_0.birth,
        ue1_0.create_at,
        ue1_0.email,
        ue1_0.password,
        ue1_0.phone,
        ue1_0.social_type,
        ue1_0.status,
        ue1_0.update_at,
        ue1_0.user_name,
        ue1_0.user_nick,
        ur1_0.role_id,
        ur1_0.role_name,
        ue1_0.withdraw_at,
        ue1_0.withdraw_reason 
    from
        user ue1_0 
    left join
        user_role ur1_0 
            on ur1_0.role_id=ue1_0.user_role 
    where
        ue1_0.user_id=?
[2025-11-03 10:16:52:52435][http-nio-9090-exec-3] INFO  p6spy - 2025-11-03 10:16:52 | OperationTime : 0ms | 
(P6Spy sql, Hibernate format):

    select
        ue1_0.user_id,
        ue1_0.addr,
        ue1_0.addr_detail,
        ue1_0.agency,
        ue1_0.birth,
        ue1_0.create_at,
        ue1_0.email,
        ue1_0.password,
        ue1_0.phone,
        ue1_0.social_type,
        ue1_0.status,
        ue1_0.update_at,
        ue1_0.user_name,
        ue1_0.user_nick,
        ur1_0.role_id,
        ur1_0.role_name,
        ue1_0.withdraw_at,
        ue1_0.withdraw_reason 
    from
        user ue1_0 
    left join
        user_role ur1_0 
            on ur1_0.role_id=ue1_0.user_role 
    where
        ue1_0.user_id='kakao_4519524911'
[2025-11-03 10:16:52:52455][http-nio-9090-exec-3] INFO  b.c.oauth.service.KakaoOAuthService - 신규 카카오 사용자 등록: 이세민
[2025-11-03 10:16:52:52489][http-nio-9090-exec-3] DEBUG org.hibernate.SQL - 
    insert 
    into
        user
        (addr, addr_detail, agency, birth, create_at, email, password, phone, social_type, status, update_at, user_name, user_nick, user_role, withdraw_at, withdraw_reason, user_id) 
    values
        (?, ?, ?, ?, ?, ?, ?, ?, ?, ?, ?, ?, ?, ?, ?, ?, ?)
[2025-11-03 10:16:52:52499][http-nio-9090-exec-3] INFO  p6spy - 2025-11-03 10:16:52 | OperationTime : 1ms | 
(P6Spy sql, Hibernate format):

    insert 
    into
        user
        (addr, addr_detail, agency, birth, create_at, email, password, phone, social_type, status, update_at, user_name, user_nick, user_role, withdraw_at, withdraw_reason, user_id) 
    values
        ('카카오 로그인 사용자', '', 'kakao', '1990-01-01T00:00:00.000+0900', '2025-11-03T10:16:52.664+0900', 'kakao_4519524911@noemail.com', 'SOCIAL_LOGIN', '000-0000-0000', 'kakao', 'active', '2025-11-03T10:16:52.664+0900', '이세민', '이세민', 'USER', NULL, NULL, 'kakao_4519524911')
[2025-11-03 10:16:52:52501][http-nio-9090-exec-3] DEBUG org.hibernate.SQL - 
    SELECT
        EXISTS(SELECT
            1 
        FROM
            file 
        WHERE
            user_id = ? 
            AND file_type = ?)
[2025-11-03 10:16:52:52513][http-nio-9090-exec-3] INFO  p6spy - 2025-11-03 10:16:52 | OperationTime : 6ms | 
(P6Spy sql, Hibernate format):

    SELECT
        EXISTS(SELECT
            1 
        FROM
            file 
        WHERE
            user_id = 'kakao_4519524911' 
            AND file_type = 'profile')
[2025-11-03 10:16:53:52785][http-nio-9090-exec-3] DEBUG org.hibernate.SQL - 
    select
        fe1_0.file_id,
        fe1_0.create_at,
        fe1_0.file_name,
        fe1_0.file_path,
        fe1_0.file_size,
        fe1_0.file_thumb_name,
        fe1_0.file_type,
        fe1_0.stored_name,
        fe1_0.update_at,
        u1_0.user_id,
        u1_0.addr,
        u1_0.addr_detail,
        u1_0.agency,
        u1_0.birth,
        u1_0.create_at,
        u1_0.email,
        u1_0.password,
        u1_0.phone,
        u1_0.social_type,
        u1_0.status,
        u1_0.update_at,
        u1_0.user_name,
        u1_0.user_nick,
        ur1_0.role_id,
        ur1_0.role_name,
        u1_0.withdraw_at,
        u1_0.withdraw_reason 
    from
        file fe1_0 
    left join
        user u1_0 
            on u1_0.user_id=fe1_0.user_id 
    left join
        user_role ur1_0 
            on ur1_0.role_id=u1_0.user_role 
    where
        fe1_0.file_id=?
[2025-11-03 10:16:53:52800][http-nio-9090-exec-3] INFO  p6spy - 2025-11-03 10:16:53 | OperationTime : 0ms | 
(P6Spy sql, Hibernate format):

    select
        fe1_0.file_id,
        fe1_0.create_at,
        fe1_0.file_name,
        fe1_0.file_path,
        fe1_0.file_size,
        fe1_0.file_thumb_name,
        fe1_0.file_type,
        fe1_0.stored_name,
        fe1_0.update_at,
        u1_0.user_id,
        u1_0.addr,
        u1_0.addr_detail,
        u1_0.agency,
        u1_0.birth,
        u1_0.create_at,
        u1_0.email,
        u1_0.password,
        u1_0.phone,
        u1_0.social_type,
        u1_0.status,
        u1_0.update_at,
        u1_0.user_name,
        u1_0.user_nick,
        ur1_0.role_id,
        ur1_0.role_name,
        u1_0.withdraw_at,
        u1_0.withdraw_reason 
    from
        file fe1_0 
    left join
        user u1_0 
            on u1_0.user_id=fe1_0.user_id 
    left join
        user_role ur1_0 
            on ur1_0.role_id=u1_0.user_role 
    where
        fe1_0.file_id='56fc2898-c983-4cd9-afda-0803c46d5b6a'
[2025-11-03 10:16:53:52802][http-nio-9090-exec-3] INFO  back.code.file.service.FileService - [FILE] URL 업로드 완료 - userId=kakao_4519524911, type=profile, url=http://img1.kakaocdn.net/thumb/R640x640.q70/?fname=http://t1.kakaocdn.net/account_images/default_profile.jpeg
[2025-11-03 10:16:53:52802][http-nio-9090-exec-3] INFO  b.c.oauth.service.KakaoOAuthService - [KAKAO] 프로필 이미지 저장 완료: http://img1.kakaocdn.net/thumb/R640x640.q70/?fname=http://t1.kakaocdn.net/account_images/default_profile.jpeg
[2025-11-03 10:16:53:52802][http-nio-9090-exec-3] INFO  b.c.oauth.service.KakaoOAuthService - [KAKAO] 로그인 완료 - userId=kakao_4519524911, email=kakao_4519524911@noemail.com
[2025-11-03 10:16:53:52802][http-nio-9090-exec-3] DEBUG org.hibernate.SQL - 
    insert 
    into
        file
        (create_at, file_name, file_path, file_size, file_thumb_name, file_type, stored_name, update_at, user_id, file_id) 
    values
        (?, ?, ?, ?, ?, ?, ?, ?, ?, ?)
[2025-11-03 10:16:53:52808][http-nio-9090-exec-3] INFO  p6spy - 2025-11-03 10:16:53 | OperationTime : 0ms | 
(P6Spy sql, Hibernate format):

    insert 
    into
        file
        (create_at, file_name, file_path, file_size, file_thumb_name, file_type, stored_name, update_at, user_id, file_id) 
    values
        ('2025-11-03T10:16:53.031+0900', 'profile_auto.jpeg', 'C:\files\modu\profile\2025\11\03', 9203, 'ebb21e01acaf4d85.jpeg', 'PROFILE', '19e7ac332dc54cc6.jpeg', '2025-11-03T10:16:53.031+0900', 'kakao_4519524911', '56fc2898-c983-4cd9-afda-0803c46d5b6a')
[2025-11-03 10:16:53:52825][http-nio-9090-exec-3] INFO  p6spy - 
[2025-11-03 10:22:15:375731][File Watcher] INFO  o.s.b.d.a.LocalDevToolsAutoConfiguration$RestartingClassPathChangeChangedEventListener - Restarting due to 1 class path change (0 additions, 1 deletion, 0 modifications)
[2025-11-03 10:22:15:375736][Thread-11] INFO  o.s.b.w.e.tomcat.GracefulShutdown - Commencing graceful shutdown. Waiting for active requests to complete
[2025-11-03 10:22:15:375737][tomcat-shutdown] INFO  o.a.coyote.http11.Http11NioProtocol - Pausing ProtocolHandler ["http-nio-9090"]
[2025-11-03 10:22:15:375743][tomcat-shutdown] INFO  o.s.b.w.e.tomcat.GracefulShutdown - Graceful shutdown complete
[2025-11-03 10:22:15:375744][Thread-11] INFO  o.a.coyote.http11.Http11NioProtocol - Stopping ProtocolHandler ["http-nio-9090"]
[2025-11-03 10:22:16:375780][Thread-11] INFO  o.s.o.j.LocalContainerEntityManagerFactoryBean - Closing JPA EntityManagerFactory for persistence unit 'default'
[2025-11-03 10:22:16:375784][Thread-11] INFO  com.zaxxer.hikari.HikariDataSource - HikariPool-1 - Shutdown initiated...
[2025-11-03 10:22:16:375789][Thread-11] INFO  com.zaxxer.hikari.HikariDataSource - HikariPool-1 - Shutdown completed.
[2025-11-03 10:22:16:375946][restartedMain] INFO  back.code.ModuBackApplication - Starting ModuBackApplication using Java 21.0.7 with PID 9380 (C:\modu_project\modu_back\build\classes\java\main started by sm002 in C:\modu_project\modu_back)
[2025-11-03 10:22:16:375946][restartedMain] INFO  back.code.ModuBackApplication - No active profile set, falling back to 1 default profile: "default"
[2025-11-03 10:22:16:376508][restartedMain] INFO  o.s.d.r.c.RepositoryConfigurationDelegate - Bootstrapping Spring Data JPA repositories in DEFAULT mode.
[2025-11-03 10:22:16:376590][restartedMain] INFO  o.s.d.r.c.RepositoryConfigurationDelegate - Finished Spring Data repository scanning in 80 ms. Found 4 JPA repository interfaces.
[2025-11-03 10:22:17:376926][restartedMain] INFO  o.s.b.w.e.tomcat.TomcatWebServer - Tomcat initialized with port 9090 (http)
[2025-11-03 10:22:17:376928][restartedMain] INFO  o.a.coyote.http11.Http11NioProtocol - Initializing ProtocolHandler ["http-nio-9090"]
[2025-11-03 10:22:17:376928][restartedMain] INFO  o.a.catalina.core.StandardService - Starting service [Tomcat]
[2025-11-03 10:22:17:376928][restartedMain] INFO  o.a.catalina.core.StandardEngine - Starting Servlet engine: [Apache Tomcat/10.1.48]
[2025-11-03 10:22:17:376992][restartedMain] INFO  o.a.c.c.C.[Tomcat].[localhost].[/] - Initializing Spring embedded WebApplicationContext
[2025-11-03 10:22:17:376992][restartedMain] INFO  o.s.b.w.s.c.ServletWebServerApplicationContext - Root WebApplicationContext: initialization completed in 1042 ms
[2025-11-03 10:22:17:377098][restartedMain] INFO  o.h.jpa.internal.util.LogHelper - HHH000204: Processing PersistenceUnitInfo [name: default]
[2025-11-03 10:22:17:377107][restartedMain] INFO  o.h.c.i.RegionFactoryInitiator - HHH000026: Second-level cache disabled
[2025-11-03 10:22:17:377140][restartedMain] INFO  o.s.o.j.p.SpringPersistenceUnitInfo - No LoadTimeWeaver setup: ignoring JPA class transformer
[2025-11-03 10:22:17:377146][restartedMain] INFO  com.zaxxer.hikari.HikariDataSource - HikariPool-2 - Starting...
[2025-11-03 10:22:17:377158][restartedMain] INFO  com.zaxxer.hikari.pool.HikariPool - HikariPool-2 - Added connection org.mariadb.jdbc.Connection@382ead45
[2025-11-03 10:22:17:377160][restartedMain] INFO  com.zaxxer.hikari.HikariDataSource - HikariPool-2 - Start completed.
[2025-11-03 10:22:17:377162][restartedMain] WARN  org.hibernate.orm.deprecation - HHH90000025: MariaDBDialect does not need to be specified explicitly using 'hibernate.dialect' (remove the property setting and it will be selected by default)
[2025-11-03 10:22:17:377163][restartedMain] INFO  o.hibernate.orm.connections.pooling - HHH10001005: Database info:
	Database JDBC URL [Connecting through datasource 'p6SpyDataSourceDecorator [com.p6spy.engine.spy.P6DataSource] -> dataSource [com.zaxxer.hikari.HikariDataSource]']
	Database driver: undefined/unknown
	Database version: 11.8.2
	Autocommit mode: undefined/unknown
	Isolation level: undefined/unknown
	Minimum pool size: undefined/unknown
	Maximum pool size: undefined/unknown
[2025-11-03 10:22:17:377164][restartedMain] DEBUG o.h.t.d.sql.spi.DdlTypeRegistry - addDescriptor(12, org.hibernate.type.descriptor.sql.internal.CapacityDependentDdlType@2dd6da20) replaced previous registration(org.hibernate.type.descriptor.sql.internal.CapacityDependentDdlType@726f79b1)
[2025-11-03 10:22:17:377165][restartedMain] DEBUG o.h.t.d.sql.spi.DdlTypeRegistry - addDescriptor(-9, org.hibernate.type.descriptor.sql.internal.CapacityDependentDdlType@5b291f0b) replaced previous registration(org.hibernate.type.descriptor.sql.internal.CapacityDependentDdlType@5c317ec0)
[2025-11-03 10:22:17:377165][restartedMain] DEBUG o.h.t.d.sql.spi.DdlTypeRegistry - addDescriptor(-3, org.hibernate.type.descriptor.sql.internal.CapacityDependentDdlType@472da8bc) replaced previous registration(org.hibernate.type.descriptor.sql.internal.CapacityDependentDdlType@4e86f319)
[2025-11-03 10:22:17:377165][restartedMain] DEBUG o.h.t.d.sql.spi.DdlTypeRegistry - addDescriptor(4003, org.hibernate.type.descriptor.sql.internal.DdlTypeImpl@5dc46c85) replaced previous registration(org.hibernate.type.descriptor.sql.internal.DdlTypeImpl@ad4ce83)
[2025-11-03 10:22:17:377165][restartedMain] DEBUG o.h.t.d.sql.spi.DdlTypeRegistry - addDescriptor(4001, org.hibernate.type.descriptor.sql.internal.DdlTypeImpl@2096ef2d) replaced previous registration(org.hibernate.type.descriptor.sql.internal.DdlTypeImpl@59f1ce1d)
[2025-11-03 10:22:17:377165][restartedMain] DEBUG o.h.t.d.sql.spi.DdlTypeRegistry - addDescriptor(4002, org.hibernate.type.descriptor.sql.internal.DdlTypeImpl@27af21e2) replaced previous registration(org.hibernate.type.descriptor.sql.internal.DdlTypeImpl@ba34342)
[2025-11-03 10:22:17:377165][restartedMain] DEBUG o.h.t.d.sql.spi.DdlTypeRegistry - addDescriptor(2004, org.hibernate.type.descriptor.sql.internal.CapacityDependentDdlType@1cdb2a9c) replaced previous registration(org.hibernate.type.descriptor.sql.internal.DdlTypeImpl@4b8d9e3c)
[2025-11-03 10:22:17:377165][restartedMain] DEBUG o.h.t.d.sql.spi.DdlTypeRegistry - addDescriptor(2005, org.hibernate.type.descriptor.sql.internal.CapacityDependentDdlType@15f3069e) replaced previous registration(org.hibernate.type.descriptor.sql.internal.DdlTypeImpl@45bfe31)
[2025-11-03 10:22:17:377165][restartedMain] DEBUG o.h.t.d.sql.spi.DdlTypeRegistry - addDescriptor(2011, org.hibernate.type.descriptor.sql.internal.CapacityDependentDdlType@4191abec) replaced previous registration(org.hibernate.type.descriptor.sql.internal.DdlTypeImpl@66cab19c)
[2025-11-03 10:22:17:377523][restartedMain] INFO  o.h.e.t.j.p.i.JtaPlatformInitiator - HHH000489: No JTA platform available (set 'hibernate.transaction.jta.platform' to enable JTA platform integration)
[2025-11-03 10:22:17:377527][restartedMain] INFO  p6spy - #1762132937756 | took 1ms | statement | connection 6| url jdbc:mariadb://localhost/modu?user=root&password=***&prepStmtCacheSqlLimit=2048&useServerPrepStmts=true
select table_name from information_schema.TABLES where table_schema=database() and table_type='SEQUENCE'
select table_name from information_schema.TABLES where table_schema=database() and table_type='SEQUENCE';
[2025-11-03 10:22:17:377564][restartedMain] INFO  o.s.o.j.LocalContainerEntityManagerFactoryBean - Initialized JPA EntityManagerFactory for persistence unit 'default'
[2025-11-03 10:22:18:378710][restartedMain] INFO  o.s.s.c.a.a.c.InitializeUserDetailsBeanManagerConfigurer$InitializeUserDetailsManagerConfigurer - Global AuthenticationManager configured with UserDetailsService bean with name secureUserDetailService
[2025-11-03 10:22:19:378782][restartedMain] INFO  o.s.b.d.a.OptionalLiveReloadServer - LiveReload server is running on port 35729
[2025-11-03 10:22:19:378809][restartedMain] INFO  o.a.coyote.http11.Http11NioProtocol - Starting ProtocolHandler ["http-nio-9090"]
[2025-11-03 10:22:19:378817][restartedMain] INFO  o.s.b.w.e.tomcat.TomcatWebServer - Tomcat started on port 9090 (http) with context path '/'
[2025-11-03 10:22:19:378825][restartedMain] INFO  back.code.ModuBackApplication - Started ModuBackApplication in 2.955 seconds (process running for 379.323)
[2025-11-03 10:22:19:378833][restartedMain] INFO  o.s.b.d.a.ConditionEvaluationDeltaLoggingListener - Condition evaluation delta:


==========================
CONDITION EVALUATION DELTA
==========================


Positive matches:
-----------------

   SpringBootWebSecurityConfiguration.SecurityFilterChainConfiguration matched:
      - AllNestedConditions 2 matched 0 did not; NestedCondition on DefaultWebSecurityCondition.Beans @ConditionalOnMissingBean (types: org.springframework.security.web.SecurityFilterChain; SearchStrategy: all) did not find any beans; NestedCondition on DefaultWebSecurityCondition.Classes @ConditionalOnClass found required classes 'org.springframework.security.web.SecurityFilterChain', 'org.springframework.security.config.annotation.web.builders.HttpSecurity' (DefaultWebSecurityCondition)

   SpringBootWebSecurityConfiguration.WebSecurityEnablerConfiguration matched:
      - @ConditionalOnClass found required class 'org.springframework.security.config.annotation.web.configuration.EnableWebSecurity' (OnClassCondition)
      - @ConditionalOnMissingBean (names: springSecurityFilterChain; SearchStrategy: all) did not find any beans (OnBeanCondition)


Negative matches:
-----------------

    None


Exclusions:
-----------

    None


Unconditional classes:
----------------------

    None



[2025-11-03 10:22:20:380321][File Watcher] INFO  o.s.b.d.a.LocalDevToolsAutoConfiguration$RestartingClassPathChangeChangedEventListener - Restarting due to 1 class path change (1 addition, 0 deletions, 0 modifications)
[2025-11-03 10:22:20:380324][Thread-25] INFO  o.s.b.w.e.tomcat.GracefulShutdown - Commencing graceful shutdown. Waiting for active requests to complete
[2025-11-03 10:22:20:380325][tomcat-shutdown] INFO  o.a.coyote.http11.Http11NioProtocol - Pausing ProtocolHandler ["http-nio-9090"]
[2025-11-03 10:22:20:380335][tomcat-shutdown] INFO  o.s.b.w.e.tomcat.GracefulShutdown - Graceful shutdown complete
[2025-11-03 10:22:20:380336][Thread-25] INFO  o.a.coyote.http11.Http11NioProtocol - Stopping ProtocolHandler ["http-nio-9090"]
[2025-11-03 10:22:20:380340][Thread-25] INFO  o.s.o.j.LocalContainerEntityManagerFactoryBean - Closing JPA EntityManagerFactory for persistence unit 'default'
[2025-11-03 10:22:20:380342][Thread-25] INFO  com.zaxxer.hikari.HikariDataSource - HikariPool-2 - Shutdown initiated...
[2025-11-03 10:22:20:380350][Thread-25] INFO  com.zaxxer.hikari.HikariDataSource - HikariPool-2 - Shutdown completed.
[2025-11-03 10:22:20:380596][restartedMain] INFO  back.code.ModuBackApplication - Starting ModuBackApplication using Java 21.0.7 with PID 9380 (C:\modu_project\modu_back\build\classes\java\main started by sm002 in C:\modu_project\modu_back)
[2025-11-03 10:22:20:380597][restartedMain] INFO  back.code.ModuBackApplication - No active profile set, falling back to 1 default profile: "default"
[2025-11-03 10:22:21:381293][restartedMain] INFO  o.s.d.r.c.RepositoryConfigurationDelegate - Bootstrapping Spring Data JPA repositories in DEFAULT mode.
[2025-11-03 10:22:21:381363][restartedMain] INFO  o.s.d.r.c.RepositoryConfigurationDelegate - Finished Spring Data repository scanning in 66 ms. Found 4 JPA repository interfaces.
[2025-11-03 10:22:21:381596][restartedMain] INFO  o.s.b.w.e.tomcat.TomcatWebServer - Tomcat initialized with port 9090 (http)
[2025-11-03 10:22:21:381597][restartedMain] INFO  o.a.coyote.http11.Http11NioProtocol - Initializing ProtocolHandler ["http-nio-9090"]
[2025-11-03 10:22:21:381597][restartedMain] INFO  o.a.catalina.core.StandardService - Starting service [Tomcat]
[2025-11-03 10:22:21:381597][restartedMain] INFO  o.a.catalina.core.StandardEngine - Starting Servlet engine: [Apache Tomcat/10.1.48]
[2025-11-03 10:22:21:381636][restartedMain] INFO  o.a.c.c.C.[Tomcat].[localhost].[/] - Initializing Spring embedded WebApplicationContext
[2025-11-03 10:22:21:381636][restartedMain] INFO  o.s.b.w.s.c.ServletWebServerApplicationContext - Root WebApplicationContext: initialization completed in 1035 ms
[2025-11-03 10:22:21:381702][restartedMain] INFO  o.h.jpa.internal.util.LogHelper - HHH000204: Processing PersistenceUnitInfo [name: default]
[2025-11-03 10:22:21:381707][restartedMain] INFO  o.h.c.i.RegionFactoryInitiator - HHH000026: Second-level cache disabled
[2025-11-03 10:22:21:381719][restartedMain] INFO  o.s.o.j.p.SpringPersistenceUnitInfo - No LoadTimeWeaver setup: ignoring JPA class transformer
[2025-11-03 10:22:21:381720][restartedMain] INFO  com.zaxxer.hikari.HikariDataSource - HikariPool-3 - Starting...
[2025-11-03 10:22:21:381725][restartedMain] INFO  com.zaxxer.hikari.pool.HikariPool - HikariPool-3 - Added connection org.mariadb.jdbc.Connection@210d683d
[2025-11-03 10:22:21:381725][restartedMain] INFO  com.zaxxer.hikari.HikariDataSource - HikariPool-3 - Start completed.
[2025-11-03 10:22:21:381726][restartedMain] WARN  org.hibernate.orm.deprecation - HHH90000025: MariaDBDialect does not need to be specified explicitly using 'hibernate.dialect' (remove the property setting and it will be selected by default)
[2025-11-03 10:22:21:381727][restartedMain] INFO  o.hibernate.orm.connections.pooling - HHH10001005: Database info:
	Database JDBC URL [Connecting through datasource 'p6SpyDataSourceDecorator [com.p6spy.engine.spy.P6DataSource] -> dataSource [com.zaxxer.hikari.HikariDataSource]']
	Database driver: undefined/unknown
	Database version: 11.8.2
	Autocommit mode: undefined/unknown
	Isolation level: undefined/unknown
	Minimum pool size: undefined/unknown
	Maximum pool size: undefined/unknown
[2025-11-03 10:22:21:381728][restartedMain] DEBUG o.h.t.d.sql.spi.DdlTypeRegistry - addDescriptor(12, org.hibernate.type.descriptor.sql.internal.CapacityDependentDdlType@cf961e3) replaced previous registration(org.hibernate.type.descriptor.sql.internal.CapacityDependentDdlType@17e2e841)
[2025-11-03 10:22:21:381728][restartedMain] DEBUG o.h.t.d.sql.spi.DdlTypeRegistry - addDescriptor(-9, org.hibernate.type.descriptor.sql.internal.CapacityDependentDdlType@339e1367) replaced previous registration(org.hibernate.type.descriptor.sql.internal.CapacityDependentDdlType@6b429322)
[2025-11-03 10:22:21:381728][restartedMain] DEBUG o.h.t.d.sql.spi.DdlTypeRegistry - addDescriptor(-3, org.hibernate.type.descriptor.sql.internal.CapacityDependentDdlType@2c7311d0) replaced previous registration(org.hibernate.type.descriptor.sql.internal.CapacityDependentDdlType@2cd344ff)
[2025-11-03 10:22:21:381728][restartedMain] DEBUG o.h.t.d.sql.spi.DdlTypeRegistry - addDescriptor(4003, org.hibernate.type.descriptor.sql.internal.DdlTypeImpl@6f157f29) replaced previous registration(org.hibernate.type.descriptor.sql.internal.DdlTypeImpl@10b12a6a)
[2025-11-03 10:22:21:381728][restartedMain] DEBUG o.h.t.d.sql.spi.DdlTypeRegistry - addDescriptor(4001, org.hibernate.type.descriptor.sql.internal.DdlTypeImpl@2478443d) replaced previous registration(org.hibernate.type.descriptor.sql.internal.DdlTypeImpl@12ba08f1)
[2025-11-03 10:22:21:381728][restartedMain] DEBUG o.h.t.d.sql.spi.DdlTypeRegistry - addDescriptor(4002, org.hibernate.type.descriptor.sql.internal.DdlTypeImpl@5692d1b8) replaced previous registration(org.hibernate.type.descriptor.sql.internal.DdlTypeImpl@4fe9537a)
[2025-11-03 10:22:21:381728][restartedMain] DEBUG o.h.t.d.sql.spi.DdlTypeRegistry - addDescriptor(2004, org.hibernate.type.descriptor.sql.internal.CapacityDependentDdlType@2956af16) replaced previous registration(org.hibernate.type.descriptor.sql.internal.DdlTypeImpl@6b69c74d)
[2025-11-03 10:22:21:381728][restartedMain] DEBUG o.h.t.d.sql.spi.DdlTypeRegistry - addDescriptor(2005, org.hibernate.type.descriptor.sql.internal.CapacityDependentDdlType@2b36c489) replaced previous registration(org.hibernate.type.descriptor.sql.internal.DdlTypeImpl@2e413016)
[2025-11-03 10:22:21:381728][restartedMain] DEBUG o.h.t.d.sql.spi.DdlTypeRegistry - addDescriptor(2011, org.hibernate.type.descriptor.sql.internal.CapacityDependentDdlType@327304d7) replaced previous registration(org.hibernate.type.descriptor.sql.internal.DdlTypeImpl@1705fe7b)
[2025-11-03 10:22:22:381849][restartedMain] INFO  o.h.e.t.j.p.i.JtaPlatformInitiator - HHH000489: No JTA platform available (set 'hibernate.transaction.jta.platform' to enable JTA platform integration)
[2025-11-03 10:22:22:381852][restartedMain] INFO  p6spy - #1762132942081 | took 2ms | statement | connection 8| url jdbc:mariadb://localhost/modu?user=root&password=***&prepStmtCacheSqlLimit=2048&useServerPrepStmts=true
select table_name from information_schema.TABLES where table_schema=database() and table_type='SEQUENCE'
select table_name from information_schema.TABLES where table_schema=database() and table_type='SEQUENCE';
[2025-11-03 10:22:22:381878][restartedMain] INFO  o.s.o.j.LocalContainerEntityManagerFactoryBean - Initialized JPA EntityManagerFactory for persistence unit 'default'
[2025-11-03 10:22:22:382248][restartedMain] INFO  o.s.s.c.a.a.c.InitializeAuthenticationProviderBeanManagerConfigurer$InitializeAuthenticationProviderManagerConfigurer - Global AuthenticationManager configured with AuthenticationProvider bean with name authProvider
[2025-11-03 10:22:22:382248][restartedMain] WARN  o.s.s.c.a.a.c.InitializeUserDetailsBeanManagerConfigurer$InitializeUserDetailsManagerConfigurer - Global AuthenticationManager configured with an AuthenticationProvider bean. UserDetailsService beans will not be used by Spring Security for automatically configuring username/password login. Consider removing the AuthenticationProvider bean. Alternatively, consider using the UserDetailsService in a manually instantiated DaoAuthenticationProvider. If the current configuration is intentional, to turn off this warning, increase the logging level of 'org.springframework.security.config.annotation.authentication.configuration.InitializeUserDetailsBeanManagerConfigurer' to ERROR
[2025-11-03 10:22:22:382287][restartedMain] WARN  o.s.s.c.a.web.builders.WebSecurity - You are asking Spring Security to ignore Deferred [Mvc [pattern='/static/imgs/**'], Ant [pattern='/static/imgs/**']]. This is not recommended -- please use permitAll via HttpSecurity#authorizeHttpRequests instead.
[2025-11-03 10:22:22:382287][restartedMain] WARN  o.s.s.c.a.web.builders.WebSecurity - You are asking Spring Security to ignore org.springframework.boot.autoconfigure.security.servlet.StaticResourceRequest$StaticResourceRequestMatcher@351ee14f. This is not recommended -- please use permitAll via HttpSecurity#authorizeHttpRequests instead.
[2025-11-03 10:22:22:382426][restartedMain] INFO  o.s.b.d.a.OptionalLiveReloadServer - LiveReload server is running on port 35729
[2025-11-03 10:22:22:382446][restartedMain] INFO  o.a.coyote.http11.Http11NioProtocol - Starting ProtocolHandler ["http-nio-9090"]
[2025-11-03 10:22:22:382450][restartedMain] INFO  o.s.b.w.e.tomcat.TomcatWebServer - Tomcat started on port 9090 (http) with context path '/'
[2025-11-03 10:22:22:382453][restartedMain] INFO  back.code.ModuBackApplication - Started ModuBackApplication in 1.995 seconds (process running for 382.952)
[2025-11-03 10:22:22:382455][restartedMain] INFO  o.s.b.d.a.ConditionEvaluationDeltaLoggingListener - Condition evaluation delta:


==========================
CONDITION EVALUATION DELTA
==========================


Positive matches:
-----------------

    None


Negative matches:
-----------------

   SpringBootWebSecurityConfiguration.SecurityFilterChainConfiguration:
      Did not match:
         - AllNestedConditions 1 matched 1 did not; NestedCondition on DefaultWebSecurityCondition.Beans @ConditionalOnMissingBean (types: org.springframework.security.web.SecurityFilterChain; SearchStrategy: all) found beans of type 'org.springframework.security.web.SecurityFilterChain' securityFilterChain; NestedCondition on DefaultWebSecurityCondition.Classes @ConditionalOnClass found required classes 'org.springframework.security.web.SecurityFilterChain', 'org.springframework.security.config.annotation.web.builders.HttpSecurity' (DefaultWebSecurityCondition)

   SpringBootWebSecurityConfiguration.WebSecurityEnablerConfiguration:
      Did not match:
         - @ConditionalOnMissingBean (names: springSecurityFilterChain; SearchStrategy: all) found beans named springSecurityFilterChain (OnBeanCondition)
      Matched:
         - @ConditionalOnClass found required class 'org.springframework.security.config.annotation.web.configuration.EnableWebSecurity' (OnClassCondition)


Exclusions:
-----------

    None


Unconditional classes:
----------------------

    None



[2025-11-03 10:22:27:386848][SpringApplicationShutdownHook] INFO  o.s.b.w.e.tomcat.GracefulShutdown - Commencing graceful shutdown. Waiting for active requests to complete
[2025-11-03 10:22:27:386855][tomcat-shutdown] INFO  o.s.b.w.e.tomcat.GracefulShutdown - Graceful shutdown complete
[2025-11-03 10:22:27:386859][SpringApplicationShutdownHook] INFO  o.s.o.j.LocalContainerEntityManagerFactoryBean - Closing JPA EntityManagerFactory for persistence unit 'default'
[2025-11-03 10:22:27:386860][SpringApplicationShutdownHook] INFO  com.zaxxer.hikari.HikariDataSource - HikariPool-3 - Shutdown initiated...
[2025-11-03 10:22:27:386863][SpringApplicationShutdownHook] INFO  com.zaxxer.hikari.HikariDataSource - HikariPool-3 - Shutdown completed.
[2025-11-03 10:22:31:963][background-preinit] INFO  o.h.validator.internal.util.Version - HV000001: Hibernate Validator 8.0.3.Final
[2025-11-03 10:22:31:1014][restartedMain] INFO  back.code.ModuBackApplication - Starting ModuBackApplication using Java 21.0.7 with PID 22000 (C:\modu_project\modu_back\build\classes\java\main started by sm002 in C:\modu_project\modu_back)
[2025-11-03 10:22:31:1015][restartedMain] INFO  back.code.ModuBackApplication - No active profile set, falling back to 1 default profile: "default"
[2025-11-03 10:22:31:1048][restartedMain] INFO  o.s.b.d.e.DevToolsPropertyDefaultsPostProcessor - Devtools property defaults active! Set 'spring.devtools.add-properties' to 'false' to disable
[2025-11-03 10:22:31:1048][restartedMain] INFO  o.s.b.d.e.DevToolsPropertyDefaultsPostProcessor - For additional web related logging consider setting the 'logging.level.web' property to 'DEBUG'
[2025-11-03 10:22:32:1799][restartedMain] INFO  o.s.d.r.c.RepositoryConfigurationDelegate - Bootstrapping Spring Data JPA repositories in DEFAULT mode.
[2025-11-03 10:22:32:1925][restartedMain] INFO  o.s.d.r.c.RepositoryConfigurationDelegate - Finished Spring Data repository scanning in 121 ms. Found 4 JPA repository interfaces.
[2025-11-03 10:22:33:2473][restartedMain] INFO  o.s.b.w.e.tomcat.TomcatWebServer - Tomcat initialized with port 9090 (http)
[2025-11-03 10:22:33:2484][restartedMain] INFO  o.a.coyote.http11.Http11NioProtocol - Initializing ProtocolHandler ["http-nio-9090"]
[2025-11-03 10:22:33:2485][restartedMain] INFO  o.a.catalina.core.StandardService - Starting service [Tomcat]
[2025-11-03 10:22:33:2485][restartedMain] INFO  o.a.catalina.core.StandardEngine - Starting Servlet engine: [Apache Tomcat/10.1.48]
[2025-11-03 10:22:33:2537][restartedMain] INFO  o.a.c.c.C.[Tomcat].[localhost].[/] - Initializing Spring embedded WebApplicationContext
[2025-11-03 10:22:33:2537][restartedMain] INFO  o.s.b.w.s.c.ServletWebServerApplicationContext - Root WebApplicationContext: initialization completed in 1487 ms
[2025-11-03 10:22:33:2692][restartedMain] INFO  o.h.jpa.internal.util.LogHelper - HHH000204: Processing PersistenceUnitInfo [name: default]
[2025-11-03 10:22:33:2738][restartedMain] INFO  org.hibernate.Version - HHH000412: Hibernate ORM core version 6.6.33.Final
[2025-11-03 10:22:33:2765][restartedMain] INFO  o.h.c.i.RegionFactoryInitiator - HHH000026: Second-level cache disabled
[2025-11-03 10:22:33:3001][restartedMain] INFO  o.s.o.j.p.SpringPersistenceUnitInfo - No LoadTimeWeaver setup: ignoring JPA class transformer
[2025-11-03 10:22:33:3027][restartedMain] INFO  com.zaxxer.hikari.HikariDataSource - HikariPool-1 - Starting...
[2025-11-03 10:22:33:3096][restartedMain] INFO  com.zaxxer.hikari.pool.HikariPool - HikariPool-1 - Added connection org.mariadb.jdbc.Connection@38805214
[2025-11-03 10:22:33:3097][restartedMain] INFO  com.zaxxer.hikari.HikariDataSource - HikariPool-1 - Start completed.
[2025-11-03 10:22:33:3120][restartedMain] WARN  org.hibernate.orm.deprecation - HHH90000025: MariaDBDialect does not need to be specified explicitly using 'hibernate.dialect' (remove the property setting and it will be selected by default)
[2025-11-03 10:22:33:3135][restartedMain] INFO  o.hibernate.orm.connections.pooling - HHH10001005: Database info:
	Database JDBC URL [Connecting through datasource 'p6SpyDataSourceDecorator [com.p6spy.engine.spy.P6DataSource] -> dataSource [com.zaxxer.hikari.HikariDataSource]']
	Database driver: undefined/unknown
	Database version: 11.8.2
	Autocommit mode: undefined/unknown
	Isolation level: undefined/unknown
	Minimum pool size: undefined/unknown
	Maximum pool size: undefined/unknown
[2025-11-03 10:22:33:3141][restartedMain] DEBUG o.h.t.d.sql.spi.DdlTypeRegistry - addDescriptor(12, org.hibernate.type.descriptor.sql.internal.CapacityDependentDdlType@22954f68) replaced previous registration(org.hibernate.type.descriptor.sql.internal.CapacityDependentDdlType@f43874c)
[2025-11-03 10:22:33:3141][restartedMain] DEBUG o.h.t.d.sql.spi.DdlTypeRegistry - addDescriptor(-9, org.hibernate.type.descriptor.sql.internal.CapacityDependentDdlType@2bfe2060) replaced previous registration(org.hibernate.type.descriptor.sql.internal.CapacityDependentDdlType@cce0f43)
[2025-11-03 10:22:33:3141][restartedMain] DEBUG o.h.t.d.sql.spi.DdlTypeRegistry - addDescriptor(-3, org.hibernate.type.descriptor.sql.internal.CapacityDependentDdlType@428efbd) replaced previous registration(org.hibernate.type.descriptor.sql.internal.CapacityDependentDdlType@17427193)
[2025-11-03 10:22:33:3141][restartedMain] DEBUG o.h.t.d.sql.spi.DdlTypeRegistry - addDescriptor(4003, org.hibernate.type.descriptor.sql.internal.DdlTypeImpl@4de5ae3b) replaced previous registration(org.hibernate.type.descriptor.sql.internal.DdlTypeImpl@312d04d3)
[2025-11-03 10:22:33:3141][restartedMain] DEBUG o.h.t.d.sql.spi.DdlTypeRegistry - addDescriptor(4001, org.hibernate.type.descriptor.sql.internal.DdlTypeImpl@723b504c) replaced previous registration(org.hibernate.type.descriptor.sql.internal.DdlTypeImpl@76f17971)
[2025-11-03 10:22:33:3141][restartedMain] DEBUG o.h.t.d.sql.spi.DdlTypeRegistry - addDescriptor(4002, org.hibernate.type.descriptor.sql.internal.DdlTypeImpl@160595e2) replaced previous registration(org.hibernate.type.descriptor.sql.internal.DdlTypeImpl@4f57006d)
[2025-11-03 10:22:33:3141][restartedMain] DEBUG o.h.t.d.sql.spi.DdlTypeRegistry - addDescriptor(2004, org.hibernate.type.descriptor.sql.internal.CapacityDependentDdlType@674680fb) replaced previous registration(org.hibernate.type.descriptor.sql.internal.DdlTypeImpl@1a815793)
[2025-11-03 10:22:33:3141][restartedMain] DEBUG o.h.t.d.sql.spi.DdlTypeRegistry - addDescriptor(2005, org.hibernate.type.descriptor.sql.internal.CapacityDependentDdlType@20117ba4) replaced previous registration(org.hibernate.type.descriptor.sql.internal.DdlTypeImpl@57b243a3)
[2025-11-03 10:22:33:3141][restartedMain] DEBUG o.h.t.d.sql.spi.DdlTypeRegistry - addDescriptor(2011, org.hibernate.type.descriptor.sql.internal.CapacityDependentDdlType@42040f6) replaced previous registration(org.hibernate.type.descriptor.sql.internal.DdlTypeImpl@140db22e)
[2025-11-03 10:22:34:3864][restartedMain] INFO  o.h.e.t.j.p.i.JtaPlatformInitiator - HHH000489: No JTA platform available (set 'hibernate.transaction.jta.platform' to enable JTA platform integration)
[2025-11-03 10:22:34:3886][restartedMain] INFO  p6spy - #1762132954621 | took 3ms | statement | connection 1| url jdbc:mariadb://localhost/modu?user=root&password=***&prepStmtCacheSqlLimit=2048&useServerPrepStmts=true
select table_name from information_schema.TABLES where table_schema=database() and table_type='SEQUENCE'
select table_name from information_schema.TABLES where table_schema=database() and table_type='SEQUENCE';
[2025-11-03 10:22:34:3921][restartedMain] INFO  o.s.o.j.LocalContainerEntityManagerFactoryBean - Initialized JPA EntityManagerFactory for persistence unit 'default'
[2025-11-03 10:22:34:4174][restartedMain] INFO  o.s.d.j.r.q.QueryEnhancerFactory - Hibernate is in classpath; If applicable, HQL parser will be used.
[2025-11-03 10:22:35:5143][restartedMain] INFO  o.s.s.c.a.a.c.InitializeAuthenticationProviderBeanManagerConfigurer$InitializeAuthenticationProviderManagerConfigurer - Global AuthenticationManager configured with AuthenticationProvider bean with name authProvider
[2025-11-03 10:22:35:5143][restartedMain] WARN  o.s.s.c.a.a.c.InitializeUserDetailsBeanManagerConfigurer$InitializeUserDetailsManagerConfigurer - Global AuthenticationManager configured with an AuthenticationProvider bean. UserDetailsService beans will not be used by Spring Security for automatically configuring username/password login. Consider removing the AuthenticationProvider bean. Alternatively, consider using the UserDetailsService in a manually instantiated DaoAuthenticationProvider. If the current configuration is intentional, to turn off this warning, increase the logging level of 'org.springframework.security.config.annotation.authentication.configuration.InitializeUserDetailsBeanManagerConfigurer' to ERROR
[2025-11-03 10:22:35:5223][restartedMain] WARN  o.s.s.c.a.web.builders.WebSecurity - You are asking Spring Security to ignore Deferred [Mvc [pattern='/static/imgs/**'], Ant [pattern='/static/imgs/**']]. This is not recommended -- please use permitAll via HttpSecurity#authorizeHttpRequests instead.
[2025-11-03 10:22:35:5223][restartedMain] WARN  o.s.s.c.a.web.builders.WebSecurity - You are asking Spring Security to ignore org.springframework.boot.autoconfigure.security.servlet.StaticResourceRequest$StaticResourceRequestMatcher@200db3fe. This is not recommended -- please use permitAll via HttpSecurity#authorizeHttpRequests instead.
[2025-11-03 10:22:36:5474][restartedMain] INFO  o.s.b.d.a.OptionalLiveReloadServer - LiveReload server is running on port 35729
[2025-11-03 10:22:36:5500][restartedMain] INFO  o.a.coyote.http11.Http11NioProtocol - Starting ProtocolHandler ["http-nio-9090"]
[2025-11-03 10:22:36:5514][restartedMain] INFO  o.s.b.w.e.tomcat.TomcatWebServer - Tomcat started on port 9090 (http) with context path '/'
[2025-11-03 10:22:36:5522][restartedMain] INFO  back.code.ModuBackApplication - Started ModuBackApplication in 4.998 seconds (process running for 6.171)
[2025-11-03 10:23:17:46318][SpringApplicationShutdownHook] INFO  o.s.b.w.e.tomcat.GracefulShutdown - Commencing graceful shutdown. Waiting for active requests to complete
[2025-11-03 10:23:17:46323][tomcat-shutdown] INFO  o.s.b.w.e.tomcat.GracefulShutdown - Graceful shutdown complete
[2025-11-03 10:23:17:46340][SpringApplicationShutdownHook] INFO  o.s.o.j.LocalContainerEntityManagerFactoryBean - Closing JPA EntityManagerFactory for persistence unit 'default'
[2025-11-03 10:23:17:46343][SpringApplicationShutdownHook] INFO  com.zaxxer.hikari.HikariDataSource - HikariPool-1 - Shutdown initiated...
[2025-11-03 10:23:17:46347][SpringApplicationShutdownHook] INFO  com.zaxxer.hikari.HikariDataSource - HikariPool-1 - Shutdown completed.
